cgpa,tenth_percentage,twelfth_percentage,backlogs,internships,num_technical_skills,num_soft_skills,num_projects,num_certifications,experience_years,num_programming_languages,department,gender,college_tier,placed
9.11,98.2,72.1,0,1,6,3,3,1,0.8,2,Information Technology,Male,Tier-2,1
8.85,64.0,74.5,0,0,13,6,6,0,0.3,1,Computer Science,Female,Tier-1,1
8.95,74.5,71.5,1,0,12,9,1,4,0.7,6,Computer Science,Female,Tier-3,1
8.06,90.6,54.4,0,2,2,10,0,5,0.1,6,Computer Science,Female,Tier-3,1
9.9,82.3,83.4,0,2,2,0,6,0,0.2,1,Computer Science,Male,Tier-1,1
7.85,98.2,86.1,0,4,13,6,7,3,0.3,7,Computer Science,Female,Tier-3,1
9.45,74.4,60.0,0,0,13,5,4,5,3.0,5,Mechanical,Male,Tier-1,1
8.37,72.1,60.0,0,2,3,8,7,0,0.6,7,Chemical,Female,Tier-2,0
8.69,69.2,79.6,0,1,5,7,3,1,0.5,1,Information Technology,Male,Tier-3,1
9.52,71.7,79.5,0,1,12,1,7,5,1.5,8,Computer Science,Male,Tier-3,1
9.75,61.2,84.5,0,2,6,10,2,6,1.2,7,Electrical,Female,Tier-1,1
7.7,70.2,93.4,0,3,5,2,6,5,1.1,2,Computer Science,Male,Tier-3,1
9.0,63.5,61.2,0,1,12,2,5,1,0.9,3,Computer Science,Male,Tier-2,1
8.96,86.6,73.9,0,0,1,5,0,2,0.1,3,Computer Science,Male,Tier-2,0
7.69,95.8,62.0,3,1,13,1,4,2,0.5,1,Computer Science,Male,Tier-3,0
9.21,80.7,62.9,0,1,1,10,3,1,2.3,4,Mechanical,Male,Tier-1,0
7.86,69.9,69.4,0,2,7,1,5,6,3.2,2,Computer Science,Male,Tier-2,1
8.62,86.9,93.7,0,1,14,3,8,1,0.6,8,Electronics,Male,Tier-3,0
8.55,77.5,89.4,0,0,10,0,3,1,0.0,3,Electronics,Male,Tier-2,0
8.67,90.2,74.0,0,1,14,0,1,4,0.7,8,Civil,Male,Tier-1,1
8.24,66.7,47.0,3,0,7,0,7,5,0.3,4,Electronics,Male,Tier-3,0
9.39,67.5,80.1,0,2,13,4,0,6,0.2,8,Computer Science,Female,Tier-2,1
7.63,86.7,79.8,0,0,10,8,5,0,0.3,3,Information Technology,Male,Tier-3,1
9.05,77.8,62.9,1,1,6,3,3,4,0.1,4,Electrical,Male,Tier-3,0
8.37,89.1,85.8,0,2,9,7,5,6,0.0,8,Computer Science,Female,Tier-3,1
8.75,67.7,62.6,0,1,2,6,2,3,0.6,1,Information Technology,Female,Tier-1,1
8.96,83.2,85.8,0,2,1,5,8,2,0.3,6,Electrical,Male,Tier-3,0
8.1,84.6,78.1,0,2,11,8,2,0,0.3,7,Civil,Female,Tier-2,0
8.66,59.6,56.0,0,0,6,9,2,2,0.3,8,Information Technology,Female,Tier-1,1
8.73,78.0,70.3,0,1,6,0,4,6,0.7,4,Mechanical,Male,Tier-3,0
8.22,53.8,76.9,0,1,9,6,6,3,1.3,1,Computer Science,Male,Tier-2,1
8.37,95.6,78.9,2,1,11,8,5,1,1.1,6,Electronics,Male,Tier-1,1
8.96,62.2,88.4,0,1,10,9,6,2,3.7,7,Electrical,Male,Tier-1,1
7.38,75.7,90.1,0,1,1,1,8,1,2.5,4,Civil,Female,Tier-3,0
7.21,77.9,71.9,0,0,11,3,2,2,0.5,7,Computer Science,Female,Tier-2,1
8.43,66.5,82.3,1,1,1,4,4,6,1.7,4,Electronics,Male,Tier-2,1
8.79,99.0,95.9,0,0,12,10,4,3,0.2,8,Information Technology,Male,Tier-1,1
9.86,69.7,61.8,0,0,14,4,2,2,0.2,7,Electronics,Male,Tier-3,1
8.7,74.8,67.1,0,1,12,10,8,3,1.2,7,Computer Science,Male,Tier-3,1
7.63,69.7,53.5,0,1,10,6,8,6,0.2,4,Chemical,Female,Tier-2,0
7.1,69.6,66.8,0,0,12,9,5,0,0.6,7,Electronics,Male,Tier-2,1
8.6,76.7,77.7,0,1,6,7,4,4,0.4,2,Computer Science,Female,Tier-1,1
9.75,86.4,47.5,0,0,5,8,3,3,0.3,3,Mechanical,Male,Tier-2,0
7.48,79.9,80.7,0,2,11,4,3,2,0.2,7,Computer Science,Female,Tier-2,1
8.33,68.9,68.9,0,0,6,1,4,0,0.9,7,Computer Science,Male,Tier-2,1
8.82,77.9,74.2,1,0,6,1,1,6,0.1,7,Computer Science,Male,Tier-2,1
8.17,61.6,59.8,1,1,13,4,7,3,1.2,4,Information Technology,Female,Tier-2,1
9.41,92.2,73.7,0,1,4,4,6,2,2.3,1,Information Technology,Female,Tier-3,1
9.2,71.9,96.8,0,0,10,4,6,5,0.4,4,Electronics,Female,Tier-2,1
7.52,72.6,69.8,0,0,8,5,0,3,0.5,8,Electronics,Female,Tier-1,1
8.93,54.6,46.2,0,0,5,7,7,3,0.9,2,Information Technology,Female,Tier-3,0
9.25,71.9,90.8,0,0,6,10,0,1,1.1,8,Information Technology,Female,Tier-2,1
8.47,98.2,82.1,0,0,15,4,8,2,0.8,8,Mechanical,Female,Tier-1,1
7.72,85.3,76.2,1,1,2,2,5,4,1.2,2,Computer Science,Male,Tier-3,0
9.57,91.3,82.4,0,2,1,8,7,3,1.7,6,Mechanical,Male,Tier-1,1
7.67,79.4,76.1,0,1,8,3,0,0,4.6,7,Chemical,Male,Tier-3,0
8.09,46.6,96.4,0,0,6,7,5,2,0.5,8,Electronics,Female,Tier-1,1
9.05,78.8,84.8,0,2,13,8,0,4,0.9,2,Electronics,Male,Tier-3,0
9.58,80.4,69.1,0,1,9,10,2,2,0.5,4,Mechanical,Female,Tier-2,0
9.67,88.7,94.4,0,0,5,6,1,5,0.3,4,Electronics,Female,Tier-1,1
8.09,77.6,98.7,0,1,8,2,1,4,5.0,4,Computer Science,Male,Tier-3,1
9.59,68.7,86.8,0,0,7,9,3,4,0.0,7,Mechanical,Male,Tier-3,0
8.57,76.8,80.3,1,0,11,10,6,3,0.1,3,Electronics,Male,Tier-3,1
8.66,73.9,63.9,0,0,10,5,2,1,0.9,4,Chemical,Male,Tier-2,0
8.35,84.3,83.9,1,1,1,6,6,2,1.2,5,Computer Science,Male,Tier-2,1
9.53,76.8,80.0,0,0,7,6,8,0,1.3,8,Electronics,Male,Tier-3,1
7.12,66.1,74.7,1,1,4,7,3,5,1.2,7,Mechanical,Male,Tier-3,0
7.86,84.8,84.1,0,1,13,9,6,0,1.6,2,Mechanical,Male,Tier-2,0
9.59,69.1,76.1,1,1,6,4,0,1,1.4,4,Computer Science,Female,Tier-1,1
9.06,74.2,82.1,0,0,9,4,1,0,0.8,7,Information Technology,Female,Tier-3,1
8.23,72.4,88.5,0,2,15,1,7,2,0.6,6,Information Technology,Male,Tier-3,1
8.4,80.8,57.7,0,1,15,10,2,0,1.3,3,Mechanical,Male,Tier-3,0
8.4,61.5,61.7,0,1,13,1,4,5,1.3,1,Mechanical,Female,Tier-1,0
9.07,78.4,63.1,0,1,13,3,7,2,0.4,7,Computer Science,Male,Tier-2,1
7.23,91.0,99.0,2,0,13,6,4,4,0.0,8,Civil,Male,Tier-1,0
8.98,79.1,83.2,0,0,9,7,0,3,0.4,2,Electronics,Male,Tier-2,0
9.62,70.0,84.4,0,1,9,2,1,1,0.8,4,Information Technology,Male,Tier-1,1
8.44,73.6,89.7,0,1,5,0,2,1,0.7,4,Information Technology,Female,Tier-2,1
6.87,81.5,61.4,0,0,4,3,1,6,0.5,1,Information Technology,Male,Tier-2,1
9.88,84.7,48.5,0,0,6,5,8,0,2.7,3,Electronics,Female,Tier-3,1
9.87,96.0,74.2,0,0,10,5,4,2,0.6,5,Electronics,Male,Tier-1,1
7.76,58.5,86.7,1,4,15,8,0,5,0.1,7,Electrical,Male,Tier-1,1
9.11,81.2,72.4,0,0,5,6,7,3,0.2,1,Information Technology,Female,Tier-2,1
9.83,80.2,57.2,1,0,12,8,2,5,0.1,3,Information Technology,Female,Tier-2,1
8.23,77.2,63.2,0,2,10,9,8,0,0.3,6,Computer Science,Male,Tier-3,1
9.35,82.3,59.7,1,1,5,10,8,5,0.4,8,Information Technology,Male,Tier-2,1
7.74,75.2,67.0,0,1,8,4,5,3,0.4,3,Information Technology,Male,Tier-1,1
8.97,66.0,59.9,0,1,15,4,3,2,1.8,6,Information Technology,Male,Tier-3,1
8.79,80.6,76.9,0,1,10,4,8,5,1.5,7,Electronics,Female,Tier-3,1
8.68,85.8,67.9,0,1,5,4,8,0,0.7,7,Mechanical,Male,Tier-3,0
9.17,77.4,83.2,0,0,1,3,1,0,0.6,4,Computer Science,Male,Tier-2,1
8.6,90.7,62.3,0,2,5,5,5,5,0.5,8,Electronics,Male,Tier-3,1
9.28,75.2,78.3,0,0,13,0,3,6,0.0,6,Mechanical,Male,Tier-2,0
9.03,83.5,74.5,0,0,5,1,2,3,2.5,4,Computer Science,Female,Tier-3,1
6.91,59.0,80.1,0,0,5,8,5,0,0.3,8,Information Technology,Male,Tier-2,1
8.77,99.0,82.0,0,1,12,5,7,5,1.8,2,Computer Science,Male,Tier-2,1
9.43,75.3,83.4,5,1,3,5,8,3,1.4,4,Computer Science,Male,Tier-3,1
9.28,72.1,85.8,0,1,12,9,8,5,0.1,6,Mechanical,Male,Tier-1,1
9.35,74.8,82.0,0,1,12,3,1,5,0.4,6,Computer Science,Male,Tier-2,1
9.26,66.6,78.9,0,0,9,4,7,2,0.7,4,Information Technology,Female,Tier-3,0
8.31,64.0,66.3,0,0,5,8,7,3,0.3,3,Computer Science,Female,Tier-3,1
9.26,78.5,86.1,2,1,12,1,4,2,0.5,4,Computer Science,Female,Tier-1,1
8.54,79.4,65.9,3,0,2,2,3,2,0.3,4,Mechanical,Male,Tier-2,0
9.25,80.7,71.2,2,0,5,9,8,4,1.0,7,Mechanical,Male,Tier-2,1
9.0,77.6,63.8,1,2,9,7,3,3,0.4,8,Electronics,Male,Tier-3,0
9.48,77.0,63.5,5,1,14,8,3,1,0.4,4,Mechanical,Male,Tier-3,0
8.4,63.6,70.9,0,0,8,4,2,6,0.3,7,Civil,Female,Tier-1,0
8.88,72.2,72.0,2,1,6,2,2,4,1.6,6,Mechanical,Male,Tier-2,0
8.41,79.9,64.4,0,1,9,0,2,4,1.0,7,Electrical,Male,Tier-1,0
9.76,71.5,75.3,0,0,7,1,6,3,1.3,7,Computer Science,Male,Tier-3,1
9.77,81.5,77.0,0,0,2,3,4,4,0.5,5,Electrical,Female,Tier-2,1
7.66,76.4,67.9,0,0,14,3,8,4,1.8,5,Electronics,Female,Tier-3,1
7.66,76.3,99.0,0,0,1,4,1,6,0.5,2,Civil,Male,Tier-3,0
7.8,80.5,79.3,0,0,14,8,3,0,0.2,8,Mechanical,Female,Tier-3,0
6.75,83.8,76.5,0,3,13,1,1,6,0.7,6,Computer Science,Male,Tier-3,1
9.5,86.5,66.2,0,1,3,1,7,6,0.6,8,Civil,Female,Tier-2,1
9.36,99.0,76.8,0,2,11,4,3,2,0.1,1,Information Technology,Male,Tier-2,1
9.27,88.4,78.1,1,0,4,1,0,1,1.1,7,Information Technology,Male,Tier-1,1
9.15,60.2,75.0,0,0,9,9,2,3,1.7,3,Computer Science,Male,Tier-2,1
8.98,65.0,93.4,3,2,15,4,6,6,0.4,2,Mechanical,Male,Tier-3,0
9.82,74.7,52.9,0,1,5,4,2,0,1.4,3,Electronics,Female,Tier-2,0
8.34,68.8,70.1,1,2,2,6,4,5,0.9,7,Electrical,Female,Tier-3,0
7.44,82.7,84.3,0,0,10,3,1,5,0.3,1,Information Technology,Female,Tier-2,1
9.07,84.0,63.3,0,2,5,1,7,1,0.4,1,Electronics,Male,Tier-1,1
8.69,72.2,54.9,0,1,13,7,3,6,2.9,6,Information Technology,Female,Tier-2,1
7.75,92.3,68.3,0,0,2,0,0,6,0.2,8,Civil,Male,Tier-1,0
8.02,95.5,88.6,5,1,9,9,3,1,0.2,2,Electronics,Male,Tier-3,0
9.55,56.3,63.7,0,1,6,0,7,0,0.1,5,Electronics,Male,Tier-1,1
9.92,60.9,70.4,1,0,12,10,8,5,2.1,7,Chemical,Male,Tier-2,0
8.44,91.2,80.5,0,4,12,6,0,3,1.1,8,Information Technology,Male,Tier-2,1
8.25,88.4,67.5,0,1,12,3,5,2,0.1,5,Electronics,Female,Tier-3,0
9.48,84.0,69.3,0,0,5,2,3,6,1.5,5,Electronics,Female,Tier-2,1
8.39,78.1,66.5,0,0,2,0,7,0,1.0,4,Computer Science,Male,Tier-3,0
6.85,76.8,67.6,3,0,7,7,0,4,4.3,4,Electronics,Male,Tier-1,0
9.32,84.4,59.9,0,0,7,7,4,5,0.7,2,Information Technology,Male,Tier-1,1
8.97,80.1,71.7,0,1,2,3,0,6,0.7,4,Mechanical,Male,Tier-3,0
9.09,93.7,88.8,0,1,10,1,3,1,0.3,8,Mechanical,Male,Tier-3,0
9.65,69.8,95.6,0,1,6,3,1,4,0.2,3,Mechanical,Male,Tier-2,1
8.98,78.2,91.2,0,1,10,6,8,3,1.3,2,Information Technology,Male,Tier-3,1
9.03,88.7,76.8,0,0,10,3,1,5,0.5,8,Computer Science,Female,Tier-2,1
8.9,80.0,96.6,0,3,3,10,3,5,1.3,2,Electronics,Female,Tier-2,1
8.46,86.1,99.0,4,0,8,10,2,2,1.5,8,Electronics,Female,Tier-3,0
6.94,85.9,77.4,0,0,14,2,0,2,2.3,1,Computer Science,Male,Tier-3,0
9.11,72.9,62.1,0,1,5,9,0,2,0.6,1,Electronics,Male,Tier-1,0
9.21,65.8,92.1,0,1,8,0,1,5,0.1,2,Information Technology,Male,Tier-2,1
7.95,69.0,59.4,0,4,7,8,7,6,0.0,5,Electronics,Female,Tier-2,1
7.36,65.0,63.5,0,3,14,4,1,6,0.3,1,Information Technology,Male,Tier-2,1
8.83,55.7,47.9,0,2,13,1,0,4,2.7,4,Electronics,Male,Tier-2,1
9.41,91.1,84.5,0,1,11,5,5,6,1.4,7,Electrical,Female,Tier-3,1
9.36,55.4,44.9,0,0,8,1,0,3,0.8,8,Civil,Male,Tier-3,0
7.82,99.0,87.9,0,1,12,5,8,4,0.3,7,Mechanical,Male,Tier-2,1
8.26,71.7,98.5,0,0,1,8,5,5,1.2,2,Mechanical,Female,Tier-1,1
7.9,74.7,97.5,0,0,6,1,5,1,1.4,3,Electrical,Male,Tier-3,0
7.58,59.8,58.5,1,0,13,0,0,2,0.3,2,Electronics,Male,Tier-3,0
9.86,82.6,50.8,0,0,13,6,6,3,1.2,3,Electronics,Female,Tier-2,1
8.35,74.9,66.6,0,1,11,7,2,4,0.1,1,Electrical,Female,Tier-2,1
9.51,78.7,86.4,0,0,13,1,0,6,0.1,5,Mechanical,Female,Tier-3,0
8.03,68.6,90.6,3,0,13,3,8,4,0.1,6,Electronics,Male,Tier-3,0
9.18,83.8,83.6,1,2,12,7,7,6,1.7,3,Information Technology,Male,Tier-3,1
9.36,68.1,81.9,0,1,3,3,3,4,0.3,5,Electronics,Male,Tier-3,0
8.95,78.9,99.0,0,3,14,8,2,4,0.9,6,Computer Science,Male,Tier-3,1
9.23,83.5,68.8,0,1,5,0,1,5,0.2,3,Mechanical,Female,Tier-3,0
9.26,95.4,64.9,1,0,2,9,1,4,0.6,5,Electronics,Male,Tier-1,1
9.35,87.7,59.5,0,0,11,6,2,1,0.0,8,Electronics,Male,Tier-2,1
8.33,79.1,80.6,0,1,4,2,0,2,2.0,3,Civil,Female,Tier-3,0
7.59,77.9,72.7,0,2,6,10,6,6,0.8,2,Information Technology,Female,Tier-1,1
9.97,81.8,85.7,0,0,1,9,1,4,2.2,8,Electronics,Female,Tier-2,1
6.96,87.2,69.1,0,2,13,10,5,1,0.6,8,Electronics,Male,Tier-2,1
7.6,69.1,83.2,0,1,2,10,5,5,0.4,6,Information Technology,Male,Tier-2,1
9.24,88.8,70.0,0,0,2,2,3,6,0.5,8,Information Technology,Female,Tier-2,0
9.18,66.8,72.9,0,1,9,10,3,3,0.3,2,Electronics,Male,Tier-1,1
9.49,83.5,74.1,0,1,11,6,0,3,2.2,1,Information Technology,Male,Tier-3,1
9.4,84.5,52.9,0,0,12,5,5,5,0.4,2,Electrical,Male,Tier-1,1
9.62,69.9,73.2,0,0,5,2,7,1,0.3,8,Chemical,Female,Tier-3,0
7.7,59.5,82.3,1,1,5,1,3,6,1.0,8,Computer Science,Male,Tier-1,1
6.64,74.8,62.2,0,1,6,10,0,1,0.1,7,Electronics,Female,Tier-2,0
9.63,46.4,99.0,0,0,13,10,3,6,0.2,4,Computer Science,Male,Tier-1,1
8.28,75.9,75.1,1,2,10,5,1,1,0.6,1,Computer Science,Male,Tier-3,1
7.89,63.0,66.9,0,0,3,9,3,3,0.2,2,Civil,Male,Tier-3,0
9.6,99.0,66.5,0,0,9,6,7,4,0.3,2,Computer Science,Male,Tier-2,1
8.27,90.7,92.8,0,0,3,8,2,6,1.2,4,Mechanical,Male,Tier-1,1
7.99,78.9,64.3,0,2,4,8,4,6,0.3,5,Information Technology,Female,Tier-2,1
9.04,94.0,78.9,0,1,12,8,1,2,1.0,2,Electronics,Male,Tier-1,1
9.36,86.5,86.5,0,1,15,10,8,4,0.7,3,Information Technology,Female,Tier-2,1
8.16,64.0,82.2,1,3,9,9,2,6,1.5,5,Electronics,Male,Tier-1,1
7.78,70.5,67.7,0,1,10,0,0,0,1.4,3,Information Technology,Female,Tier-3,0
8.84,90.4,85.9,0,0,8,3,6,1,0.2,7,Computer Science,Female,Tier-3,1
7.0,66.5,77.0,0,1,6,3,4,4,2.9,6,Computer Science,Male,Tier-2,1
8.66,82.7,52.6,0,1,8,9,8,2,1.6,5,Chemical,Female,Tier-3,0
8.73,86.1,90.9,0,0,1,7,2,4,0.8,8,Information Technology,Female,Tier-2,1
8.69,74.9,67.0,0,0,14,2,0,0,0.8,6,Civil,Male,Tier-1,0
8.63,79.8,72.7,0,1,4,0,6,0,1.8,3,Information Technology,Female,Tier-2,1
8.83,88.0,79.0,0,0,10,2,7,4,0.7,2,Mechanical,Female,Tier-1,1
7.55,87.4,68.1,0,0,11,5,1,5,0.7,6,Civil,Male,Tier-3,0
8.86,83.4,84.8,0,1,4,6,1,5,1.0,3,Mechanical,Male,Tier-3,0
8.56,77.8,60.7,0,2,2,8,8,5,0.1,2,Computer Science,Female,Tier-1,1
9.17,85.0,67.5,0,0,2,4,3,2,0.9,4,Computer Science,Male,Tier-2,1
8.88,53.7,90.9,0,1,13,4,0,4,0.3,3,Electrical,Male,Tier-2,1
8.89,95.7,75.3,0,1,11,2,8,1,0.1,1,Electronics,Male,Tier-1,1
8.34,76.4,61.3,0,1,10,2,8,2,1.7,7,Electronics,Male,Tier-2,1
8.46,69.2,76.0,0,4,9,8,5,3,0.5,8,Computer Science,Male,Tier-2,1
9.87,85.2,80.2,4,1,6,2,5,2,0.7,1,Electronics,Male,Tier-3,0
9.94,84.9,54.4,0,1,7,2,8,4,0.3,3,Electronics,Male,Tier-1,1
9.63,66.3,96.5,1,4,11,8,1,4,0.0,7,Mechanical,Male,Tier-3,1
8.89,78.8,98.3,0,0,11,3,8,3,0.6,2,Information Technology,Male,Tier-2,1
8.62,78.4,76.6,0,0,15,5,3,0,1.4,5,Mechanical,Female,Tier-2,1
7.4,77.7,72.4,0,1,4,0,3,4,1.4,4,Mechanical,Male,Tier-3,0
9.12,97.5,75.3,3,0,3,10,8,0,2.6,8,Electronics,Female,Tier-2,1
8.13,77.8,86.6,0,0,3,1,6,0,1.8,3,Information Technology,Male,Tier-2,0
7.35,76.4,80.9,0,0,5,10,4,1,4.0,6,Information Technology,Male,Tier-3,0
8.82,69.8,78.1,0,1,11,2,7,5,0.8,4,Electronics,Female,Tier-3,0
9.92,68.1,93.0,0,2,14,1,0,0,0.1,2,Electronics,Male,Tier-2,1
7.49,82.7,89.7,0,0,6,10,6,2,2.0,1,Electronics,Male,Tier-3,0
8.9,72.4,62.5,0,1,14,9,3,5,3.0,2,Information Technology,Male,Tier-3,1
8.83,75.7,86.5,0,0,2,2,1,0,0.6,2,Electrical,Male,Tier-3,0
8.91,80.4,90.0,1,1,7,4,1,5,0.1,3,Information Technology,Female,Tier-2,1
9.28,78.8,78.6,2,1,7,0,8,6,0.0,4,Mechanical,Male,Tier-2,0
7.99,79.6,82.8,1,2,1,0,5,6,1.0,5,Electrical,Male,Tier-3,0
8.39,79.6,71.0,1,0,15,10,3,1,1.1,4,Mechanical,Female,Tier-2,0
9.05,85.5,59.3,0,1,14,6,1,4,0.0,5,Information Technology,Male,Tier-3,1
7.93,99.0,99.0,3,0,13,8,6,4,3.0,1,Information Technology,Male,Tier-3,1
7.74,92.8,57.6,0,1,13,8,8,3,0.8,4,Civil,Male,Tier-3,0
8.8,73.7,96.9,1,2,13,6,1,0,0.9,5,Electronics,Male,Tier-3,0
8.48,92.6,74.2,0,2,13,10,3,2,0.8,4,Electronics,Female,Tier-3,1
8.69,65.4,91.2,0,0,12,10,0,6,0.4,2,Electronics,Female,Tier-3,1
9.59,71.2,75.3,0,2,7,1,0,6,2.3,1,Electronics,Male,Tier-2,0
9.24,86.5,87.2,0,0,13,10,2,3,0.0,4,Electrical,Male,Tier-2,1
8.45,86.1,80.8,2,0,4,6,0,3,1.4,6,Electrical,Male,Tier-3,0
8.86,85.2,66.3,1,2,4,8,3,6,0.4,2,Computer Science,Male,Tier-3,1
7.65,70.9,76.7,0,0,3,6,5,1,0.2,6,Electronics,Male,Tier-3,0
7.17,71.0,73.1,0,0,9,1,4,4,0.6,2,Electronics,Female,Tier-1,0
8.68,79.6,83.4,0,0,3,6,8,0,0.2,1,Electrical,Female,Tier-2,1
9.11,75.0,76.8,0,0,4,3,1,5,2.0,4,Computer Science,Male,Tier-1,1
9.5,88.7,78.7,0,0,3,7,1,5,1.6,8,Civil,Female,Tier-2,0
9.54,74.7,61.7,0,2,8,2,2,0,1.9,6,Mechanical,Male,Tier-2,1
9.53,74.3,58.4,0,1,8,4,3,4,1.8,3,Mechanical,Female,Tier-1,1
9.41,58.5,75.9,3,1,10,2,8,5,1.7,7,Information Technology,Male,Tier-3,1
8.34,88.5,77.4,0,0,8,6,5,1,0.9,7,Mechanical,Female,Tier-2,0
8.17,81.9,61.3,0,1,15,2,8,6,2.3,3,Information Technology,Female,Tier-3,1
8.35,50.6,82.4,1,1,5,9,4,1,0.1,6,Mechanical,Male,Tier-2,0
8.49,83.3,83.0,1,2,13,4,8,1,0.3,7,Civil,Female,Tier-3,0
8.88,73.2,77.0,5,3,15,0,8,2,0.2,3,Civil,Male,Tier-2,0
7.48,87.3,75.2,0,1,7,3,0,0,0.1,2,Electronics,Male,Tier-2,0
9.59,76.7,58.5,0,4,12,5,8,6,0.0,4,Information Technology,Male,Tier-2,1
7.93,68.3,58.3,0,0,3,1,6,1,0.5,8,Computer Science,Male,Tier-3,1
8.32,98.7,80.1,0,0,15,5,7,1,1.3,5,Computer Science,Male,Tier-3,1
8.77,96.9,64.2,0,1,8,9,2,4,1.0,4,Computer Science,Female,Tier-3,1
8.67,75.8,65.1,0,0,10,6,0,3,1.1,1,Information Technology,Male,Tier-1,1
9.31,82.5,78.6,0,0,2,7,3,3,2.2,5,Computer Science,Male,Tier-2,1
7.5,72.5,99.0,1,2,8,2,0,3,3.2,1,Computer Science,Male,Tier-2,1
8.29,57.5,69.8,2,1,6,9,0,0,1.1,8,Computer Science,Male,Tier-2,1
9.73,93.8,99.0,0,0,2,10,3,2,0.1,6,Electronics,Female,Tier-1,1
7.86,68.4,74.0,0,1,12,2,7,0,1.1,6,Electronics,Female,Tier-1,1
8.28,93.3,82.3,1,2,6,4,0,5,0.8,4,Mechanical,Male,Tier-1,0
8.81,86.4,87.5,0,2,11,2,8,4,0.1,1,Electronics,Male,Tier-2,1
8.94,81.4,88.4,1,1,10,8,5,1,0.3,7,Mechanical,Female,Tier-1,1
8.57,77.5,79.4,1,1,2,6,4,0,0.3,2,Electrical,Male,Tier-2,0
9.23,86.4,72.0,0,1,3,4,8,3,1.5,3,Information Technology,Female,Tier-3,1
8.84,66.8,85.8,0,1,11,4,8,2,0.4,7,Mechanical,Male,Tier-2,1
7.67,94.0,80.5,0,1,5,0,8,4,0.7,7,Mechanical,Male,Tier-3,0
7.79,79.7,69.3,0,1,1,8,2,1,1.5,4,Mechanical,Male,Tier-2,0
8.93,95.9,93.3,0,1,9,1,7,6,2.8,5,Electronics,Male,Tier-1,1
8.36,76.5,80.9,0,4,10,6,3,2,0.8,8,Mechanical,Female,Tier-2,1
9.35,79.7,65.3,1,0,3,6,3,0,0.8,5,Civil,Male,Tier-2,0
8.13,81.2,63.7,0,0,13,1,6,0,0.1,1,Information Technology,Male,Tier-3,0
9.39,84.9,99.0,3,1,12,7,7,2,0.7,3,Mechanical,Male,Tier-1,1
8.85,99.0,68.6,0,0,1,7,3,2,1.2,7,Computer Science,Male,Tier-2,1
9.76,72.7,84.8,1,1,6,8,5,1,0.2,6,Mechanical,Female,Tier-3,1
8.73,76.5,79.9,0,0,1,1,0,6,0.1,4,Electrical,Male,Tier-3,0
9.26,77.8,84.3,0,1,3,0,1,3,2.0,2,Civil,Male,Tier-1,1
8.36,50.2,99.0,0,3,7,8,4,6,0.1,1,Electronics,Female,Tier-2,1
6.95,71.3,88.0,0,1,4,2,3,6,2.4,4,Computer Science,Female,Tier-2,1
8.61,72.1,85.9,0,0,9,9,2,2,0.3,4,Electrical,Male,Tier-3,1
8.16,99.0,72.4,1,3,7,1,5,1,0.4,6,Civil,Male,Tier-3,0
8.35,81.1,66.4,0,0,5,9,5,2,0.7,8,Mechanical,Female,Tier-3,0
7.12,83.9,99.0,3,1,9,1,7,5,0.2,3,Civil,Female,Tier-1,0
9.33,60.4,74.5,0,1,3,1,1,2,1.2,7,Electronics,Female,Tier-3,0
9.84,77.2,73.6,0,4,11,7,6,5,0.7,7,Chemical,Female,Tier-2,1
9.96,89.2,78.8,0,0,14,2,6,3,2.9,5,Civil,Female,Tier-3,0
8.85,99.0,77.5,5,1,14,0,1,1,2.4,6,Computer Science,Female,Tier-2,1
8.21,69.8,95.7,0,0,8,7,5,0,1.5,3,Information Technology,Female,Tier-2,1
9.58,56.2,82.0,0,0,8,1,4,1,0.2,1,Computer Science,Male,Tier-2,0
8.64,68.7,58.0,2,3,4,5,1,1,0.2,1,Computer Science,Male,Tier-2,1
9.2,68.7,66.4,0,1,1,7,8,1,0.3,6,Electronics,Male,Tier-2,1
8.41,68.9,75.1,0,1,4,9,7,3,1.8,3,Information Technology,Male,Tier-3,1
7.97,88.9,88.3,0,0,15,8,6,3,1.0,4,Electrical,Male,Tier-2,0
8.78,82.1,55.2,0,1,9,0,5,4,0.2,5,Computer Science,Male,Tier-3,1
9.29,64.5,81.4,0,2,10,8,4,5,0.6,8,Computer Science,Female,Tier-2,1
8.75,95.0,84.5,1,1,1,7,8,0,3.7,1,Electrical,Female,Tier-2,0
9.19,99.0,86.5,1,1,3,5,4,3,1.3,3,Computer Science,Male,Tier-3,1
9.3,57.5,74.0,0,3,8,4,5,5,2.7,1,Computer Science,Male,Tier-2,1
8.83,92.1,88.6,0,2,3,5,2,3,1.7,5,Electronics,Female,Tier-1,1
9.39,76.0,64.4,0,1,2,1,8,1,1.3,6,Computer Science,Female,Tier-3,1
9.18,66.7,87.3,0,1,1,10,7,1,1.8,2,Computer Science,Female,Tier-3,1
8.71,60.5,74.2,0,1,9,2,8,5,1.2,8,Electronics,Female,Tier-3,1
9.78,72.6,75.6,0,0,11,8,0,2,0.8,2,Computer Science,Female,Tier-3,1
7.35,71.7,75.4,0,1,10,2,0,2,1.3,6,Civil,Male,Tier-3,0
8.12,79.8,83.5,0,4,3,9,1,2,0.3,4,Information Technology,Female,Tier-3,1
9.25,99.0,60.6,0,3,7,6,3,5,0.7,4,Computer Science,Female,Tier-3,1
9.84,71.9,86.5,1,2,10,10,4,3,3.0,2,Mechanical,Female,Tier-1,1
8.54,61.1,86.3,0,0,3,3,6,2,1.7,7,Civil,Male,Tier-2,0
8.83,74.0,71.1,0,4,13,10,3,0,2.6,5,Computer Science,Female,Tier-2,1
7.88,90.5,75.0,0,1,8,8,0,5,3.4,3,Computer Science,Male,Tier-3,1
9.34,75.0,63.8,0,0,9,3,7,2,0.9,3,Electronics,Female,Tier-2,1
9.32,85.8,59.9,0,1,12,9,2,4,0.2,6,Electronics,Female,Tier-2,0
9.28,80.0,77.6,0,2,8,9,8,4,1.4,7,Computer Science,Male,Tier-3,1
8.95,78.7,77.7,0,0,5,5,1,1,0.0,5,Information Technology,Female,Tier-3,0
9.47,97.0,70.6,0,2,11,1,0,3,0.1,3,Electrical,Female,Tier-2,0
8.84,66.4,58.8,1,2,10,6,7,5,0.3,4,Electrical,Male,Tier-3,0
8.86,65.5,80.9,0,0,12,2,2,4,0.0,3,Information Technology,Female,Tier-2,1
8.97,67.1,70.3,0,2,2,0,0,0,1.1,6,Computer Science,Male,Tier-3,1
8.95,82.1,65.3,0,3,6,6,2,1,1.7,3,Electronics,Male,Tier-2,1
8.19,78.6,91.6,0,0,8,4,7,4,1.4,7,Computer Science,Male,Tier-3,1
8.03,86.5,62.3,0,0,2,10,3,6,0.2,4,Computer Science,Male,Tier-2,1
7.55,77.1,82.3,2,0,6,6,6,2,1.6,6,Computer Science,Male,Tier-2,1
7.86,75.7,55.5,0,0,7,0,7,4,1.8,1,Computer Science,Male,Tier-3,0
8.72,81.9,56.3,0,1,14,4,6,4,0.1,6,Computer Science,Male,Tier-2,1
9.0,98.4,81.3,0,0,9,1,0,1,0.7,2,Mechanical,Male,Tier-1,0
9.05,64.1,70.6,0,3,11,0,3,3,1.2,3,Electronics,Female,Tier-3,0
8.49,67.0,59.8,0,4,9,5,8,2,0.5,2,Electrical,Male,Tier-2,0
9.81,78.5,87.3,0,0,14,4,6,2,2.2,2,Mechanical,Female,Tier-3,0
8.49,99.0,79.8,0,1,2,3,0,6,0.8,5,Electronics,Male,Tier-1,1
9.14,65.1,47.3,0,1,1,0,7,2,0.1,7,Information Technology,Male,Tier-2,1
9.79,77.9,87.5,0,1,13,4,3,2,0.8,5,Civil,Female,Tier-2,0
7.58,67.5,61.2,0,0,7,6,6,3,0.9,5,Computer Science,Male,Tier-1,1
8.68,82.8,52.8,0,0,6,0,5,2,3.1,6,Mechanical,Male,Tier-1,0
9.72,53.2,64.3,0,0,10,3,6,3,0.5,1,Computer Science,Female,Tier-3,1
9.52,65.6,74.5,0,0,10,5,0,1,2.2,8,Electronics,Female,Tier-2,1
8.83,93.3,76.0,0,2,13,7,5,0,0.4,1,Electrical,Male,Tier-2,0
9.38,78.1,53.7,0,0,10,6,2,3,0.6,2,Computer Science,Male,Tier-2,0
9.5,69.1,56.6,0,0,12,6,3,2,1.1,2,Computer Science,Female,Tier-2,1
8.99,77.5,65.1,0,1,4,7,0,1,2.2,7,Information Technology,Male,Tier-2,1
8.93,77.2,65.9,0,0,11,6,7,1,1.5,2,Electronics,Male,Tier-2,0
8.58,84.7,84.9,0,0,11,3,1,4,0.2,2,Mechanical,Female,Tier-3,0
9.21,53.1,69.6,0,1,9,10,2,4,0.2,4,Computer Science,Male,Tier-2,1
9.86,65.6,84.7,0,1,1,5,6,0,0.1,2,Computer Science,Male,Tier-2,1
8.37,66.5,89.2,0,0,7,1,1,0,1.0,7,Information Technology,Male,Tier-3,0
9.69,85.6,82.2,0,1,5,7,3,4,0.6,5,Computer Science,Male,Tier-2,1
7.3,77.9,35.0,3,1,5,2,6,5,2.1,2,Chemical,Male,Tier-2,0
7.91,95.3,71.0,0,1,6,3,2,4,4.5,7,Electronics,Male,Tier-1,1
8.43,87.9,72.8,1,1,15,1,1,1,2.1,6,Information Technology,Male,Tier-2,1
8.96,73.8,74.3,0,0,2,8,7,6,0.0,5,Chemical,Female,Tier-2,0
8.65,77.4,47.9,0,1,11,1,1,6,2.9,5,Mechanical,Male,Tier-3,0
7.67,93.5,65.1,0,1,14,5,6,3,0.1,2,Electronics,Male,Tier-3,0
6.89,95.2,57.3,2,2,11,2,2,4,0.6,2,Computer Science,Female,Tier-2,1
8.79,76.9,63.0,0,2,3,5,3,2,0.4,3,Information Technology,Male,Tier-2,1
8.92,66.2,71.6,0,1,11,3,5,3,0.2,5,Information Technology,Female,Tier-2,1
9.57,52.8,65.4,0,1,9,7,2,5,0.2,2,Mechanical,Male,Tier-1,1
7.12,52.8,63.9,0,1,4,2,0,3,0.4,6,Civil,Male,Tier-3,0
7.93,83.7,72.4,0,2,6,7,7,2,0.0,6,Computer Science,Male,Tier-3,1
9.31,83.4,68.6,0,2,13,2,3,6,0.1,2,Civil,Male,Tier-3,0
9.36,69.9,77.6,5,0,13,4,0,2,1.3,3,Information Technology,Female,Tier-3,0
9.8,93.6,69.5,0,0,3,10,1,2,1.0,4,Computer Science,Male,Tier-3,1
7.02,75.5,54.6,0,0,3,1,5,1,0.1,7,Computer Science,Female,Tier-1,1
9.17,70.9,61.6,0,0,9,5,0,6,0.6,5,Electronics,Female,Tier-2,0
8.99,92.1,70.7,1,3,9,6,8,4,0.9,5,Civil,Female,Tier-2,1
9.74,90.5,69.2,0,0,13,7,6,5,0.1,8,Electronics,Male,Tier-2,1
7.39,77.4,56.6,0,0,3,3,7,4,3.6,3,Electronics,Female,Tier-3,1
8.37,84.2,83.8,0,2,3,8,7,1,1.9,8,Computer Science,Female,Tier-3,1
9.18,85.7,79.1,0,0,15,1,5,6,0.3,4,Electronics,Female,Tier-3,1
9.1,99.0,67.2,1,0,6,7,7,3,0.7,1,Mechanical,Male,Tier-2,0
8.45,76.4,72.9,0,1,13,5,6,1,0.7,7,Computer Science,Male,Tier-3,1
9.47,63.8,61.1,0,1,1,3,0,4,0.4,6,Chemical,Female,Tier-3,0
7.06,85.5,86.1,0,0,14,1,2,0,1.4,6,Computer Science,Female,Tier-3,1
7.37,78.7,99.0,0,1,5,3,8,1,1.1,8,Mechanical,Male,Tier-2,0
8.9,79.3,66.6,0,0,9,2,7,0,2.0,3,Electronics,Female,Tier-1,1
8.67,77.6,90.9,0,1,9,3,4,0,0.0,2,Electrical,Female,Tier-2,0
9.28,58.9,63.8,0,1,8,3,0,5,0.9,2,Information Technology,Male,Tier-2,1
8.8,81.1,68.1,2,2,6,10,1,2,4.9,7,Electronics,Male,Tier-3,0
8.14,73.7,93.6,0,1,14,6,8,2,1.6,2,Electronics,Male,Tier-3,0
9.66,74.3,73.4,0,1,9,0,7,2,0.4,1,Electrical,Male,Tier-2,1
8.59,73.2,83.9,4,1,3,8,8,0,0.2,2,Civil,Male,Tier-2,0
8.4,77.5,71.5,0,0,13,4,1,4,0.6,1,Information Technology,Female,Tier-2,1
9.9,81.1,51.6,0,0,9,2,2,2,0.6,8,Chemical,Male,Tier-2,1
7.48,77.6,99.0,2,1,8,6,2,5,0.9,3,Mechanical,Female,Tier-1,1
8.54,91.9,72.2,0,0,12,6,0,2,0.1,1,Computer Science,Female,Tier-1,1
9.1,87.1,77.0,0,1,15,7,1,3,0.5,2,Computer Science,Male,Tier-1,1
8.48,77.1,65.5,0,0,1,9,4,5,1.9,5,Civil,Male,Tier-1,0
8.06,65.6,85.1,0,2,9,3,6,0,1.0,2,Mechanical,Female,Tier-2,0
9.2,85.0,84.2,1,4,8,8,5,0,0.6,6,Information Technology,Female,Tier-3,1
8.22,74.2,54.8,1,0,8,1,1,2,0.4,1,Computer Science,Female,Tier-1,0
9.45,76.0,77.2,0,1,6,5,7,3,0.3,6,Computer Science,Female,Tier-3,1
7.17,62.2,86.4,1,1,9,2,3,3,1.4,1,Information Technology,Male,Tier-3,1
8.98,83.0,90.6,0,2,15,7,1,1,0.6,4,Electrical,Male,Tier-3,1
8.22,99.0,83.4,0,0,8,7,3,1,0.3,4,Information Technology,Female,Tier-3,0
9.05,71.9,84.5,2,1,2,5,7,2,1.7,4,Mechanical,Male,Tier-3,1
9.47,85.5,68.0,1,1,6,3,0,5,0.3,8,Computer Science,Male,Tier-3,1
8.32,93.0,59.0,0,0,12,7,8,0,0.1,2,Electronics,Male,Tier-1,1
8.79,71.7,71.0,0,0,11,5,7,5,0.8,7,Information Technology,Male,Tier-2,1
7.06,48.9,58.7,0,0,15,8,7,3,0.3,7,Computer Science,Male,Tier-3,0
7.43,86.3,65.4,0,2,8,6,8,3,0.0,1,Civil,Female,Tier-1,1
9.12,79.0,65.2,0,0,14,8,6,3,0.7,8,Civil,Female,Tier-2,1
8.71,81.7,62.8,0,1,13,7,8,0,2.2,4,Information Technology,Male,Tier-1,1
9.71,78.7,81.9,0,0,13,3,0,6,1.0,5,Mechanical,Male,Tier-3,0
9.17,91.9,61.8,1,0,6,5,0,1,0.0,3,Information Technology,Male,Tier-2,1
8.2,76.8,98.9,0,1,13,6,3,6,0.5,3,Computer Science,Male,Tier-3,1
8.43,99.0,87.9,0,2,14,3,1,2,0.3,4,Information Technology,Female,Tier-2,1
8.62,86.4,90.5,2,1,11,3,7,1,1.1,4,Electronics,Male,Tier-1,1
8.27,90.1,66.0,0,1,9,9,0,3,0.6,7,Information Technology,Male,Tier-3,1
7.65,78.1,77.6,0,1,12,2,3,5,0.2,8,Chemical,Male,Tier-3,0
9.08,81.7,61.4,0,1,5,9,8,5,0.6,8,Electronics,Male,Tier-3,1
9.27,57.7,77.8,0,1,8,5,1,3,2.7,4,Information Technology,Male,Tier-2,1
9.79,71.1,52.0,0,2,10,10,5,0,0.5,3,Mechanical,Male,Tier-1,1
8.89,90.9,88.8,0,1,2,1,3,6,2.0,8,Information Technology,Male,Tier-3,1
9.48,77.2,66.6,0,1,12,10,3,0,0.6,4,Computer Science,Female,Tier-2,1
8.46,64.5,78.9,0,1,5,3,5,6,1.4,8,Computer Science,Male,Tier-2,1
8.49,69.8,81.4,0,0,1,7,3,6,1.5,6,Information Technology,Male,Tier-3,0
9.69,69.7,67.8,0,0,5,2,8,0,1.4,5,Computer Science,Female,Tier-2,1
9.4,77.5,64.6,0,0,7,7,7,2,1.0,5,Information Technology,Male,Tier-3,1
9.26,68.0,73.4,4,1,1,6,7,4,3.0,8,Civil,Female,Tier-2,0
7.24,95.1,85.4,1,0,13,6,4,5,2.6,7,Information Technology,Male,Tier-3,1
8.86,80.5,73.1,1,0,10,10,5,6,0.4,5,Electronics,Male,Tier-2,1
9.59,61.3,82.8,0,2,3,8,0,4,1.2,8,Electrical,Male,Tier-2,1
9.33,96.4,85.3,0,1,6,3,0,5,1.1,8,Mechanical,Male,Tier-1,1
9.18,77.5,72.5,0,0,12,10,8,6,0.2,5,Electronics,Female,Tier-3,0
9.57,84.1,73.5,1,1,1,7,3,6,0.3,6,Electrical,Female,Tier-2,1
7.76,81.7,76.8,0,0,3,1,2,6,0.4,6,Information Technology,Male,Tier-3,0
8.64,83.0,89.9,0,1,8,2,4,2,0.4,1,Computer Science,Female,Tier-1,1
9.57,73.9,70.5,0,1,9,3,8,5,1.9,4,Mechanical,Female,Tier-2,1
9.58,82.0,89.8,0,0,7,8,8,2,1.4,2,Computer Science,Female,Tier-2,1
6.87,76.2,78.3,0,0,4,0,2,2,1.6,7,Information Technology,Male,Tier-3,0
6.87,82.3,65.4,4,0,7,6,6,1,2.4,1,Information Technology,Male,Tier-1,1
8.2,75.8,74.5,0,0,7,1,2,5,0.7,2,Chemical,Female,Tier-3,0
8.84,74.5,60.4,0,0,11,4,2,2,1.8,2,Information Technology,Female,Tier-3,0
8.28,60.5,57.5,0,4,7,0,3,1,1.2,1,Mechanical,Female,Tier-2,0
8.44,77.9,82.9,0,1,8,5,1,5,0.6,4,Information Technology,Male,Tier-2,1
8.21,80.7,85.4,0,2,11,2,5,0,0.2,1,Chemical,Male,Tier-2,0
8.84,99.0,74.6,1,1,14,5,4,5,0.6,3,Computer Science,Male,Tier-3,1
6.9,83.8,75.6,0,1,14,7,1,3,0.2,8,Electrical,Female,Tier-2,0
9.4,69.3,67.5,0,0,4,7,1,4,0.3,6,Electronics,Female,Tier-2,1
8.61,65.8,77.2,0,0,4,3,1,3,0.3,8,Information Technology,Male,Tier-1,1
9.19,81.2,99.0,0,1,9,6,3,4,1.4,5,Mechanical,Male,Tier-1,1
7.24,69.1,88.1,0,2,8,5,2,0,0.7,8,Computer Science,Female,Tier-3,1
8.5,71.2,74.0,1,0,15,1,8,4,1.6,6,Electronics,Male,Tier-2,1
9.66,69.0,72.9,0,1,11,5,4,0,2.1,6,Computer Science,Female,Tier-2,1
8.46,74.1,70.1,3,0,4,1,0,5,0.9,6,Computer Science,Male,Tier-2,0
9.32,86.8,56.7,1,1,6,3,1,3,0.5,6,Electrical,Female,Tier-3,0
8.86,54.1,68.7,0,1,9,4,6,1,1.9,1,Chemical,Male,Tier-3,0
7.91,93.5,83.8,1,1,13,8,7,5,0.8,1,Chemical,Female,Tier-2,1
9.97,75.6,62.9,0,0,14,2,5,6,1.9,3,Civil,Female,Tier-1,1
9.12,70.4,71.4,0,0,12,4,6,5,0.3,5,Electrical,Male,Tier-2,1
9.83,88.7,60.5,0,1,14,1,1,4,0.8,2,Electrical,Female,Tier-3,0
7.83,75.5,85.2,0,4,15,2,5,6,0.2,3,Computer Science,Male,Tier-2,1
7.54,65.4,58.4,1,0,6,4,5,6,1.2,4,Computer Science,Male,Tier-3,0
9.31,59.7,82.7,0,1,11,6,3,5,0.9,1,Computer Science,Male,Tier-2,1
9.22,86.3,88.4,0,1,5,5,3,2,0.8,1,Computer Science,Male,Tier-2,1
8.68,87.1,70.8,1,0,12,1,1,1,1.0,3,Civil,Male,Tier-1,0
9.43,73.0,66.1,0,1,7,8,2,1,0.5,1,Chemical,Male,Tier-1,0
8.34,93.9,81.2,0,0,2,7,5,0,0.2,5,Information Technology,Female,Tier-2,1
7.71,78.4,95.8,0,1,8,8,3,3,1.6,5,Computer Science,Male,Tier-1,1
7.65,93.9,92.4,0,1,11,8,2,2,0.5,6,Information Technology,Female,Tier-3,1
9.11,66.5,74.0,0,1,7,4,0,3,4.5,3,Mechanical,Male,Tier-3,0
7.68,65.0,63.5,2,0,6,10,2,6,0.7,3,Chemical,Female,Tier-1,1
9.73,71.8,72.0,0,2,3,6,0,6,0.7,6,Electronics,Female,Tier-2,1
9.21,73.2,53.0,1,0,9,6,3,3,1.1,3,Information Technology,Male,Tier-2,1
9.43,91.8,67.8,0,1,15,9,3,1,1.1,4,Mechanical,Female,Tier-1,1
9.74,81.5,80.9,0,1,2,8,0,2,0.2,1,Computer Science,Male,Tier-1,1
8.87,68.9,70.2,0,1,4,8,6,4,0.3,2,Civil,Female,Tier-2,0
8.17,78.1,67.2,0,0,2,5,4,6,0.3,8,Information Technology,Female,Tier-3,0
7.58,72.9,74.3,0,3,6,2,0,2,0.1,2,Chemical,Female,Tier-2,0
8.93,68.4,71.5,0,0,12,7,4,0,0.0,2,Electrical,Male,Tier-1,1
7.81,77.0,84.8,0,3,7,0,6,5,1.0,3,Mechanical,Male,Tier-3,0
7.76,75.7,57.8,1,0,9,9,5,1,0.7,4,Mechanical,Male,Tier-3,0
7.72,68.8,81.8,0,0,6,10,4,2,2.2,4,Computer Science,Male,Tier-3,0
9.15,68.7,74.4,4,0,6,3,7,0,0.4,2,Information Technology,Male,Tier-3,0
8.44,87.8,80.6,1,0,5,9,8,4,1.5,2,Electrical,Male,Tier-3,1
8.51,83.1,56.9,0,0,10,1,0,3,0.1,4,Information Technology,Female,Tier-2,0
7.74,89.3,86.5,0,0,11,4,5,3,1.7,6,Information Technology,Male,Tier-2,1
8.12,74.6,82.1,0,4,12,6,1,0,2.5,3,Civil,Male,Tier-1,1
9.29,64.9,96.8,1,1,10,10,7,1,1.0,7,Information Technology,Female,Tier-2,1
7.28,71.1,64.2,1,0,4,0,4,3,1.3,3,Civil,Female,Tier-2,0
9.13,90.3,67.4,0,0,10,3,0,1,4.4,2,Computer Science,Male,Tier-2,1
9.59,58.8,51.8,0,1,11,2,4,1,0.5,5,Mechanical,Female,Tier-2,1
9.09,95.3,64.3,0,0,4,3,4,3,0.0,8,Computer Science,Female,Tier-3,0
7.95,64.7,93.6,1,2,4,5,1,4,1.1,3,Civil,Male,Tier-3,0
8.9,87.4,78.8,0,1,5,9,3,5,0.0,5,Electronics,Male,Tier-3,0
7.94,65.8,65.6,1,1,1,5,5,2,0.8,1,Electronics,Female,Tier-3,0
8.39,70.9,76.7,0,1,2,0,0,5,0.9,7,Information Technology,Female,Tier-2,1
8.82,53.3,74.2,0,1,3,2,8,3,0.9,3,Electrical,Male,Tier-2,0
8.87,99.0,50.2,3,0,7,0,6,2,0.2,5,Electronics,Male,Tier-3,1
9.14,84.9,52.5,1,0,13,0,5,1,0.1,7,Information Technology,Male,Tier-3,1
8.18,85.6,89.4,0,0,13,0,0,6,2.4,1,Civil,Female,Tier-3,0
7.93,72.1,84.6,0,1,1,2,7,4,0.8,1,Chemical,Male,Tier-2,0
9.6,66.8,55.7,0,1,15,1,7,1,0.4,2,Computer Science,Male,Tier-3,1
9.0,87.3,73.4,0,1,3,3,3,6,1.5,5,Electronics,Male,Tier-2,1
9.43,63.6,65.7,0,0,7,6,3,4,2.5,2,Electronics,Female,Tier-3,0
9.44,76.0,89.2,0,1,6,10,0,6,0.5,6,Electronics,Female,Tier-2,1
7.34,63.0,80.8,0,0,2,10,8,5,0.1,7,Electronics,Male,Tier-2,1
9.44,79.5,60.6,0,1,4,1,7,5,1.2,8,Computer Science,Female,Tier-3,1
8.63,55.0,76.6,0,2,1,1,6,5,2.4,7,Information Technology,Male,Tier-3,1
9.69,60.2,74.5,0,1,12,10,1,0,3.9,8,Chemical,Male,Tier-1,1
8.18,67.7,74.5,1,3,5,6,6,5,1.7,1,Computer Science,Male,Tier-1,1
8.54,85.4,68.4,0,3,12,8,3,4,0.3,7,Mechanical,Male,Tier-2,1
8.06,71.6,75.3,0,1,2,10,2,4,0.4,3,Electrical,Male,Tier-3,0
8.64,89.8,63.9,0,0,14,2,3,5,0.1,3,Computer Science,Male,Tier-3,1
9.79,96.0,59.6,0,0,8,9,5,1,1.2,3,Civil,Male,Tier-3,0
8.65,74.3,58.8,0,1,10,7,6,5,0.2,5,Computer Science,Male,Tier-3,1
9.7,60.3,61.4,0,4,6,5,1,5,0.6,8,Computer Science,Female,Tier-3,1
8.31,89.6,80.5,0,1,12,5,6,3,0.8,4,Electronics,Male,Tier-3,1
9.55,59.5,80.8,1,0,12,2,1,6,0.5,6,Mechanical,Male,Tier-3,0
8.67,67.2,94.0,1,3,1,9,1,3,0.2,6,Computer Science,Male,Tier-2,1
8.07,57.6,72.0,0,0,14,8,0,6,0.3,2,Computer Science,Female,Tier-1,1
8.22,89.6,84.1,1,1,2,8,6,2,1.0,7,Electronics,Female,Tier-3,0
9.41,84.9,75.6,1,1,4,3,0,0,1.3,4,Computer Science,Female,Tier-1,1
9.21,97.4,78.9,1,2,3,9,2,4,1.0,7,Computer Science,Female,Tier-2,1
9.62,72.7,85.5,0,2,9,5,7,2,3.4,4,Mechanical,Male,Tier-3,1
8.54,68.1,82.6,0,2,1,4,0,5,1.0,1,Mechanical,Male,Tier-3,0
8.38,71.7,76.4,0,1,7,3,5,4,0.3,8,Chemical,Female,Tier-2,0
8.88,62.0,67.0,0,1,9,1,1,4,0.7,2,Information Technology,Female,Tier-1,1
7.84,95.1,78.6,0,1,9,3,8,0,1.8,1,Computer Science,Male,Tier-2,1
8.65,99.0,92.7,0,2,6,6,1,0,0.4,4,Mechanical,Male,Tier-2,0
8.53,69.3,77.3,0,0,14,2,5,6,1.3,6,Chemical,Female,Tier-3,0
8.72,85.1,69.9,1,0,12,2,3,2,1.5,1,Electronics,Female,Tier-3,0
9.01,76.1,85.7,0,0,13,10,8,3,2.7,1,Information Technology,Male,Tier-3,1
7.93,83.3,57.0,0,1,7,2,0,4,0.5,5,Electrical,Male,Tier-1,0
9.87,90.7,70.3,0,0,8,8,0,1,0.3,2,Mechanical,Female,Tier-2,1
9.55,64.3,62.2,0,1,3,0,2,2,0.7,7,Computer Science,Female,Tier-2,1
8.92,72.3,73.4,0,0,5,4,5,4,5.0,2,Chemical,Female,Tier-3,0
7.27,92.4,91.2,0,0,13,8,2,6,2.3,4,Information Technology,Male,Tier-1,1
9.44,84.1,83.3,0,0,4,6,6,0,0.3,3,Electrical,Male,Tier-2,1
8.07,81.9,50.7,1,1,9,0,8,5,0.2,1,Mechanical,Male,Tier-3,1
9.9,84.1,67.0,0,0,9,3,1,0,0.6,2,Electronics,Male,Tier-3,1
8.47,85.3,55.5,0,0,4,5,3,0,0.2,3,Information Technology,Female,Tier-3,1
7.99,91.9,88.8,1,3,12,4,2,0,1.4,2,Computer Science,Male,Tier-3,0
8.46,87.0,67.4,1,2,14,1,5,5,0.0,6,Computer Science,Male,Tier-3,1
8.42,77.4,76.0,0,2,2,0,4,3,0.3,4,Information Technology,Female,Tier-2,1
8.55,82.2,76.6,0,1,1,10,2,3,0.0,6,Information Technology,Male,Tier-3,1
7.92,77.2,77.7,0,2,3,3,8,4,0.3,1,Computer Science,Male,Tier-3,0
9.03,69.0,37.4,2,1,2,9,7,4,0.1,7,Electronics,Female,Tier-2,1
9.03,77.4,79.7,0,3,5,4,2,2,1.1,5,Electronics,Male,Tier-3,0
7.47,76.6,67.9,0,0,15,3,4,0,0.8,4,Computer Science,Female,Tier-3,0
9.3,57.6,86.0,0,0,6,2,4,6,0.2,4,Electronics,Male,Tier-2,0
8.37,87.3,77.6,0,0,14,9,4,0,0.2,4,Computer Science,Female,Tier-3,1
7.86,89.3,83.2,0,2,9,7,7,5,0.3,8,Electrical,Female,Tier-3,0
8.73,84.5,65.5,0,1,4,5,2,1,1.6,3,Information Technology,Male,Tier-2,1
8.88,88.6,60.3,0,1,4,10,2,1,0.2,4,Mechanical,Male,Tier-1,1
6.82,75.9,86.6,0,1,15,2,7,0,0.1,5,Information Technology,Female,Tier-2,1
9.79,71.8,82.3,0,2,4,5,8,1,0.7,6,Electronics,Male,Tier-3,1
8.02,89.4,77.9,1,2,1,9,4,1,2.0,1,Electrical,Male,Tier-3,0
8.61,65.3,77.9,0,1,14,7,7,0,0.3,2,Electrical,Male,Tier-3,0
8.56,64.9,80.5,1,1,3,6,4,3,0.1,7,Civil,Female,Tier-3,0
9.21,83.4,58.2,0,0,4,0,3,3,0.7,3,Civil,Male,Tier-3,0
9.3,83.0,89.0,0,1,14,5,1,6,1.3,4,Civil,Male,Tier-3,0
8.98,89.2,73.0,0,2,1,0,3,4,1.0,2,Mechanical,Male,Tier-3,0
6.73,57.5,73.4,2,1,5,3,1,3,0.5,6,Electrical,Male,Tier-2,0
7.4,76.8,69.6,0,1,10,9,6,0,0.0,4,Information Technology,Male,Tier-2,0
9.08,64.4,42.9,0,0,9,2,6,6,0.4,1,Electronics,Female,Tier-2,1
8.57,88.3,82.5,0,0,1,6,8,1,2.5,5,Mechanical,Female,Tier-1,1
8.8,94.0,62.0,0,0,14,1,3,0,0.3,5,Computer Science,Male,Tier-3,1
9.06,84.1,76.4,0,1,12,3,4,2,1.0,7,Electronics,Female,Tier-2,1
9.21,71.3,64.3,2,1,7,4,3,6,2.4,6,Computer Science,Female,Tier-2,1
9.39,69.0,70.5,0,3,2,1,3,1,0.7,3,Mechanical,Female,Tier-3,0
8.53,73.1,69.8,0,1,10,8,4,0,0.6,2,Computer Science,Male,Tier-2,1
8.51,67.9,64.0,3,0,12,1,2,6,0.2,2,Electronics,Male,Tier-2,1
8.46,76.1,72.1,0,0,11,5,8,4,3.9,8,Electronics,Male,Tier-3,1
8.88,69.0,68.7,0,2,9,7,6,4,0.2,7,Computer Science,Female,Tier-3,1
9.31,61.4,61.5,0,1,4,6,0,1,0.7,5,Electronics,Female,Tier-1,1
9.05,82.6,90.2,0,1,15,5,0,3,0.2,1,Mechanical,Male,Tier-2,0
9.85,83.5,64.6,0,1,14,7,0,4,0.4,3,Electronics,Female,Tier-1,1
8.39,98.4,82.3,0,0,3,4,2,5,2.2,4,Electronics,Male,Tier-2,0
9.87,72.8,83.7,0,0,12,9,8,2,1.0,6,Information Technology,Female,Tier-2,1
7.64,55.3,87.0,0,0,13,8,7,5,0.0,3,Computer Science,Female,Tier-2,1
8.17,87.8,67.9,1,0,11,1,8,5,3.4,5,Chemical,Female,Tier-2,0
7.0,89.1,72.4,0,1,7,5,4,6,1.5,8,Information Technology,Female,Tier-1,1
7.73,91.7,72.8,0,1,6,9,6,5,5.0,6,Information Technology,Male,Tier-3,1
9.24,95.7,81.9,0,3,11,10,8,1,1.4,4,Computer Science,Female,Tier-2,1
8.65,95.8,71.8,0,2,10,6,4,2,1.4,3,Electronics,Female,Tier-3,1
9.31,66.3,81.0,0,1,8,8,7,1,1.2,1,Chemical,Male,Tier-1,1
8.74,96.6,71.7,0,1,9,4,7,3,0.6,2,Information Technology,Male,Tier-3,1
7.4,74.1,89.5,1,1,12,5,2,0,0.4,4,Information Technology,Male,Tier-3,0
8.47,87.6,74.8,2,0,15,8,4,5,0.7,3,Computer Science,Male,Tier-3,0
9.61,81.1,73.3,0,4,7,9,7,1,0.2,7,Electrical,Female,Tier-1,1
8.71,66.3,79.4,1,1,6,5,2,0,1.3,1,Electronics,Male,Tier-2,0
8.77,91.9,96.3,1,2,14,10,2,1,5.0,7,Civil,Male,Tier-3,0
9.04,72.5,67.1,0,3,12,0,5,6,0.9,8,Civil,Male,Tier-2,0
6.99,99.0,88.5,0,1,8,3,6,3,1.9,3,Mechanical,Female,Tier-3,1
8.39,68.8,64.4,5,0,9,3,6,2,0.2,7,Information Technology,Male,Tier-3,0
8.68,65.9,75.6,0,1,14,2,5,0,1.7,4,Computer Science,Male,Tier-3,1
8.23,70.0,64.7,4,1,8,7,6,2,2.4,7,Computer Science,Male,Tier-3,1
8.31,95.9,70.2,0,1,6,5,6,1,1.8,1,Mechanical,Male,Tier-2,0
9.47,59.2,66.2,0,0,8,6,3,6,1.0,6,Mechanical,Male,Tier-2,0
7.44,89.0,84.1,0,1,9,8,7,5,2.6,2,Civil,Female,Tier-3,0
9.69,99.0,68.5,4,2,6,7,7,1,3.3,7,Computer Science,Male,Tier-2,1
9.67,76.0,81.9,0,4,14,2,1,3,1.7,1,Computer Science,Male,Tier-3,1
9.53,73.3,68.2,0,0,6,3,4,1,0.8,3,Electrical,Male,Tier-3,0
6.9,79.0,74.9,0,2,2,0,1,3,1.8,3,Mechanical,Female,Tier-3,0
8.11,64.5,93.9,0,0,9,3,2,1,0.5,7,Mechanical,Male,Tier-3,1
9.51,99.0,65.3,0,2,8,8,2,5,0.4,3,Computer Science,Male,Tier-1,1
9.42,86.0,65.6,0,0,5,4,4,2,0.4,6,Information Technology,Female,Tier-3,1
9.19,63.4,71.8,0,3,10,2,7,1,0.2,3,Computer Science,Male,Tier-2,1
8.37,68.3,74.8,0,1,3,1,2,0,1.0,7,Mechanical,Female,Tier-2,0
8.61,80.1,83.1,0,0,9,5,6,4,1.1,3,Electronics,Male,Tier-3,1
8.68,62.5,75.6,0,0,11,3,4,0,2.0,6,Electronics,Female,Tier-2,0
7.72,59.9,78.2,0,0,10,5,3,6,1.2,5,Electrical,Male,Tier-3,0
8.83,81.5,60.0,0,1,14,2,1,0,1.5,1,Mechanical,Female,Tier-2,1
8.68,90.1,78.9,0,2,13,2,5,3,1.2,1,Chemical,Female,Tier-1,0
8.51,89.0,79.3,0,1,7,0,3,1,1.2,1,Computer Science,Male,Tier-2,1
9.79,77.3,83.7,0,2,13,8,3,2,0.4,1,Mechanical,Male,Tier-3,0
8.61,74.7,70.7,0,1,9,6,4,6,3.4,4,Mechanical,Female,Tier-3,0
8.55,78.6,74.9,0,3,13,8,8,1,1.0,7,Computer Science,Male,Tier-3,1
8.96,89.9,84.2,0,1,14,10,0,4,0.9,3,Civil,Female,Tier-2,1
8.21,62.9,61.2,0,0,7,0,4,1,1.9,5,Computer Science,Male,Tier-2,1
9.41,68.7,51.7,0,1,12,7,4,4,0.5,8,Mechanical,Female,Tier-2,1
9.24,73.5,60.6,0,0,8,1,1,4,0.1,6,Computer Science,Male,Tier-2,1
9.64,75.1,66.7,0,4,14,2,2,0,0.3,4,Mechanical,Female,Tier-3,0
9.02,77.3,88.9,0,0,10,0,3,4,1.7,7,Electronics,Male,Tier-2,1
9.93,77.7,99.0,0,0,14,6,0,4,1.3,1,Electronics,Male,Tier-1,1
9.87,86.1,63.2,0,0,5,10,2,5,0.1,8,Information Technology,Male,Tier-2,1
8.99,56.8,73.9,0,1,10,4,0,6,0.1,6,Information Technology,Female,Tier-3,1
9.84,58.8,68.2,0,0,10,10,0,6,1.0,1,Electronics,Male,Tier-3,0
8.87,70.0,81.3,0,3,14,2,8,2,2.8,6,Information Technology,Male,Tier-1,1
8.02,88.4,78.6,0,0,6,3,3,5,0.2,5,Electrical,Female,Tier-3,0
7.52,70.2,63.6,0,0,12,9,3,3,0.8,7,Chemical,Male,Tier-1,0
9.41,77.5,66.9,0,0,8,5,3,1,1.7,1,Information Technology,Male,Tier-3,0
9.21,79.5,73.1,1,0,14,5,8,2,0.8,1,Civil,Male,Tier-2,0
9.63,81.8,91.0,0,1,14,1,7,3,0.4,1,Mechanical,Male,Tier-3,0
9.35,96.8,66.5,0,0,7,6,3,0,1.6,1,Electrical,Male,Tier-1,1
7.5,86.3,54.8,0,0,1,1,5,2,1.5,4,Computer Science,Male,Tier-1,1
8.05,90.0,91.9,0,0,10,8,1,2,1.8,4,Information Technology,Male,Tier-3,1
9.2,76.5,81.5,0,0,4,1,5,0,2.9,4,Computer Science,Female,Tier-3,0
9.94,95.7,59.9,0,1,13,4,0,4,0.2,1,Information Technology,Female,Tier-1,1
9.94,78.9,79.0,4,1,8,7,4,0,0.4,2,Electronics,Female,Tier-3,0
9.15,54.5,85.6,1,0,15,7,7,1,4.3,4,Electrical,Male,Tier-3,0
8.56,99.0,76.2,0,0,11,10,0,0,0.9,7,Civil,Male,Tier-2,0
7.79,78.6,92.7,1,1,9,3,1,6,1.1,8,Electronics,Male,Tier-1,1
8.63,84.4,82.2,0,0,15,6,2,2,2.2,8,Computer Science,Female,Tier-2,1
8.06,65.2,79.0,0,1,6,7,6,6,1.2,3,Information Technology,Female,Tier-2,1
9.83,99.0,77.7,0,4,11,7,7,6,1.1,3,Computer Science,Male,Tier-2,1
8.09,68.5,76.8,0,0,4,4,3,0,0.1,2,Mechanical,Male,Tier-3,0
8.37,73.4,86.4,0,0,2,9,7,1,0.7,5,Mechanical,Male,Tier-3,0
9.75,59.7,73.1,0,0,12,1,0,6,1.1,3,Mechanical,Female,Tier-1,1
7.23,82.4,87.3,1,1,9,1,2,4,1.6,6,Information Technology,Male,Tier-1,1
9.28,74.6,79.1,0,0,1,4,3,4,0.5,5,Electrical,Female,Tier-2,0
8.35,59.5,76.4,0,1,5,3,4,3,0.1,3,Electronics,Male,Tier-3,0
9.14,77.2,71.0,0,2,8,3,8,5,0.5,6,Electronics,Male,Tier-3,1
9.7,79.1,71.1,0,0,4,2,1,3,0.6,2,Civil,Male,Tier-3,0
8.23,75.0,79.1,0,0,1,8,6,1,1.4,4,Computer Science,Male,Tier-2,0
8.13,56.1,88.2,0,1,4,7,2,3,0.0,7,Computer Science,Male,Tier-3,1
7.37,81.5,81.6,0,0,5,3,1,4,0.5,5,Electronics,Male,Tier-2,0
9.4,62.8,65.7,0,0,5,6,8,6,0.6,6,Mechanical,Female,Tier-3,0
7.99,88.7,54.2,0,1,12,7,2,6,0.8,8,Electronics,Female,Tier-2,0
9.82,71.3,84.6,4,0,14,5,7,5,3.5,6,Civil,Female,Tier-2,0
8.35,89.1,99.0,0,2,1,1,0,4,1.3,5,Information Technology,Male,Tier-3,1
9.18,78.2,71.4,0,0,15,7,4,6,0.3,2,Computer Science,Male,Tier-2,1
7.33,78.8,69.0,0,1,2,2,4,3,1.0,8,Information Technology,Female,Tier-1,1
8.8,93.3,85.7,0,1,6,3,5,0,0.4,5,Chemical,Male,Tier-3,0
9.39,68.2,63.8,0,0,10,3,6,4,1.7,3,Civil,Male,Tier-1,1
8.43,64.9,94.5,0,0,14,6,2,6,0.2,4,Information Technology,Female,Tier-1,1
8.26,84.7,80.4,0,0,5,7,4,3,0.2,1,Computer Science,Male,Tier-3,1
8.51,62.2,74.7,0,2,9,8,7,3,0.1,2,Civil,Female,Tier-3,0
8.06,68.4,64.9,0,1,13,0,5,6,0.8,8,Computer Science,Male,Tier-2,1
8.98,59.1,86.5,0,0,7,0,1,6,0.1,5,Electronics,Female,Tier-1,1
8.81,91.8,69.2,0,1,13,6,6,1,0.0,5,Electronics,Male,Tier-3,1
6.57,66.0,84.2,0,1,5,3,2,1,0.4,8,Information Technology,Female,Tier-2,1
9.24,70.1,80.2,1,4,15,9,8,4,1.6,5,Information Technology,Male,Tier-3,1
8.84,62.5,91.8,0,0,13,7,3,2,0.2,5,Mechanical,Male,Tier-1,1
9.11,73.4,77.1,0,2,12,4,3,3,0.4,2,Computer Science,Male,Tier-1,1
8.45,76.3,99.0,0,1,12,0,3,6,0.6,3,Information Technology,Male,Tier-3,1
9.4,87.9,82.2,1,2,9,1,7,0,2.1,3,Chemical,Male,Tier-3,0
7.28,62.1,76.9,0,0,14,9,0,2,0.6,4,Civil,Male,Tier-1,1
9.75,70.8,69.9,0,0,1,2,2,3,0.7,4,Computer Science,Male,Tier-2,1
9.13,95.1,86.4,0,2,3,1,7,2,0.3,1,Electronics,Male,Tier-2,1
8.33,90.5,70.2,0,2,2,8,6,3,1.1,3,Computer Science,Male,Tier-3,1
8.33,69.9,64.9,0,0,15,6,5,3,0.0,6,Electronics,Male,Tier-3,1
8.98,77.4,68.9,0,1,12,1,6,2,3.3,2,Computer Science,Male,Tier-1,1
9.38,99.0,72.5,0,0,7,6,0,1,0.7,3,Information Technology,Male,Tier-3,1
8.42,63.7,99.0,1,0,9,9,7,3,0.1,8,Electronics,Female,Tier-2,1
9.71,54.9,78.8,0,0,14,0,3,4,0.8,3,Information Technology,Male,Tier-1,1
8.83,71.6,66.4,0,0,13,4,0,2,0.7,4,Electronics,Female,Tier-2,1
8.7,77.0,89.2,4,1,12,4,3,5,0.3,6,Chemical,Male,Tier-1,0
7.26,68.4,77.5,0,0,2,8,1,1,0.2,5,Computer Science,Female,Tier-3,0
9.72,89.7,91.8,0,0,12,3,4,0,0.3,5,Electronics,Male,Tier-3,1
8.96,80.5,99.0,0,3,6,3,0,6,0.1,6,Electronics,Male,Tier-3,1
8.8,70.7,55.6,3,0,2,5,0,3,0.8,3,Civil,Male,Tier-3,0
8.47,71.5,44.1,0,1,3,10,4,5,2.1,3,Information Technology,Male,Tier-2,1
7.29,69.0,99.0,0,2,1,1,1,3,2.6,3,Mechanical,Male,Tier-1,0
9.42,88.0,66.1,1,0,6,9,8,5,3.1,3,Mechanical,Male,Tier-1,1
8.91,72.3,52.9,0,0,2,5,6,4,0.9,7,Chemical,Male,Tier-3,0
8.06,63.7,68.2,0,1,3,6,3,1,1.0,4,Computer Science,Male,Tier-3,1
8.65,89.5,62.4,5,1,6,3,6,3,0.4,3,Chemical,Female,Tier-1,1
8.27,74.7,65.0,0,1,6,9,7,6,2.2,7,Mechanical,Male,Tier-2,1
8.94,61.7,86.1,0,1,4,8,7,5,0.7,3,Electronics,Male,Tier-2,1
9.29,98.6,70.3,1,3,1,4,7,1,0.3,1,Information Technology,Male,Tier-3,1
8.23,85.3,54.0,0,0,7,2,4,6,3.4,1,Mechanical,Female,Tier-3,0
8.68,78.6,75.4,0,1,15,8,6,3,1.2,7,Computer Science,Female,Tier-1,1
9.71,75.5,63.9,0,0,2,0,6,5,0.6,3,Chemical,Female,Tier-1,1
8.28,74.6,71.8,0,0,6,7,1,0,0.1,8,Computer Science,Male,Tier-3,0
7.78,74.4,72.5,0,0,7,0,2,5,0.2,5,Civil,Male,Tier-1,0
8.4,74.7,86.0,0,1,14,9,1,4,0.2,2,Information Technology,Male,Tier-2,1
7.32,70.9,68.4,0,2,2,7,2,0,2.3,1,Computer Science,Male,Tier-1,1
9.74,76.8,84.1,0,0,15,4,8,6,3.6,3,Civil,Male,Tier-3,0
7.76,70.7,54.3,0,0,6,6,6,0,0.3,1,Electrical,Male,Tier-1,0
9.89,80.7,86.7,0,0,1,7,3,5,0.7,3,Computer Science,Female,Tier-1,1
7.42,77.7,91.9,1,0,6,10,7,2,1.6,5,Chemical,Male,Tier-2,0
8.86,69.6,72.0,0,1,8,0,6,0,0.5,5,Information Technology,Female,Tier-2,1
8.91,77.0,64.4,0,1,8,0,5,4,0.7,1,Computer Science,Male,Tier-2,1
9.11,84.5,61.0,0,2,7,6,3,4,2.2,7,Electronics,Male,Tier-3,1
9.12,50.9,74.7,0,1,4,0,4,5,0.2,6,Computer Science,Male,Tier-1,1
8.62,84.9,90.8,0,1,4,3,7,3,5.0,7,Information Technology,Male,Tier-1,1
8.45,63.3,69.5,0,0,5,5,2,5,0.6,2,Electronics,Male,Tier-3,0
9.33,72.5,89.4,0,1,8,1,2,0,0.3,2,Information Technology,Female,Tier-3,1
9.18,44.0,60.0,0,1,14,9,4,6,2.2,2,Computer Science,Female,Tier-1,1
8.54,84.8,70.4,0,3,4,4,8,1,0.1,6,Computer Science,Male,Tier-1,1
9.57,69.1,74.4,0,3,9,9,4,2,1.0,2,Mechanical,Male,Tier-2,1
8.8,72.0,77.8,0,2,3,9,0,5,0.1,4,Electrical,Male,Tier-3,0
8.6,79.1,70.7,0,0,9,10,4,2,2.9,6,Computer Science,Female,Tier-3,1
9.45,54.4,91.2,0,0,2,10,8,2,1.0,8,Computer Science,Female,Tier-3,1
9.36,78.7,91.4,0,2,6,9,6,4,0.5,7,Mechanical,Male,Tier-3,0
8.41,85.8,72.7,0,1,15,10,8,4,0.6,3,Chemical,Male,Tier-1,1
7.9,80.1,68.2,0,1,5,5,4,3,0.2,8,Mechanical,Male,Tier-2,1
9.24,73.3,67.2,0,0,5,4,2,0,0.4,5,Computer Science,Female,Tier-2,1
9.5,78.5,88.4,0,2,15,9,1,4,2.3,2,Computer Science,Female,Tier-3,1
9.46,77.1,66.4,0,1,15,7,8,2,1.6,4,Information Technology,Female,Tier-3,1
7.86,87.1,56.0,0,1,11,10,4,4,1.1,7,Computer Science,Male,Tier-3,1
8.9,93.1,57.9,0,2,15,3,0,5,3.4,3,Computer Science,Female,Tier-2,1
7.09,73.1,83.7,0,0,6,7,1,0,0.9,7,Information Technology,Female,Tier-3,0
7.81,80.8,57.3,0,1,10,10,1,4,0.2,7,Information Technology,Male,Tier-3,1
9.43,70.0,69.8,0,1,7,2,3,5,1.3,4,Information Technology,Male,Tier-3,1
9.82,83.0,76.3,1,1,4,6,5,0,0.9,1,Electronics,Male,Tier-3,0
9.3,83.5,53.1,0,0,15,4,7,3,0.6,7,Electrical,Female,Tier-2,0
8.78,76.0,77.4,0,1,4,4,2,4,0.2,1,Chemical,Female,Tier-3,0
8.16,84.2,70.8,1,1,12,5,5,0,1.1,2,Computer Science,Female,Tier-3,1
7.61,78.0,50.2,0,1,9,4,3,5,0.6,1,Electronics,Male,Tier-3,0
9.89,77.4,77.5,0,2,4,0,7,5,0.9,3,Mechanical,Male,Tier-2,0
9.45,67.4,80.1,0,0,8,8,8,0,0.4,8,Computer Science,Female,Tier-2,1
7.98,80.1,77.4,0,2,10,10,8,5,0.2,2,Chemical,Male,Tier-3,0
8.9,71.1,81.6,0,1,13,3,5,6,0.4,8,Electrical,Male,Tier-2,1
7.53,88.4,78.4,5,1,1,4,1,1,1.9,4,Computer Science,Female,Tier-2,0
8.77,67.9,84.5,0,0,4,0,1,3,0.2,5,Civil,Female,Tier-2,0
9.29,81.2,62.7,2,0,2,2,8,4,0.6,5,Electronics,Male,Tier-3,0
8.5,74.9,56.8,0,1,11,2,4,1,0.4,5,Computer Science,Male,Tier-3,1
8.9,81.2,59.9,0,0,10,7,6,4,3.3,3,Information Technology,Female,Tier-2,1
7.83,77.3,64.4,0,3,5,10,5,2,0.1,2,Information Technology,Female,Tier-1,1
9.72,68.2,99.0,0,0,2,7,8,2,0.3,1,Electrical,Male,Tier-2,1
9.51,91.1,64.6,0,2,7,8,4,0,0.6,7,Electrical,Male,Tier-2,1
8.73,67.4,68.2,0,1,10,9,7,1,0.3,8,Computer Science,Male,Tier-3,1
8.76,85.7,72.0,0,1,7,6,3,6,1.2,2,Mechanical,Male,Tier-2,1
9.64,57.6,70.4,0,0,15,5,6,0,0.5,4,Computer Science,Male,Tier-3,1
9.04,74.5,98.6,0,0,9,7,8,0,1.5,5,Civil,Male,Tier-1,1
8.62,96.4,52.6,0,0,13,2,1,6,0.8,2,Civil,Female,Tier-2,0
7.49,74.7,99.0,0,1,4,9,8,0,0.6,7,Computer Science,Female,Tier-1,1
8.66,79.2,76.9,1,1,15,9,7,2,0.5,6,Information Technology,Female,Tier-2,1
9.63,97.2,87.5,0,1,15,9,0,6,0.3,2,Information Technology,Female,Tier-2,1
7.06,76.3,75.3,0,2,5,7,6,5,0.3,6,Chemical,Male,Tier-3,0
7.16,81.1,85.6,0,1,3,2,4,0,0.2,1,Information Technology,Male,Tier-2,0
8.34,85.3,62.7,0,0,14,1,4,6,1.9,8,Information Technology,Male,Tier-1,1
8.38,61.4,57.4,0,0,7,8,6,6,0.8,4,Mechanical,Male,Tier-3,0
9.64,72.2,99.0,0,2,15,0,3,5,0.7,5,Computer Science,Male,Tier-1,1
8.37,79.6,99.0,4,0,5,9,0,6,0.4,1,Mechanical,Male,Tier-3,0
8.98,58.8,61.3,1,1,9,9,5,5,0.7,8,Electronics,Male,Tier-2,1
9.08,94.4,84.3,0,0,12,1,0,6,2.1,5,Mechanical,Female,Tier-3,0
9.08,87.1,90.1,0,0,13,6,0,0,1.9,1,Electronics,Male,Tier-2,0
9.41,85.3,83.6,0,1,14,0,7,0,0.9,1,Computer Science,Female,Tier-3,1
9.09,93.8,72.3,0,1,7,4,3,0,0.8,5,Electrical,Female,Tier-2,1
7.51,86.7,99.0,0,1,4,8,4,1,0.3,4,Electronics,Female,Tier-2,1
8.45,75.2,83.9,0,1,7,8,0,4,1.2,3,Mechanical,Male,Tier-3,0
9.65,58.4,62.9,0,0,1,10,6,1,1.9,3,Electronics,Female,Tier-2,1
9.45,69.8,70.0,0,0,15,3,1,3,0.4,8,Electrical,Male,Tier-2,0
8.78,70.2,61.1,2,1,15,9,5,5,0.6,2,Information Technology,Female,Tier-2,1
9.56,85.4,73.6,0,1,2,1,8,1,0.1,2,Mechanical,Male,Tier-2,0
8.31,79.0,73.2,0,0,15,8,1,6,2.0,7,Computer Science,Male,Tier-3,1
8.89,59.2,84.8,0,1,14,10,5,5,0.1,4,Computer Science,Male,Tier-1,1
8.37,88.4,84.6,0,1,3,3,4,6,1.2,3,Civil,Female,Tier-2,0
9.63,94.0,80.0,5,0,5,2,1,5,0.2,2,Civil,Male,Tier-2,0
8.54,95.7,79.7,0,1,12,2,8,5,1.3,3,Information Technology,Male,Tier-2,1
9.1,64.4,88.6,2,1,5,6,1,3,1.0,3,Mechanical,Female,Tier-3,0
7.52,81.9,72.1,0,0,7,1,0,2,1.2,3,Civil,Female,Tier-2,0
9.54,65.9,43.9,0,1,9,4,8,6,1.0,2,Computer Science,Male,Tier-1,1
8.3,99.0,99.0,0,1,10,1,8,4,0.5,2,Chemical,Female,Tier-3,0
8.66,78.4,63.2,1,2,9,6,8,0,1.0,4,Electrical,Male,Tier-3,0
9.26,73.6,84.0,0,1,6,6,7,3,0.3,1,Mechanical,Female,Tier-2,0
9.74,71.3,70.6,3,0,15,2,3,2,0.3,2,Electronics,Female,Tier-1,1
8.84,82.0,93.2,0,0,7,2,8,4,0.1,5,Electrical,Male,Tier-1,1
8.37,84.2,62.5,0,2,12,7,1,6,0.9,7,Mechanical,Female,Tier-2,1
9.03,58.2,65.8,0,2,13,6,0,3,1.8,1,Electronics,Female,Tier-1,1
9.45,94.8,68.5,0,0,15,3,6,2,0.5,8,Electrical,Female,Tier-2,1
9.4,83.7,82.2,0,0,8,1,5,0,0.2,3,Computer Science,Male,Tier-1,1
9.39,94.7,77.9,1,1,4,2,2,2,1.7,4,Computer Science,Male,Tier-3,1
8.33,98.5,82.3,0,1,7,10,1,2,1.0,5,Electrical,Male,Tier-2,0
9.58,76.8,76.6,0,0,14,10,7,0,2.2,7,Computer Science,Male,Tier-2,1
9.37,88.3,87.1,0,1,6,10,3,5,0.0,6,Computer Science,Male,Tier-1,1
9.21,71.1,87.3,0,0,8,2,5,5,0.5,5,Civil,Male,Tier-3,0
9.01,72.4,94.7,0,0,15,4,3,3,2.3,1,Information Technology,Female,Tier-3,1
9.16,96.9,79.5,0,0,1,6,8,2,1.1,7,Electrical,Female,Tier-2,1
9.18,69.1,79.4,0,1,5,3,4,0,0.6,7,Information Technology,Male,Tier-3,1
8.88,80.4,98.0,0,2,12,0,5,3,0.5,4,Information Technology,Female,Tier-3,1
7.43,67.1,90.6,0,1,13,2,8,0,2.3,6,Chemical,Male,Tier-3,0
7.3,70.1,81.7,0,0,3,2,5,1,1.8,1,Electronics,Male,Tier-3,0
9.22,71.9,56.9,0,2,9,0,1,6,0.0,6,Mechanical,Male,Tier-3,1
7.53,95.4,53.1,0,0,9,7,0,3,0.1,2,Electrical,Female,Tier-3,0
8.66,84.2,83.0,0,1,3,3,8,1,0.7,6,Information Technology,Female,Tier-2,1
9.4,88.1,83.5,0,1,10,4,1,5,0.1,3,Computer Science,Male,Tier-3,1
9.39,56.3,65.6,0,0,14,2,1,6,0.3,6,Electronics,Male,Tier-3,0
9.09,78.4,79.6,0,0,12,3,3,2,1.8,4,Information Technology,Male,Tier-3,1
8.72,73.4,63.1,0,2,15,0,2,6,0.5,2,Computer Science,Female,Tier-2,1
8.17,83.9,82.4,1,1,2,3,6,6,0.6,3,Computer Science,Male,Tier-3,1
9.96,99.0,82.8,0,0,5,1,6,2,0.2,3,Mechanical,Male,Tier-3,0
9.25,49.3,82.7,0,2,4,9,2,2,0.9,2,Computer Science,Male,Tier-2,1
9.89,82.8,79.4,0,0,15,5,2,3,0.1,4,Electronics,Male,Tier-3,1
6.99,99.0,71.2,0,0,7,1,8,6,1.0,5,Information Technology,Male,Tier-3,0
9.24,71.9,72.2,0,1,12,8,6,4,1.4,1,Computer Science,Female,Tier-3,1
6.88,79.8,90.1,0,1,14,1,2,3,2.1,4,Electrical,Female,Tier-3,1
6.43,86.1,80.4,0,0,8,3,2,3,0.9,7,Mechanical,Male,Tier-2,0
9.09,52.1,81.3,0,0,4,3,2,4,0.4,6,Civil,Female,Tier-2,0
8.16,81.2,76.1,3,1,3,10,8,3,1.9,5,Electronics,Female,Tier-2,1
9.46,68.5,83.5,1,1,15,0,7,5,0.9,5,Mechanical,Male,Tier-2,1
8.16,99.0,87.5,0,2,9,10,6,1,0.4,6,Computer Science,Female,Tier-2,1
7.87,75.5,66.8,0,1,8,6,7,4,0.4,5,Computer Science,Male,Tier-2,1
7.88,69.5,82.7,0,1,11,0,0,4,0.4,1,Information Technology,Male,Tier-2,0
8.73,88.2,72.1,0,0,11,7,8,6,0.1,7,Electronics,Male,Tier-3,1
8.55,83.9,79.1,0,2,7,2,4,1,0.1,1,Computer Science,Female,Tier-3,1
9.42,88.8,85.9,0,0,11,7,4,4,0.1,1,Electronics,Male,Tier-2,1
7.46,99.0,56.1,0,1,8,7,4,6,0.4,7,Computer Science,Male,Tier-1,1
8.2,71.0,60.9,0,2,8,9,8,4,0.6,5,Civil,Female,Tier-2,1
8.63,98.6,66.4,0,2,10,9,4,1,0.2,7,Computer Science,Female,Tier-3,1
9.46,99.0,65.5,0,1,8,4,1,0,1.8,2,Electrical,Female,Tier-1,1
9.19,68.8,72.9,1,1,11,2,5,0,0.1,1,Mechanical,Male,Tier-3,0
9.65,69.9,97.0,1,2,1,10,6,5,2.9,5,Electronics,Female,Tier-3,1
7.93,78.6,90.3,0,2,4,10,6,0,0.1,4,Mechanical,Male,Tier-3,0
9.64,75.6,67.5,0,1,10,10,6,1,2.3,8,Information Technology,Male,Tier-3,1
8.79,98.5,86.3,0,1,7,8,1,2,0.3,8,Computer Science,Female,Tier-3,1
8.58,67.6,74.4,0,0,6,0,5,3,4.3,7,Computer Science,Male,Tier-1,1
7.79,80.9,79.5,2,1,3,0,8,6,0.7,5,Electronics,Male,Tier-2,0
9.83,68.8,62.2,0,0,3,1,0,4,0.0,1,Information Technology,Male,Tier-2,0
8.04,79.3,57.8,0,1,12,9,2,6,0.3,8,Computer Science,Female,Tier-2,1
8.42,99.0,84.5,0,1,4,5,5,1,2.8,7,Electrical,Female,Tier-3,0
8.33,99.0,75.4,0,0,14,1,6,3,0.4,8,Mechanical,Male,Tier-2,0
9.01,82.5,81.8,0,0,10,3,1,1,0.4,1,Chemical,Male,Tier-1,0
7.73,85.6,95.7,2,0,6,5,7,4,0.0,7,Mechanical,Female,Tier-3,0
9.61,83.7,71.9,0,0,14,1,5,2,0.3,8,Electrical,Female,Tier-1,1
8.56,74.4,72.0,0,1,1,3,8,1,0.3,1,Computer Science,Male,Tier-3,1
9.87,99.0,98.0,2,3,10,6,8,3,1.3,8,Mechanical,Male,Tier-3,0
8.63,93.8,75.2,0,1,4,0,8,5,0.7,2,Computer Science,Male,Tier-3,1
9.2,80.8,64.6,1,0,9,8,8,3,0.2,3,Computer Science,Female,Tier-3,1
7.78,75.4,84.6,0,0,7,9,1,4,1.6,6,Civil,Female,Tier-3,0
9.58,76.2,71.9,2,1,11,9,6,6,0.9,6,Information Technology,Female,Tier-3,1
9.86,82.1,64.3,0,1,6,6,4,5,0.3,7,Information Technology,Male,Tier-3,1
6.25,77.6,76.2,3,1,11,8,8,0,0.3,2,Computer Science,Female,Tier-2,1
8.85,91.7,85.7,0,0,5,6,0,4,2.6,4,Electronics,Male,Tier-1,1
8.54,83.7,59.9,0,0,12,10,6,5,1.0,1,Computer Science,Male,Tier-3,1
7.4,66.6,59.6,0,0,13,0,4,5,1.6,3,Electronics,Female,Tier-2,0
8.47,64.2,74.0,0,1,2,6,8,4,0.3,4,Mechanical,Female,Tier-1,1
8.36,89.9,60.7,0,1,2,10,6,6,0.9,5,Mechanical,Female,Tier-3,0
8.24,64.1,58.4,3,2,6,8,3,0,0.1,6,Information Technology,Male,Tier-2,1
9.43,73.8,75.1,0,1,9,7,7,2,0.9,3,Mechanical,Male,Tier-2,1
8.57,72.7,89.4,0,1,14,3,8,1,0.2,2,Information Technology,Male,Tier-3,1
9.74,63.1,85.2,0,4,12,4,8,3,1.1,1,Civil,Male,Tier-3,0
8.37,81.7,73.6,1,1,9,2,3,1,2.7,3,Computer Science,Male,Tier-2,1
9.15,76.5,91.7,0,1,1,9,5,1,0.6,4,Chemical,Female,Tier-3,0
7.45,70.3,97.6,3,2,7,9,3,3,0.4,2,Electronics,Female,Tier-1,1
8.38,99.0,81.4,0,0,7,1,0,0,0.1,4,Information Technology,Male,Tier-3,1
7.73,48.8,70.2,0,0,10,2,5,3,1.1,8,Mechanical,Female,Tier-2,0
8.76,67.6,95.3,0,4,2,6,7,6,0.9,4,Electrical,Male,Tier-2,1
9.18,71.1,94.7,0,1,14,7,5,0,0.8,7,Information Technology,Female,Tier-2,1
8.43,61.7,78.3,0,1,12,1,2,0,2.7,6,Computer Science,Male,Tier-2,1
7.22,99.0,90.9,0,2,10,8,7,4,3.8,8,Information Technology,Male,Tier-2,1
8.4,99.0,64.8,0,0,4,3,8,6,1.3,1,Computer Science,Male,Tier-3,0
8.85,69.8,48.1,0,1,13,1,0,2,0.2,3,Computer Science,Female,Tier-1,1
7.66,93.2,62.4,2,1,8,6,5,5,2.9,8,Computer Science,Male,Tier-2,1
8.79,85.2,77.7,0,0,6,10,7,4,0.4,4,Information Technology,Female,Tier-2,1
7.44,97.9,74.0,0,0,11,1,1,2,0.1,2,Computer Science,Male,Tier-1,1
8.29,76.7,87.5,0,1,14,6,3,0,0.3,4,Chemical,Female,Tier-3,0
8.79,83.2,55.7,0,0,13,7,0,5,1.8,4,Civil,Male,Tier-2,0
8.17,94.8,55.9,0,0,15,8,3,5,0.2,8,Information Technology,Male,Tier-2,1
9.25,93.0,84.9,0,0,7,10,1,4,0.5,2,Civil,Male,Tier-3,0
6.63,79.8,56.3,4,1,10,0,2,1,0.3,8,Information Technology,Male,Tier-2,1
8.77,66.7,71.5,1,2,11,1,3,3,0.0,5,Mechanical,Male,Tier-2,0
8.46,68.8,75.3,0,1,11,1,2,3,0.8,7,Civil,Male,Tier-1,1
9.18,55.8,66.5,0,1,14,6,5,3,1.0,4,Mechanical,Male,Tier-2,1
9.2,87.4,82.5,0,4,6,5,6,2,1.6,2,Computer Science,Female,Tier-3,1
9.0,80.5,48.2,1,0,9,10,6,3,0.5,1,Computer Science,Female,Tier-1,1
9.4,81.5,98.8,0,0,11,8,0,2,0.2,3,Electronics,Male,Tier-2,0
6.73,77.7,70.7,0,0,12,2,4,2,1.1,2,Computer Science,Female,Tier-3,0
7.85,64.3,72.8,0,0,10,7,2,6,2.2,2,Chemical,Male,Tier-1,0
8.04,81.8,99.0,0,0,15,4,0,5,0.1,7,Computer Science,Female,Tier-1,1
9.65,85.3,57.3,0,0,10,4,0,2,0.2,3,Mechanical,Male,Tier-2,1
9.06,67.6,61.4,0,0,9,9,1,1,0.4,2,Computer Science,Female,Tier-1,1
7.28,77.7,93.3,0,1,6,10,7,5,1.1,5,Mechanical,Female,Tier-2,0
8.87,70.2,54.8,0,0,6,4,3,0,0.7,1,Information Technology,Female,Tier-2,0
8.87,75.4,81.4,0,1,9,7,2,1,1.2,5,Mechanical,Male,Tier-2,0
8.38,64.4,67.1,0,1,10,6,7,0,0.0,7,Civil,Female,Tier-2,0
7.29,74.8,54.0,1,0,9,10,1,1,1.7,4,Computer Science,Male,Tier-1,1
7.99,97.5,81.8,0,2,3,6,8,2,4.4,6,Electronics,Female,Tier-3,1
9.73,72.0,82.2,0,1,7,3,3,0,0.0,1,Chemical,Male,Tier-3,0
9.92,69.8,75.0,0,0,3,5,8,5,0.7,4,Computer Science,Male,Tier-1,1
8.55,70.6,99.0,1,0,4,0,0,3,1.3,3,Computer Science,Male,Tier-2,1
8.83,75.7,65.0,0,1,14,5,4,1,0.6,2,Civil,Male,Tier-2,0
8.88,99.0,86.3,1,1,9,4,6,0,0.9,8,Mechanical,Male,Tier-2,1
8.54,94.9,79.3,0,1,10,0,3,3,2.5,2,Information Technology,Male,Tier-2,1
8.12,76.3,87.6,1,0,8,10,4,4,0.8,7,Civil,Female,Tier-2,0
7.48,70.3,68.4,4,1,6,0,8,6,0.3,7,Electronics,Male,Tier-1,1
9.56,56.9,57.0,0,1,6,2,5,2,1.3,1,Electronics,Male,Tier-2,0
7.31,67.1,66.1,0,2,8,3,5,1,0.5,6,Civil,Male,Tier-3,0
9.88,54.3,74.2,0,1,13,0,1,1,0.3,6,Computer Science,Male,Tier-1,1
6.85,86.9,83.9,0,0,2,9,0,5,0.3,8,Computer Science,Male,Tier-2,1
9.78,94.0,75.2,0,0,14,6,3,5,0.1,2,Electronics,Female,Tier-1,1
8.17,73.5,77.8,0,0,5,1,2,4,2.7,2,Computer Science,Female,Tier-3,0
6.88,82.6,97.4,0,1,13,10,6,0,0.8,4,Chemical,Male,Tier-2,0
9.46,64.9,74.7,0,0,7,3,6,1,3.1,5,Information Technology,Male,Tier-2,1
8.85,54.7,68.1,0,1,12,8,5,1,2.0,2,Chemical,Female,Tier-3,1
8.85,78.7,80.7,1,1,13,7,4,6,0.0,4,Electronics,Female,Tier-3,0
8.91,82.6,52.7,0,0,3,1,2,1,0.3,7,Electrical,Male,Tier-3,0
8.61,98.4,52.7,2,1,8,10,3,6,0.4,5,Electronics,Female,Tier-3,1
7.8,99.0,73.3,0,1,3,10,4,6,0.7,8,Civil,Male,Tier-3,0
8.41,74.7,62.9,0,1,14,8,3,1,1.3,2,Mechanical,Male,Tier-2,0
8.69,88.9,67.1,0,2,4,0,2,4,1.1,1,Chemical,Male,Tier-2,0
7.2,81.8,87.2,0,1,10,5,1,6,4.4,1,Mechanical,Male,Tier-3,0
9.17,78.0,81.8,0,0,10,2,4,2,2.6,1,Computer Science,Male,Tier-3,0
8.22,77.6,74.0,0,2,6,0,1,1,0.2,3,Electronics,Male,Tier-3,1
6.75,76.3,76.1,0,1,6,7,1,4,2.0,8,Computer Science,Female,Tier-3,0
8.67,76.8,69.5,0,1,2,5,1,3,1.9,1,Information Technology,Male,Tier-3,1
8.58,97.9,86.0,0,1,2,3,1,6,0.9,2,Civil,Male,Tier-3,0
7.78,80.6,85.3,0,0,3,2,7,1,0.4,2,Computer Science,Male,Tier-3,1
7.89,98.9,87.9,0,0,3,9,6,0,0.2,6,Mechanical,Male,Tier-2,0
7.34,67.2,87.3,0,1,4,1,8,4,0.2,1,Mechanical,Female,Tier-2,0
8.11,44.0,75.7,0,0,4,4,2,0,0.4,6,Electrical,Male,Tier-1,1
7.36,72.4,65.9,2,2,4,7,0,2,0.7,1,Mechanical,Male,Tier-3,0
8.18,68.0,72.8,1,0,10,7,5,3,0.9,4,Information Technology,Male,Tier-3,1
7.98,60.1,76.5,0,1,10,2,8,0,0.4,5,Civil,Male,Tier-3,0
7.36,93.6,66.2,0,1,11,8,0,6,0.4,1,Mechanical,Male,Tier-1,1
9.65,62.0,96.2,0,1,3,9,0,1,0.0,4,Electronics,Female,Tier-1,1
8.1,85.0,96.3,0,1,1,4,3,4,0.0,2,Computer Science,Male,Tier-1,1
9.77,99.0,73.4,2,1,9,6,0,6,2.4,1,Electronics,Female,Tier-3,1
8.14,64.2,88.4,0,0,14,10,8,3,0.0,4,Electrical,Female,Tier-3,0
9.44,75.2,82.3,0,0,2,8,5,4,0.0,7,Electronics,Female,Tier-2,1
9.42,94.2,68.5,0,2,14,6,4,6,0.2,4,Mechanical,Male,Tier-2,1
9.6,73.0,80.4,0,2,3,9,4,5,1.4,7,Electrical,Female,Tier-1,1
9.09,82.0,64.9,0,0,2,2,1,6,1.1,8,Electronics,Male,Tier-3,0
8.32,85.7,63.6,0,0,6,1,2,3,1.0,5,Computer Science,Female,Tier-3,0
9.26,80.1,81.2,0,0,6,6,6,5,0.9,2,Computer Science,Female,Tier-2,1
9.51,72.6,81.4,0,3,13,9,3,0,0.2,5,Civil,Male,Tier-3,0
8.38,68.6,99.0,0,0,1,7,5,2,0.5,5,Computer Science,Male,Tier-2,1
8.57,64.9,73.0,0,0,4,3,7,5,0.7,7,Chemical,Female,Tier-3,0
7.8,85.2,68.1,0,0,10,0,0,4,0.9,6,Computer Science,Male,Tier-1,1
9.54,70.1,87.0,0,1,15,5,5,1,0.2,6,Civil,Female,Tier-2,1
6.81,92.4,74.7,0,2,5,8,0,4,1.3,5,Electrical,Male,Tier-3,0
8.58,97.1,66.6,0,0,12,3,7,5,0.4,8,Information Technology,Female,Tier-2,1
7.75,64.1,67.4,0,0,6,2,3,2,1.1,8,Electronics,Male,Tier-1,0
8.91,86.9,72.7,0,1,5,5,4,5,0.7,2,Chemical,Female,Tier-1,0
8.34,99.0,88.7,0,0,15,5,1,0,0.9,1,Chemical,Female,Tier-3,0
8.03,67.7,80.6,0,0,3,3,2,1,0.5,5,Electrical,Female,Tier-3,0
8.39,92.4,64.2,0,2,3,6,6,1,0.6,3,Information Technology,Male,Tier-1,1
8.38,84.7,98.9,0,2,3,10,6,6,2.0,2,Computer Science,Male,Tier-3,1
9.2,89.5,63.2,0,3,6,1,7,0,0.6,4,Computer Science,Female,Tier-3,1
9.02,68.9,65.4,0,1,4,0,2,4,1.6,4,Computer Science,Female,Tier-2,1
9.62,99.0,90.2,0,0,4,10,1,1,0.5,2,Mechanical,Female,Tier-3,0
8.11,70.0,94.5,1,1,3,5,1,4,1.2,7,Civil,Male,Tier-1,1
8.8,85.7,79.6,0,0,14,2,5,4,0.3,4,Computer Science,Female,Tier-2,1
9.05,77.2,58.2,0,0,4,2,1,0,2.5,2,Electrical,Female,Tier-1,1
7.96,84.4,76.3,0,0,8,0,3,2,3.4,1,Mechanical,Female,Tier-3,0
9.78,66.2,57.2,0,3,3,1,8,6,2.3,6,Electronics,Male,Tier-3,0
8.82,63.3,99.0,0,1,10,2,2,2,0.4,6,Chemical,Male,Tier-2,0
9.42,81.4,78.7,0,0,3,0,0,4,0.3,2,Information Technology,Male,Tier-3,0
8.73,73.6,85.4,0,0,6,7,1,6,0.2,1,Computer Science,Female,Tier-3,0
6.71,73.2,70.2,0,2,1,5,6,0,2.1,2,Information Technology,Female,Tier-2,1
9.6,84.5,98.5,0,2,10,8,8,2,0.1,5,Electronics,Female,Tier-3,1
8.33,60.1,68.5,0,1,6,0,8,5,1.0,8,Information Technology,Female,Tier-2,1
9.7,92.5,63.8,0,0,15,10,3,4,0.4,3,Civil,Male,Tier-3,0
8.71,79.4,79.0,0,1,11,3,7,1,0.2,1,Electrical,Male,Tier-3,1
9.54,87.2,86.4,0,1,9,3,0,1,0.2,3,Chemical,Female,Tier-2,0
9.96,84.3,99.0,0,3,3,4,5,5,2.0,7,Civil,Male,Tier-2,1
8.39,85.0,96.0,0,0,2,10,7,3,2.0,4,Electronics,Female,Tier-2,0
8.63,63.6,90.5,0,1,3,1,1,3,0.3,1,Mechanical,Male,Tier-2,0
8.99,92.0,66.1,0,0,12,0,7,3,0.0,4,Computer Science,Male,Tier-2,1
8.78,81.3,65.8,0,1,3,8,3,2,2.0,5,Information Technology,Male,Tier-1,1
7.72,72.3,63.6,1,0,2,4,1,6,0.1,7,Chemical,Male,Tier-2,0
8.97,76.5,73.0,3,2,13,7,3,5,0.1,7,Information Technology,Female,Tier-2,1
8.77,82.3,50.1,0,0,11,2,7,1,1.7,6,Electronics,Male,Tier-3,0
8.98,80.2,92.8,0,1,4,3,3,1,1.7,5,Information Technology,Male,Tier-2,1
9.68,85.2,61.7,0,1,8,3,7,2,0.2,7,Mechanical,Female,Tier-2,1
8.65,97.8,60.1,0,2,7,5,6,1,0.0,1,Information Technology,Female,Tier-2,1
7.93,65.6,69.7,0,1,10,3,4,1,0.1,8,Mechanical,Female,Tier-3,0
9.98,87.0,57.5,0,0,9,4,7,4,0.6,8,Chemical,Male,Tier-2,1
7.03,76.7,83.4,0,0,8,4,1,1,0.5,1,Information Technology,Male,Tier-2,0
9.43,91.7,62.4,0,1,13,7,2,4,0.2,3,Information Technology,Male,Tier-2,1
8.58,97.5,81.5,0,1,7,8,3,3,2.4,4,Information Technology,Male,Tier-1,1
9.6,80.4,87.0,0,0,6,10,4,0,0.8,3,Information Technology,Male,Tier-3,1
9.56,85.4,67.9,0,1,3,7,4,4,1.6,1,Information Technology,Female,Tier-3,1
7.91,92.6,65.7,1,0,10,4,0,6,0.1,6,Mechanical,Female,Tier-1,0
9.14,90.0,64.6,5,3,4,5,0,5,3.6,3,Electronics,Female,Tier-1,1
8.09,93.1,60.9,0,0,8,3,0,1,1.7,8,Electronics,Male,Tier-2,0
7.34,74.4,69.5,0,0,12,1,4,3,0.3,1,Civil,Male,Tier-3,0
7.46,71.8,75.9,0,0,2,10,1,0,0.0,2,Computer Science,Male,Tier-2,0
8.99,64.4,57.0,1,1,15,10,2,0,0.2,4,Computer Science,Male,Tier-3,1
9.41,75.7,66.7,0,0,12,4,7,3,0.5,5,Electronics,Male,Tier-2,1
9.15,77.0,77.1,0,1,6,0,7,3,0.0,5,Information Technology,Female,Tier-2,1
8.1,76.3,75.5,0,0,15,0,1,0,0.0,3,Computer Science,Male,Tier-1,1
7.62,83.9,40.3,4,0,13,0,7,0,0.1,6,Mechanical,Female,Tier-1,0
7.67,84.2,83.2,1,2,1,3,8,1,1.7,5,Electronics,Female,Tier-3,0
9.26,77.2,91.1,0,3,7,4,5,5,0.8,2,Computer Science,Female,Tier-1,1
9.85,82.2,67.6,1,1,4,3,0,4,0.2,2,Information Technology,Male,Tier-2,1
9.67,87.9,52.4,0,2,12,5,2,4,0.3,3,Mechanical,Female,Tier-2,0
9.48,68.4,65.1,0,0,1,1,4,0,1.0,5,Information Technology,Female,Tier-2,1
8.85,89.2,64.7,0,0,5,4,2,0,0.4,5,Computer Science,Male,Tier-3,0
9.91,70.7,90.6,0,0,5,5,2,6,1.1,7,Chemical,Male,Tier-2,0
7.37,95.3,60.8,0,3,13,4,8,5,1.5,7,Computer Science,Male,Tier-2,1
9.11,80.0,70.3,1,1,6,5,4,5,0.4,1,Computer Science,Female,Tier-1,1
9.47,78.8,96.8,0,0,15,7,7,2,0.5,3,Mechanical,Male,Tier-2,1
7.46,56.5,77.1,4,0,12,1,6,0,0.1,1,Information Technology,Male,Tier-2,0
8.71,85.9,77.5,0,0,8,6,3,4,1.7,8,Mechanical,Female,Tier-2,0
8.59,79.1,73.7,0,0,15,5,2,1,0.9,2,Electronics,Female,Tier-3,0
8.42,80.1,87.7,0,1,4,9,2,2,2.2,6,Computer Science,Male,Tier-3,1
7.54,76.9,80.3,1,0,13,7,1,4,0.2,3,Mechanical,Female,Tier-2,0
9.78,85.5,99.0,0,0,12,8,4,1,3.2,8,Civil,Female,Tier-3,0
8.34,87.9,99.0,0,0,7,7,1,5,1.2,6,Electronics,Male,Tier-2,1
8.06,83.8,79.1,0,1,11,4,1,5,0.2,1,Information Technology,Female,Tier-3,1
8.29,93.8,74.5,0,1,15,3,3,2,0.6,6,Computer Science,Male,Tier-3,1
8.65,69.4,77.1,0,1,4,2,5,2,1.2,2,Electrical,Male,Tier-3,0
9.3,70.9,67.6,0,1,14,9,5,2,0.0,6,Mechanical,Male,Tier-2,1
9.38,82.9,76.7,0,0,13,8,7,2,1.5,5,Computer Science,Female,Tier-1,1
9.51,85.9,56.3,0,0,15,6,5,2,3.0,3,Civil,Female,Tier-3,0
9.92,84.2,65.7,0,2,2,0,5,2,0.1,1,Computer Science,Female,Tier-3,1
9.18,62.5,85.2,0,0,8,2,3,3,2.3,7,Mechanical,Male,Tier-1,1
9.8,63.6,82.0,1,1,5,2,4,5,0.6,6,Mechanical,Female,Tier-2,0
8.43,75.8,73.3,0,3,10,5,6,1,0.7,6,Electrical,Male,Tier-3,0
8.66,56.5,80.4,0,1,4,1,8,4,1.8,4,Computer Science,Female,Tier-2,1
8.69,81.1,94.6,0,0,12,3,3,0,0.9,6,Electronics,Female,Tier-2,1
9.3,77.1,70.0,2,3,14,1,0,4,0.4,5,Electronics,Male,Tier-2,1
7.97,67.0,56.3,0,0,2,4,5,3,1.3,6,Computer Science,Male,Tier-3,0
9.44,71.4,83.2,1,1,7,3,1,3,0.1,8,Mechanical,Male,Tier-3,0
8.44,79.3,82.0,1,0,5,3,6,6,1.1,1,Information Technology,Female,Tier-3,0
8.62,60.1,84.9,0,1,9,3,5,2,1.5,8,Information Technology,Male,Tier-1,1
8.16,70.8,59.4,0,1,7,3,8,3,0.4,8,Computer Science,Male,Tier-1,1
8.3,74.8,55.5,0,1,9,4,5,4,3.5,1,Computer Science,Male,Tier-3,1
8.46,74.4,78.4,0,1,13,1,5,3,1.0,3,Computer Science,Male,Tier-3,1
8.95,74.7,77.5,0,3,12,5,3,4,0.1,7,Computer Science,Male,Tier-2,1
7.01,94.3,70.4,1,0,10,0,8,2,3.4,7,Electronics,Female,Tier-3,0
8.77,89.4,93.8,0,2,15,9,2,2,1.4,7,Computer Science,Male,Tier-3,1
9.53,70.3,74.9,0,0,10,1,0,3,1.2,4,Electrical,Female,Tier-2,0
8.26,65.6,91.0,0,0,13,2,7,5,0.3,8,Computer Science,Male,Tier-3,1
9.6,73.0,86.4,0,3,5,1,7,0,0.6,5,Mechanical,Male,Tier-2,1
9.2,92.7,60.8,0,1,11,2,0,2,2.3,5,Computer Science,Male,Tier-1,1
9.6,52.5,63.5,0,0,6,7,8,1,0.4,7,Civil,Female,Tier-1,0
7.91,79.0,58.3,0,1,8,2,1,1,0.6,7,Computer Science,Male,Tier-2,1
8.82,74.3,80.6,0,0,10,10,5,6,0.3,3,Mechanical,Male,Tier-3,0
7.0,92.4,76.3,0,1,6,9,8,2,0.2,3,Information Technology,Male,Tier-2,1
8.15,89.8,92.6,1,1,11,0,5,5,0.0,3,Electronics,Male,Tier-3,0
9.5,60.4,82.7,0,2,4,10,6,5,1.3,8,Information Technology,Female,Tier-3,1
7.44,92.4,58.1,0,0,2,7,8,3,0.1,8,Information Technology,Male,Tier-3,1
8.93,50.0,69.0,0,0,6,7,4,2,0.8,8,Computer Science,Male,Tier-3,1
7.61,85.3,47.6,0,0,13,6,0,3,0.1,4,Computer Science,Male,Tier-1,1
7.19,86.4,78.8,0,0,13,3,8,4,4.1,7,Civil,Male,Tier-1,1
9.42,98.2,99.0,0,3,12,4,6,0,1.2,8,Computer Science,Male,Tier-3,1
9.01,80.7,76.7,0,3,14,10,7,0,1.0,3,Electronics,Female,Tier-3,1
7.13,70.0,77.6,1,1,14,9,1,4,0.2,4,Mechanical,Male,Tier-2,1
7.29,65.9,74.8,0,1,9,5,4,4,0.8,4,Mechanical,Female,Tier-1,0
8.96,95.5,79.6,0,2,8,5,7,4,0.7,2,Electronics,Male,Tier-3,1
9.36,98.4,73.0,0,0,3,6,6,0,0.4,3,Mechanical,Female,Tier-2,1
7.92,72.6,83.0,0,0,5,3,6,2,0.2,3,Electronics,Female,Tier-2,0
9.31,78.3,65.0,0,0,6,7,3,1,0.5,8,Electrical,Male,Tier-2,0
9.04,94.4,65.5,0,2,7,1,1,5,0.9,5,Mechanical,Female,Tier-3,0
8.52,87.2,58.2,0,1,2,8,2,5,0.7,3,Information Technology,Female,Tier-2,1
9.47,75.8,74.6,0,1,6,5,8,3,0.8,4,Information Technology,Female,Tier-1,1
7.78,68.9,60.6,0,0,2,0,3,1,0.8,7,Computer Science,Female,Tier-1,1
8.52,67.9,93.9,0,1,8,0,0,3,0.3,3,Chemical,Female,Tier-2,0
8.16,89.4,69.4,0,2,7,7,3,0,0.1,1,Electrical,Male,Tier-1,1
8.67,73.6,49.4,0,0,2,9,7,2,0.7,5,Computer Science,Male,Tier-3,0
8.33,73.1,60.2,0,1,4,9,7,1,2.2,6,Electrical,Female,Tier-1,1
7.47,85.3,76.8,0,0,7,6,1,4,5.0,1,Computer Science,Male,Tier-3,0
8.97,79.0,83.5,0,1,9,2,3,4,1.5,4,Computer Science,Male,Tier-2,1
9.83,82.7,79.6,0,1,3,7,6,4,0.2,1,Mechanical,Male,Tier-3,0
9.05,74.1,64.3,0,0,10,7,7,6,1.0,6,Mechanical,Male,Tier-1,1
9.05,73.6,67.6,1,1,10,6,0,6,0.3,4,Electronics,Female,Tier-3,0
8.92,69.2,66.1,0,0,8,4,7,6,0.9,5,Chemical,Male,Tier-3,0
9.69,86.5,82.4,0,2,13,7,0,5,0.7,6,Electronics,Female,Tier-3,0
9.77,79.0,76.5,0,3,9,4,5,1,0.5,2,Information Technology,Female,Tier-2,1
8.71,81.5,69.2,0,1,13,0,4,6,1.0,1,Computer Science,Female,Tier-2,1
8.52,65.8,66.4,0,0,8,7,6,6,1.9,5,Electrical,Male,Tier-1,1
8.95,86.3,68.2,0,1,4,6,5,2,0.4,2,Information Technology,Male,Tier-2,1
7.78,81.7,75.1,0,1,4,6,0,2,0.7,8,Civil,Female,Tier-3,0
7.69,86.8,92.4,0,0,11,1,5,4,0.6,4,Civil,Female,Tier-1,1
9.48,82.1,77.4,0,0,7,10,2,1,0.3,4,Computer Science,Male,Tier-3,0
9.03,81.4,70.6,0,2,4,2,5,4,0.5,2,Civil,Male,Tier-1,1
7.89,56.2,69.6,0,1,15,2,6,3,0.0,6,Information Technology,Female,Tier-3,0
8.37,91.7,97.1,0,2,11,10,5,3,0.7,8,Civil,Female,Tier-3,0
8.7,62.2,85.7,2,1,13,9,8,1,1.3,6,Electronics,Male,Tier-2,0
7.77,90.4,87.7,0,1,10,5,8,3,0.5,5,Electronics,Female,Tier-2,0
8.91,77.1,84.7,0,1,10,5,7,0,1.4,7,Computer Science,Female,Tier-3,1
8.57,58.7,74.4,0,0,7,2,4,0,1.4,2,Information Technology,Male,Tier-3,0
9.52,77.0,90.6,0,2,9,10,2,0,4.1,1,Chemical,Male,Tier-3,0
9.5,60.0,55.9,0,4,12,4,3,3,0.8,8,Electrical,Female,Tier-2,1
9.63,91.3,95.2,0,2,9,8,7,2,0.5,8,Chemical,Male,Tier-3,1
8.3,71.8,84.6,0,1,9,6,8,0,1.0,2,Electronics,Male,Tier-1,1
9.32,65.5,81.3,2,1,10,8,7,4,1.0,3,Civil,Female,Tier-1,0
8.92,85.9,65.2,0,1,12,1,2,6,4.4,1,Electronics,Female,Tier-3,0
8.9,77.5,87.1,3,2,10,9,6,2,1.2,5,Chemical,Male,Tier-2,0
8.05,84.2,89.9,0,1,15,9,7,1,0.4,8,Chemical,Male,Tier-2,0
8.51,76.6,65.8,1,0,6,0,2,3,0.2,7,Electrical,Female,Tier-2,0
9.22,91.9,66.2,0,1,1,1,0,4,1.6,8,Mechanical,Male,Tier-2,0
9.95,73.2,61.6,1,2,12,5,6,1,0.2,7,Chemical,Male,Tier-2,0
8.73,59.1,82.1,0,0,8,9,2,3,1.0,1,Chemical,Male,Tier-1,0
9.53,64.9,73.7,1,1,14,6,0,5,0.1,4,Electronics,Male,Tier-1,1
8.98,83.2,99.0,0,0,14,7,6,3,1.3,4,Information Technology,Male,Tier-3,1
9.13,70.1,55.1,0,3,6,10,6,4,1.5,4,Computer Science,Female,Tier-3,1
8.22,93.4,63.7,0,1,7,5,3,5,4.7,7,Mechanical,Male,Tier-1,1
8.11,64.0,75.2,0,1,2,5,1,3,3.1,1,Computer Science,Male,Tier-2,1
8.81,90.2,83.6,0,1,3,2,4,3,1.3,7,Civil,Male,Tier-3,0
8.89,72.8,83.1,4,2,6,8,8,6,0.3,4,Computer Science,Female,Tier-1,1
8.01,93.7,76.1,0,2,3,10,5,3,0.0,6,Information Technology,Male,Tier-3,1
8.33,84.1,79.6,1,2,5,1,8,2,0.8,6,Electronics,Female,Tier-2,0
7.58,80.3,76.5,5,0,13,10,0,0,1.5,5,Computer Science,Male,Tier-3,0
7.69,86.0,88.6,0,0,4,4,1,5,0.0,5,Computer Science,Male,Tier-3,1
7.2,92.7,67.8,0,2,5,2,5,4,0.7,1,Electronics,Female,Tier-3,0
7.41,77.4,69.2,0,3,8,0,2,2,2.1,2,Electrical,Male,Tier-2,0
8.94,55.5,84.0,0,0,15,1,1,4,1.0,2,Information Technology,Male,Tier-1,1
9.99,92.4,95.4,0,0,4,5,5,2,1.2,8,Computer Science,Female,Tier-2,1
8.85,74.7,66.8,0,0,9,9,6,6,0.6,5,Information Technology,Male,Tier-3,1
9.63,99.0,78.1,0,0,3,0,3,3,2.9,7,Mechanical,Male,Tier-1,0
8.94,70.8,70.1,0,1,12,10,8,6,0.5,1,Computer Science,Male,Tier-1,1
8.9,73.4,82.2,0,0,7,1,2,5,0.5,5,Computer Science,Male,Tier-3,1
9.86,86.9,53.7,0,0,7,9,1,3,0.7,4,Electronics,Male,Tier-3,0
9.56,87.1,70.5,1,2,1,4,4,5,0.9,4,Mechanical,Male,Tier-2,0
7.47,83.1,67.5,0,0,3,0,8,5,0.8,5,Mechanical,Male,Tier-2,0
9.72,71.3,70.5,0,1,10,10,0,5,1.7,4,Mechanical,Female,Tier-2,1
6.39,64.1,42.0,0,0,1,10,5,6,1.8,3,Computer Science,Male,Tier-3,1
8.49,69.9,99.0,0,1,8,9,7,2,0.1,6,Electronics,Female,Tier-2,1
8.49,59.8,42.6,0,0,10,3,6,3,0.9,3,Information Technology,Male,Tier-2,0
8.64,99.0,81.2,0,0,5,4,5,6,4.1,6,Computer Science,Female,Tier-2,1
8.64,65.7,58.2,0,1,15,4,2,5,0.9,8,Computer Science,Male,Tier-2,1
7.83,74.5,58.8,1,2,4,4,8,0,1.2,6,Mechanical,Female,Tier-1,1
8.46,86.3,76.8,1,1,3,9,4,4,2.0,3,Chemical,Male,Tier-3,0
9.56,78.1,84.0,0,0,7,8,0,5,2.0,2,Computer Science,Female,Tier-3,1
9.42,70.9,61.0,0,2,8,8,8,3,0.0,7,Electronics,Male,Tier-3,0
9.86,76.2,60.6,0,0,8,4,8,5,0.3,2,Computer Science,Male,Tier-2,1
9.0,70.7,58.2,0,3,13,5,0,5,2.0,8,Information Technology,Female,Tier-3,1
8.82,74.9,77.8,0,0,1,7,6,1,1.1,1,Computer Science,Male,Tier-2,1
9.95,82.7,61.4,0,1,7,6,8,2,1.0,2,Electronics,Male,Tier-3,1
9.41,65.6,91.8,0,0,5,5,1,5,2.0,7,Computer Science,Female,Tier-2,1
9.1,91.0,60.0,2,1,2,3,5,2,1.6,8,Mechanical,Female,Tier-1,0
7.06,78.9,82.0,0,1,8,2,0,5,1.4,6,Electronics,Female,Tier-2,1
9.74,71.0,95.1,0,1,15,3,2,3,0.0,8,Information Technology,Male,Tier-3,1
9.42,74.2,75.9,0,0,2,2,4,6,1.5,5,Computer Science,Male,Tier-3,0
8.54,92.0,51.7,0,2,6,7,6,6,0.2,7,Electronics,Male,Tier-2,1
8.79,87.8,80.2,1,2,12,5,4,2,0.0,1,Chemical,Female,Tier-1,1
7.6,80.9,71.8,1,1,5,5,7,1,0.7,8,Mechanical,Male,Tier-3,0
9.63,70.8,74.5,0,1,6,0,4,2,2.9,1,Information Technology,Male,Tier-3,1
9.55,84.8,95.6,0,1,11,4,5,1,2.2,8,Mechanical,Male,Tier-2,1
9.86,78.2,75.7,0,0,10,7,1,2,4.0,5,Electronics,Female,Tier-1,1
8.55,98.9,81.7,0,3,8,10,4,2,0.3,3,Computer Science,Male,Tier-3,1
9.62,77.5,66.4,3,0,9,1,6,1,1.2,2,Mechanical,Male,Tier-2,1
7.16,98.2,71.4,0,1,13,2,0,4,0.1,1,Computer Science,Male,Tier-1,1
8.42,80.3,89.6,0,1,3,8,8,5,1.6,3,Information Technology,Male,Tier-2,1
8.48,65.6,76.8,0,1,3,3,8,0,0.7,6,Electronics,Male,Tier-3,1
7.96,99.0,78.7,0,2,7,10,7,5,5.0,4,Civil,Female,Tier-2,1
8.23,60.6,88.0,0,0,3,9,8,6,0.3,6,Electronics,Female,Tier-2,0
8.84,54.3,96.2,0,1,11,4,4,1,1.5,8,Information Technology,Male,Tier-2,1
7.88,53.1,60.0,0,1,14,10,6,0,0.2,3,Mechanical,Male,Tier-2,0
8.5,99.0,68.6,0,0,10,6,0,6,0.3,3,Computer Science,Male,Tier-1,1
9.29,99.0,94.0,0,1,12,4,6,5,0.4,6,Civil,Male,Tier-3,1
8.47,79.7,99.0,1,2,5,1,8,5,0.9,2,Computer Science,Male,Tier-2,1
8.79,83.2,71.6,1,0,10,6,2,2,0.5,4,Electronics,Female,Tier-3,0
8.18,81.0,78.5,0,1,15,10,8,4,0.6,1,Computer Science,Male,Tier-2,1
9.17,56.8,79.6,1,1,4,5,4,1,0.7,6,Information Technology,Female,Tier-2,1
9.27,95.5,78.0,3,1,11,10,8,4,0.1,5,Information Technology,Male,Tier-2,1
8.2,93.9,78.2,0,2,9,8,7,1,1.1,8,Information Technology,Male,Tier-1,1
8.6,63.2,92.7,0,0,11,1,6,5,1.0,1,Electrical,Male,Tier-1,1
8.78,81.9,51.6,0,1,12,1,5,3,3.3,2,Computer Science,Male,Tier-3,1
7.64,77.1,66.5,0,1,8,7,1,1,0.1,7,Computer Science,Female,Tier-3,0
7.23,75.5,83.3,0,0,12,9,6,0,0.0,6,Electronics,Male,Tier-2,1
9.6,69.9,68.5,0,2,9,10,1,3,0.1,1,Chemical,Male,Tier-3,0
9.29,76.7,78.7,1,0,6,0,5,2,0.5,2,Electronics,Female,Tier-3,0
9.18,71.7,89.1,0,0,2,7,5,5,0.2,2,Chemical,Male,Tier-2,0
7.82,90.8,95.8,0,1,8,4,8,6,0.2,7,Computer Science,Male,Tier-2,1
7.37,77.7,78.6,0,0,14,0,3,1,2.0,1,Computer Science,Female,Tier-3,1
7.79,69.7,94.4,0,1,1,9,8,5,0.4,5,Information Technology,Male,Tier-3,1
8.23,77.7,76.8,0,2,11,10,1,0,0.5,5,Mechanical,Male,Tier-3,0
7.47,76.3,71.1,0,0,5,0,4,6,1.2,1,Electronics,Male,Tier-3,0
8.11,75.8,54.9,0,0,2,5,2,2,0.4,7,Computer Science,Male,Tier-3,0
9.82,86.1,62.0,3,0,13,9,5,0,0.8,4,Mechanical,Female,Tier-2,0
9.89,74.7,75.1,0,0,7,10,1,2,0.7,8,Civil,Male,Tier-1,1
6.99,71.1,75.3,0,0,5,1,8,5,0.3,3,Mechanical,Female,Tier-1,0
9.2,61.7,78.0,0,2,10,1,3,1,1.3,5,Mechanical,Female,Tier-3,0
8.98,77.9,98.9,0,1,3,0,6,6,1.8,2,Information Technology,Male,Tier-3,1
9.1,92.9,84.8,0,0,14,0,4,6,1.5,5,Electronics,Female,Tier-3,1
8.13,76.5,85.5,0,2,7,3,7,6,0.5,8,Computer Science,Male,Tier-1,1
9.4,72.0,98.8,3,0,12,4,3,4,2.7,6,Information Technology,Male,Tier-3,1
9.3,68.9,70.4,0,1,3,3,6,2,2.3,4,Civil,Male,Tier-3,0
9.92,57.3,68.4,0,0,6,5,4,6,0.3,1,Civil,Female,Tier-2,0
9.13,92.1,90.9,0,0,4,7,2,5,0.1,4,Chemical,Male,Tier-2,0
7.35,83.8,81.3,0,1,12,10,7,4,2.2,3,Chemical,Female,Tier-2,1
8.46,87.2,74.4,1,1,10,10,5,6,1.4,7,Chemical,Male,Tier-2,1
8.65,81.0,74.2,0,1,2,1,3,2,0.4,5,Computer Science,Male,Tier-2,1
8.36,68.3,72.8,0,1,9,0,8,4,0.4,6,Computer Science,Male,Tier-3,1
9.3,74.2,73.7,1,0,6,1,8,1,0.4,2,Electrical,Female,Tier-3,0
7.94,72.0,75.0,0,1,15,9,1,0,2.0,6,Information Technology,Female,Tier-3,1
9.87,73.0,71.1,0,2,5,10,8,1,0.3,7,Information Technology,Female,Tier-3,1
8.92,73.1,82.2,0,0,13,5,3,2,1.1,2,Electronics,Female,Tier-3,0
7.58,91.3,84.7,0,0,5,10,8,6,1.8,8,Electronics,Male,Tier-1,1
7.8,99.0,67.7,0,1,8,3,7,3,0.5,4,Computer Science,Female,Tier-2,1
9.84,67.5,86.7,0,1,5,6,2,0,0.1,6,Civil,Female,Tier-2,0
7.76,76.0,58.5,3,1,8,1,6,6,1.4,6,Electrical,Male,Tier-1,0
9.11,80.6,81.5,0,1,8,0,1,4,0.0,7,Mechanical,Male,Tier-2,0
9.75,66.2,82.2,0,3,1,4,1,0,1.8,1,Computer Science,Male,Tier-1,1
7.7,78.6,73.9,0,0,4,8,3,0,0.4,7,Computer Science,Male,Tier-2,1
9.71,82.2,75.7,0,1,9,5,6,6,1.6,3,Information Technology,Male,Tier-2,1
9.42,77.1,72.0,0,1,14,5,3,1,0.8,1,Electronics,Female,Tier-2,1
7.51,85.5,68.4,0,1,15,0,1,2,0.4,8,Electronics,Male,Tier-2,1
8.93,78.0,75.0,0,0,2,0,1,5,2.3,5,Computer Science,Female,Tier-2,0
9.77,43.6,67.9,0,1,11,3,4,5,1.5,6,Chemical,Male,Tier-2,0
7.22,66.5,89.8,0,1,4,1,2,1,0.1,4,Electronics,Female,Tier-1,0
8.46,95.2,47.7,3,1,4,2,2,2,2.7,4,Electronics,Male,Tier-3,0
8.58,84.2,73.3,0,0,1,10,0,3,0.6,2,Computer Science,Female,Tier-2,1
8.05,43.8,50.3,0,1,10,5,2,1,0.2,5,Chemical,Male,Tier-3,0
8.45,59.9,61.2,0,2,10,9,3,6,1.5,2,Electronics,Male,Tier-3,1
8.06,86.7,67.5,0,2,14,0,5,3,0.7,8,Computer Science,Female,Tier-3,1
8.79,71.1,92.4,0,1,7,10,5,2,1.1,1,Mechanical,Male,Tier-1,0
6.27,45.6,90.0,0,1,12,10,4,0,1.2,4,Information Technology,Female,Tier-3,0
8.73,90.7,75.9,0,0,1,9,3,3,0.2,4,Civil,Female,Tier-2,0
8.78,86.7,75.8,0,1,5,1,5,3,3.5,6,Electronics,Male,Tier-1,1
8.41,68.0,88.5,0,0,8,3,4,6,0.1,3,Computer Science,Male,Tier-3,1
9.3,92.9,89.7,0,2,4,5,0,2,0.9,6,Mechanical,Male,Tier-1,1
9.13,68.5,67.5,0,0,5,2,1,2,0.2,8,Information Technology,Female,Tier-3,0
8.64,70.5,83.7,0,1,11,8,8,6,2.1,1,Information Technology,Male,Tier-3,1
8.25,72.2,62.6,0,2,10,9,3,1,0.2,5,Civil,Female,Tier-1,1
8.05,55.3,69.9,1,2,12,3,5,1,0.6,3,Computer Science,Female,Tier-3,1
8.42,83.0,82.7,0,1,3,6,4,2,0.1,6,Chemical,Female,Tier-1,1
7.86,84.2,66.4,0,1,5,10,1,3,0.6,4,Mechanical,Male,Tier-2,0
7.63,72.5,70.4,0,1,12,4,0,6,0.0,5,Computer Science,Male,Tier-1,1
8.96,86.5,53.4,0,0,3,5,0,4,0.6,2,Computer Science,Male,Tier-3,1
9.74,58.9,80.9,0,0,4,8,0,1,1.2,1,Electronics,Male,Tier-1,1
7.57,86.2,63.5,1,0,11,8,5,2,0.2,8,Information Technology,Female,Tier-3,0
9.3,81.9,64.3,0,0,3,5,6,4,0.8,2,Computer Science,Male,Tier-3,1
8.62,69.7,92.6,0,3,5,1,6,4,0.6,4,Electronics,Male,Tier-3,0
9.92,83.0,66.1,5,0,2,8,8,6,0.4,3,Information Technology,Male,Tier-1,1
7.91,67.4,84.8,4,1,9,10,2,4,1.1,8,Information Technology,Female,Tier-3,0
8.69,91.3,89.3,0,0,3,1,8,4,5.0,8,Computer Science,Female,Tier-3,1
8.01,84.3,86.9,0,3,10,1,0,0,2.8,2,Computer Science,Male,Tier-3,1
9.8,82.4,71.8,0,0,14,1,1,1,3.5,4,Computer Science,Male,Tier-2,1
8.27,72.5,69.4,2,1,1,6,6,4,0.0,8,Electrical,Male,Tier-2,0
9.66,87.3,63.1,0,1,5,10,1,4,0.3,2,Electronics,Female,Tier-2,0
7.35,92.4,52.1,5,2,4,3,3,6,2.6,1,Electronics,Male,Tier-2,0
8.75,97.3,85.0,0,0,2,7,1,2,0.0,2,Mechanical,Female,Tier-2,0
8.78,71.5,83.8,0,2,15,7,1,5,0.5,1,Information Technology,Male,Tier-3,1
9.32,87.8,81.2,0,1,12,0,0,2,1.1,1,Civil,Female,Tier-2,0
9.73,94.7,38.1,0,0,12,0,8,5,4.1,6,Computer Science,Female,Tier-3,1
8.95,75.1,72.7,2,0,8,3,2,0,0.3,5,Civil,Male,Tier-3,0
7.31,94.9,83.2,0,1,9,1,0,4,1.4,3,Computer Science,Male,Tier-3,0
8.1,79.9,91.7,0,0,6,2,5,0,1.1,2,Computer Science,Male,Tier-2,1
7.48,65.8,78.9,0,2,8,9,7,6,1.0,7,Electrical,Female,Tier-1,1
9.83,69.5,77.5,0,0,2,1,6,5,1.4,6,Computer Science,Male,Tier-3,1
9.43,60.7,66.2,0,1,11,9,6,6,0.3,4,Computer Science,Female,Tier-2,1
8.36,77.5,79.9,1,1,6,8,1,2,0.4,5,Computer Science,Male,Tier-2,1
8.91,76.1,71.9,0,1,1,5,3,5,0.8,7,Electronics,Female,Tier-2,1
9.12,80.3,65.5,0,0,10,6,5,1,0.6,3,Information Technology,Male,Tier-1,1
9.25,94.3,60.0,0,2,3,5,1,3,1.3,8,Mechanical,Female,Tier-3,0
9.39,77.8,62.7,0,1,15,0,4,3,1.6,5,Computer Science,Female,Tier-1,1
9.53,74.8,79.2,0,1,7,4,4,5,0.8,2,Information Technology,Male,Tier-2,1
7.66,75.6,57.0,5,1,12,2,2,0,0.5,6,Information Technology,Male,Tier-2,0
8.55,55.8,71.2,0,1,13,9,1,2,2.4,2,Electronics,Female,Tier-2,1
9.18,86.2,92.0,0,3,13,7,6,6,1.4,2,Information Technology,Female,Tier-3,1
9.55,76.2,56.4,0,2,1,6,7,3,1.1,3,Chemical,Female,Tier-3,0
9.48,79.0,80.8,0,0,6,8,3,4,0.1,5,Information Technology,Female,Tier-2,1
8.05,75.6,82.1,0,0,7,0,3,1,0.8,8,Mechanical,Female,Tier-2,0
8.04,79.5,71.2,0,4,3,1,8,2,0.1,4,Information Technology,Female,Tier-2,1
8.53,62.3,83.1,0,0,11,1,3,0,1.1,8,Electronics,Female,Tier-3,0
9.14,78.0,72.6,0,3,8,0,2,6,0.4,5,Computer Science,Male,Tier-2,1
9.66,70.8,85.3,0,1,8,7,0,2,1.3,3,Computer Science,Male,Tier-1,1
7.82,78.4,61.1,0,0,5,3,2,6,1.5,1,Chemical,Male,Tier-2,0
6.93,65.8,99.0,0,0,11,6,4,1,0.4,1,Electronics,Female,Tier-1,0
7.76,83.7,93.7,0,1,2,9,1,5,3.7,1,Electronics,Male,Tier-2,0
6.96,78.3,46.0,0,2,2,0,4,2,0.7,4,Mechanical,Male,Tier-1,1
9.24,62.5,90.2,0,0,5,7,8,5,0.2,3,Computer Science,Male,Tier-1,1
9.23,89.4,67.5,0,0,4,10,5,0,1.5,3,Civil,Female,Tier-3,0
9.54,71.8,93.6,0,2,12,7,2,4,1.4,1,Computer Science,Female,Tier-1,1
7.77,73.7,88.1,0,0,4,10,4,2,0.5,3,Electronics,Male,Tier-3,0
9.54,87.6,60.9,0,1,5,9,0,0,1.1,3,Computer Science,Female,Tier-3,1
7.77,90.9,82.5,1,1,1,2,7,5,0.0,7,Electronics,Male,Tier-2,1
9.41,72.4,65.9,0,0,15,8,8,5,0.3,2,Electronics,Female,Tier-2,0
9.95,79.3,82.0,0,0,7,4,4,4,2.1,4,Information Technology,Male,Tier-2,1
7.65,86.2,75.6,0,0,3,4,8,3,0.3,3,Information Technology,Male,Tier-1,1
7.93,93.2,65.5,0,0,10,4,7,2,2.4,8,Computer Science,Male,Tier-3,1
8.31,79.1,57.6,0,1,14,0,7,4,0.9,6,Computer Science,Male,Tier-3,1
8.19,83.7,78.0,0,1,15,9,1,5,2.3,1,Electronics,Female,Tier-3,0
7.76,67.0,81.0,0,1,10,1,4,3,0.1,5,Mechanical,Female,Tier-1,1
8.44,59.9,72.9,0,1,14,0,7,6,0.6,5,Electronics,Male,Tier-3,0
8.62,84.7,64.9,0,0,8,1,2,5,0.4,4,Computer Science,Female,Tier-3,1
9.39,68.3,68.7,0,0,9,8,0,6,2.2,3,Chemical,Male,Tier-3,0
9.5,66.9,60.7,4,0,8,8,3,2,0.4,2,Mechanical,Female,Tier-1,0
9.63,85.7,84.6,0,1,11,4,3,2,0.9,3,Computer Science,Female,Tier-3,1
9.06,76.2,46.9,0,2,12,3,3,1,1.8,8,Mechanical,Male,Tier-3,0
7.46,80.7,87.4,0,0,14,1,3,2,0.3,1,Computer Science,Male,Tier-3,1
9.85,62.6,74.0,1,1,2,5,8,2,0.0,6,Civil,Male,Tier-1,1
8.96,67.1,81.8,0,1,15,8,0,4,0.7,3,Electronics,Male,Tier-1,1
8.58,97.6,83.1,0,1,7,7,8,0,1.2,7,Information Technology,Female,Tier-3,1
9.38,70.1,76.5,0,3,12,9,6,1,1.3,5,Computer Science,Male,Tier-1,1
8.82,75.6,69.9,0,0,4,3,4,2,0.5,7,Mechanical,Male,Tier-2,0
9.06,80.8,89.4,1,0,13,5,1,4,0.1,7,Civil,Male,Tier-3,0
9.04,65.2,52.7,0,0,5,10,3,5,0.5,5,Information Technology,Female,Tier-2,0
7.24,94.2,91.9,1,0,11,8,3,6,0.1,4,Computer Science,Male,Tier-2,0
7.53,78.1,60.4,1,1,10,9,3,5,0.1,8,Civil,Male,Tier-3,0
9.36,75.2,70.8,2,2,5,9,1,6,0.4,6,Mechanical,Female,Tier-3,0
7.35,90.8,93.6,0,1,11,10,7,4,1.5,7,Civil,Female,Tier-2,1
9.08,88.9,99.0,1,0,9,3,3,6,1.5,8,Electronics,Male,Tier-1,1
8.26,99.0,77.4,0,0,12,8,8,0,0.9,1,Electronics,Female,Tier-3,0
8.2,72.8,57.4,0,2,2,7,1,3,1.8,4,Computer Science,Male,Tier-3,1
8.67,99.0,86.1,0,1,2,2,6,2,0.7,3,Computer Science,Male,Tier-1,1
9.73,85.8,74.5,0,2,3,8,4,6,0.3,6,Electronics,Male,Tier-3,1
7.31,98.3,61.2,0,1,5,4,4,3,0.8,2,Electrical,Male,Tier-2,0
7.97,89.8,77.8,0,4,12,0,6,0,2.6,4,Computer Science,Male,Tier-1,1
9.23,70.3,58.0,0,2,4,10,3,4,0.0,5,Chemical,Female,Tier-3,0
9.0,68.0,77.5,0,1,10,7,2,3,3.3,1,Chemical,Female,Tier-2,0
7.2,56.4,63.0,1,1,10,4,8,0,1.4,3,Mechanical,Male,Tier-1,1
8.82,53.9,49.4,0,1,12,4,2,3,1.2,8,Electrical,Male,Tier-1,1
8.82,70.7,53.4,1,0,9,1,4,5,1.0,1,Electronics,Male,Tier-3,0
8.44,93.2,67.1,0,0,3,8,1,4,0.3,1,Information Technology,Female,Tier-3,1
9.47,72.0,81.5,1,0,1,5,6,2,2.2,1,Electronics,Male,Tier-1,1
8.53,69.9,91.3,0,0,5,10,6,5,3.6,8,Electrical,Male,Tier-2,1
9.6,86.4,93.6,4,0,8,9,4,5,2.6,7,Chemical,Female,Tier-2,0
8.4,67.7,55.3,0,1,1,2,7,1,0.1,5,Civil,Female,Tier-2,0
7.91,99.0,72.1,1,3,1,6,8,5,1.3,2,Computer Science,Male,Tier-1,1
9.32,74.9,67.1,0,1,13,1,3,4,0.8,8,Electronics,Female,Tier-2,1
9.01,89.2,73.6,0,1,6,6,1,6,1.6,8,Electronics,Male,Tier-3,0
9.01,75.6,93.3,0,0,15,10,1,3,0.4,4,Electronics,Female,Tier-3,1
9.38,78.3,77.1,1,0,7,1,3,2,3.1,5,Information Technology,Female,Tier-1,1
8.65,91.5,86.3,1,1,14,10,5,1,0.4,7,Computer Science,Female,Tier-3,1
9.58,80.8,99.0,0,2,8,4,5,5,1.3,7,Civil,Male,Tier-2,0
8.15,95.9,54.7,0,0,8,9,1,0,0.7,6,Chemical,Female,Tier-1,0
8.7,68.6,68.8,0,1,3,9,0,2,1.0,2,Computer Science,Female,Tier-2,1
8.81,62.4,82.4,0,1,15,8,1,4,0.1,3,Mechanical,Male,Tier-2,0
9.1,57.0,78.5,0,0,4,8,7,3,0.9,7,Electronics,Female,Tier-3,1
7.2,93.1,88.6,0,0,9,5,4,5,0.8,7,Electrical,Male,Tier-2,1
9.91,88.8,70.0,0,1,11,2,2,1,1.3,8,Mechanical,Male,Tier-2,1
8.78,74.8,77.7,0,1,5,3,8,5,0.3,4,Mechanical,Male,Tier-3,0
8.55,81.6,65.2,0,0,15,3,6,2,1.8,7,Chemical,Female,Tier-1,0
6.98,90.8,88.8,0,0,14,8,7,6,2.9,2,Mechanical,Male,Tier-1,1
8.96,75.7,75.5,0,1,11,3,5,1,2.1,3,Electronics,Male,Tier-3,0
6.76,56.9,93.2,0,0,14,3,6,6,0.5,6,Computer Science,Male,Tier-2,1
8.0,57.0,93.3,0,2,9,4,2,1,1.4,4,Electrical,Male,Tier-3,0
8.02,64.9,58.3,0,0,12,5,0,2,0.5,7,Electronics,Female,Tier-3,0
8.14,79.2,95.3,0,0,5,7,0,6,2.0,6,Mechanical,Male,Tier-3,0
9.3,66.7,87.1,0,0,5,0,0,5,0.5,3,Electronics,Female,Tier-2,0
8.82,90.4,73.0,1,2,9,4,6,3,0.2,8,Information Technology,Female,Tier-2,1
8.22,62.7,85.9,0,1,6,8,1,6,0.7,8,Electronics,Female,Tier-2,1
7.41,69.7,68.4,0,2,3,9,5,5,0.1,8,Computer Science,Male,Tier-1,1
7.51,56.1,92.7,0,1,12,3,0,0,0.9,5,Civil,Male,Tier-3,0
9.36,72.7,76.3,0,2,5,7,7,2,0.9,8,Computer Science,Male,Tier-3,1
9.06,78.1,86.5,0,2,1,8,4,0,0.7,3,Information Technology,Female,Tier-1,1
8.29,90.9,66.8,0,0,9,0,8,1,0.9,6,Computer Science,Male,Tier-3,0
9.93,79.4,78.7,0,4,10,7,2,1,3.7,7,Civil,Female,Tier-3,1
8.97,86.9,86.5,0,2,14,7,1,6,0.5,7,Computer Science,Male,Tier-3,1
8.63,90.1,79.0,0,3,10,4,7,3,0.5,1,Information Technology,Male,Tier-1,1
8.2,82.7,82.3,0,2,11,9,4,6,0.3,7,Information Technology,Female,Tier-1,1
9.45,67.2,65.1,0,1,7,1,0,2,0.2,5,Information Technology,Male,Tier-3,1
8.34,82.9,79.0,0,3,1,6,5,5,0.3,3,Electrical,Female,Tier-2,1
9.24,95.9,65.2,0,1,14,10,2,2,0.2,5,Civil,Female,Tier-3,0
9.1,74.2,74.8,0,1,11,10,7,4,0.6,4,Mechanical,Female,Tier-3,1
9.3,84.7,68.6,0,0,11,4,5,3,0.3,1,Computer Science,Female,Tier-2,0
7.6,84.3,72.3,1,1,4,4,1,2,0.7,1,Computer Science,Male,Tier-2,1
8.32,73.6,52.2,1,1,2,5,5,1,0.3,3,Computer Science,Male,Tier-2,1
7.84,89.2,75.3,0,1,3,9,2,3,0.6,4,Information Technology,Male,Tier-2,1
7.16,73.4,73.6,0,2,4,7,6,4,0.1,5,Electronics,Female,Tier-1,0
9.38,83.4,55.3,1,1,12,10,0,4,0.2,3,Information Technology,Male,Tier-3,1
8.1,75.1,79.4,1,1,14,0,0,6,1.0,2,Electronics,Female,Tier-3,0
8.67,78.5,85.7,0,0,2,2,3,5,0.8,3,Computer Science,Male,Tier-1,1
8.48,89.2,79.1,0,0,10,6,6,1,0.2,7,Information Technology,Male,Tier-1,1
9.45,54.6,85.2,1,1,1,10,3,6,0.3,2,Information Technology,Male,Tier-2,1
7.48,85.4,68.1,0,1,11,8,8,5,0.3,1,Mechanical,Male,Tier-2,0
7.74,86.5,72.2,1,0,4,9,7,2,1.6,7,Electronics,Male,Tier-3,0
8.54,71.1,76.0,0,0,9,1,4,1,0.5,3,Mechanical,Male,Tier-1,0
9.23,77.6,76.9,1,0,14,3,0,4,0.5,3,Mechanical,Female,Tier-2,0
9.32,66.3,44.5,0,1,11,10,2,3,1.1,8,Computer Science,Female,Tier-1,1
8.05,68.4,63.0,0,1,11,3,7,2,0.4,1,Civil,Male,Tier-1,1
9.48,81.3,88.0,3,0,9,10,6,1,0.5,8,Information Technology,Male,Tier-3,0
9.03,99.0,64.8,0,1,12,6,7,5,1.6,5,Electronics,Male,Tier-1,1
8.68,86.0,71.8,0,0,9,4,0,2,1.6,6,Information Technology,Male,Tier-3,0
7.74,67.8,74.3,1,1,3,10,1,3,0.9,3,Civil,Male,Tier-2,0
9.02,87.3,57.6,0,0,1,4,6,4,0.8,4,Computer Science,Female,Tier-2,1
7.66,85.0,95.5,0,4,1,6,4,1,0.2,6,Chemical,Male,Tier-3,0
9.09,57.3,74.6,0,0,14,1,4,6,0.6,1,Information Technology,Female,Tier-3,0
7.87,74.2,63.9,0,1,3,7,8,4,0.3,5,Mechanical,Female,Tier-3,0
9.1,76.3,83.4,0,1,10,5,0,5,1.3,6,Mechanical,Female,Tier-2,0
9.38,79.4,71.1,1,0,14,4,4,5,1.0,1,Mechanical,Female,Tier-3,0
8.9,77.6,75.8,0,0,8,0,6,1,0.5,7,Electronics,Male,Tier-2,1
9.75,79.8,93.3,0,0,15,1,4,2,0.8,1,Information Technology,Male,Tier-2,1
6.52,66.8,68.0,0,2,4,5,6,6,0.5,5,Computer Science,Male,Tier-1,1
9.63,74.1,89.9,1,0,11,5,0,6,0.2,6,Electronics,Female,Tier-1,1
8.8,74.8,70.6,0,1,8,10,4,0,1.5,5,Computer Science,Male,Tier-1,1
9.28,91.9,75.9,1,1,14,8,5,1,2.3,5,Computer Science,Male,Tier-2,1
9.57,69.6,78.9,3,0,7,10,5,1,2.7,6,Mechanical,Male,Tier-2,0
8.55,75.1,70.5,0,0,14,5,3,4,1.6,7,Electronics,Male,Tier-2,0
9.75,73.7,61.8,0,2,8,0,4,0,1.7,6,Electronics,Male,Tier-3,1
7.92,97.0,80.9,0,0,2,6,7,6,0.1,7,Information Technology,Female,Tier-2,1
8.67,86.0,89.6,0,0,8,2,5,5,1.5,7,Civil,Male,Tier-1,1
7.54,66.8,83.1,0,1,9,7,0,0,0.4,4,Computer Science,Male,Tier-3,1
9.06,82.8,82.8,1,0,10,5,4,0,0.1,2,Electronics,Male,Tier-1,0
7.1,65.9,69.1,0,1,11,2,6,0,0.7,6,Electrical,Male,Tier-2,0
9.31,81.1,83.9,0,0,6,2,7,3,0.8,6,Civil,Male,Tier-2,0
9.87,94.4,79.7,0,4,14,7,3,6,0.7,1,Computer Science,Male,Tier-2,1
9.28,54.5,86.2,0,1,3,5,1,2,1.1,7,Information Technology,Male,Tier-2,1
8.75,65.9,76.3,0,4,7,1,3,1,1.3,7,Mechanical,Female,Tier-2,0
7.58,79.9,82.8,0,0,9,2,5,2,0.1,3,Mechanical,Male,Tier-1,1
9.74,73.2,68.7,0,0,8,5,5,5,1.0,2,Electronics,Female,Tier-1,1
9.86,80.6,84.0,1,2,15,6,5,2,0.1,7,Computer Science,Female,Tier-2,1
8.43,77.0,58.6,0,0,14,3,0,2,0.6,3,Information Technology,Female,Tier-1,1
7.24,57.8,70.6,2,1,8,7,6,2,0.1,3,Civil,Female,Tier-1,0
8.87,85.5,65.9,0,0,11,2,6,3,0.6,3,Computer Science,Female,Tier-3,1
9.11,62.0,99.0,3,3,7,5,4,4,0.2,4,Chemical,Female,Tier-2,0
9.05,80.5,83.5,1,0,5,6,3,6,1.3,4,Electronics,Male,Tier-3,0
9.61,72.5,60.9,0,1,2,7,2,3,2.3,2,Information Technology,Male,Tier-2,1
7.64,99.0,57.2,0,1,5,10,7,1,0.2,8,Information Technology,Male,Tier-3,1
8.21,76.5,52.3,0,0,5,3,7,6,1.3,5,Information Technology,Female,Tier-3,0
9.03,82.2,60.2,0,0,2,4,2,0,0.2,4,Information Technology,Male,Tier-2,0
9.7,84.6,64.0,0,3,11,5,4,4,0.6,1,Computer Science,Female,Tier-3,1
8.13,82.1,62.3,0,1,10,0,7,1,1.0,2,Civil,Male,Tier-3,0
9.49,77.7,68.9,0,1,1,8,5,5,0.8,1,Chemical,Female,Tier-2,0
8.99,66.1,85.8,0,1,5,2,1,0,0.1,3,Mechanical,Female,Tier-3,0
6.76,76.7,72.4,0,0,6,1,0,3,0.5,1,Civil,Female,Tier-3,0
9.72,55.6,84.3,0,1,13,10,6,2,0.6,4,Computer Science,Female,Tier-1,1
8.25,83.9,61.2,0,1,7,6,1,1,0.5,1,Computer Science,Female,Tier-2,1
8.9,99.0,70.0,0,1,11,10,3,5,1.1,3,Mechanical,Male,Tier-1,1
8.83,80.1,62.8,0,0,2,10,5,2,2.2,7,Civil,Female,Tier-3,0
8.01,82.1,80.8,1,4,6,3,6,2,1.1,3,Civil,Female,Tier-2,0
9.7,59.4,72.6,0,0,15,3,6,2,0.9,4,Electronics,Male,Tier-2,0
9.64,68.2,98.1,0,0,12,9,6,4,0.2,2,Mechanical,Male,Tier-3,1
8.27,88.7,66.3,0,2,8,8,3,0,0.4,5,Information Technology,Female,Tier-2,1
8.7,60.6,61.5,5,1,6,6,5,2,0.8,6,Civil,Female,Tier-3,0
8.64,69.3,78.9,0,0,3,8,2,5,2.7,2,Mechanical,Female,Tier-2,0
8.78,84.8,72.7,3,1,3,0,7,1,0.4,7,Computer Science,Male,Tier-3,1
8.64,87.7,81.5,0,1,11,2,0,4,0.4,5,Information Technology,Female,Tier-3,1
8.49,76.7,74.2,0,0,7,9,7,0,0.9,6,Computer Science,Male,Tier-1,1
8.96,79.5,73.2,0,1,2,10,4,1,2.3,8,Electronics,Male,Tier-2,1
9.43,79.4,66.3,0,0,3,9,7,4,0.8,8,Computer Science,Male,Tier-3,1
8.89,63.2,71.5,0,0,7,5,3,4,0.2,4,Computer Science,Male,Tier-3,1
9.79,77.1,55.1,1,0,9,10,1,5,0.1,4,Computer Science,Female,Tier-2,1
8.25,80.9,90.6,0,1,1,0,3,6,2.2,4,Information Technology,Male,Tier-3,1
9.52,76.9,91.5,0,0,5,4,7,5,1.1,3,Civil,Male,Tier-2,0
8.72,54.9,87.2,0,2,13,3,0,0,0.2,2,Electrical,Male,Tier-3,1
8.62,96.4,69.0,1,1,2,3,4,6,1.3,5,Chemical,Male,Tier-1,0
9.33,64.9,66.8,0,0,12,6,5,6,1.3,7,Computer Science,Female,Tier-3,1
9.36,78.9,81.5,0,1,5,4,3,5,1.5,2,Electronics,Male,Tier-1,1
9.68,81.9,62.6,0,2,13,6,3,6,2.2,8,Information Technology,Male,Tier-2,1
9.21,72.5,89.8,2,1,13,0,3,2,0.2,5,Chemical,Female,Tier-2,0
9.42,80.9,44.0,0,0,6,10,2,1,3.1,8,Chemical,Female,Tier-1,1
9.33,68.7,69.1,0,0,8,8,4,3,5.0,8,Electrical,Male,Tier-2,1
9.86,99.0,61.2,0,2,7,7,5,2,0.0,1,Computer Science,Male,Tier-1,1
9.25,74.9,91.2,0,0,5,6,2,6,0.1,2,Computer Science,Female,Tier-2,1
9.08,88.8,89.0,0,0,11,9,2,3,0.6,1,Electronics,Female,Tier-3,0
8.34,64.9,82.3,0,1,5,1,8,1,0.0,7,Computer Science,Female,Tier-2,1
8.4,86.7,99.0,0,0,14,10,1,5,1.3,4,Civil,Male,Tier-2,0
7.77,69.4,75.1,0,4,2,5,5,3,1.1,7,Mechanical,Male,Tier-3,0
8.81,61.3,83.2,0,2,6,3,7,3,1.5,3,Computer Science,Female,Tier-1,1
7.23,65.2,54.2,0,1,3,2,7,0,5.0,3,Civil,Male,Tier-2,0
9.54,67.8,70.8,0,2,6,7,0,0,2.7,8,Electronics,Male,Tier-2,1
8.39,79.3,76.4,0,1,3,3,0,5,0.4,8,Mechanical,Female,Tier-2,0
8.34,99.0,63.1,0,1,2,2,7,0,0.5,6,Computer Science,Male,Tier-3,1
6.98,99.0,78.3,0,1,8,10,0,3,1.5,2,Electronics,Female,Tier-3,0
9.36,74.1,49.4,0,0,4,4,2,5,0.5,1,Civil,Male,Tier-1,0
9.2,89.5,81.5,0,3,5,8,8,3,1.2,1,Information Technology,Male,Tier-1,1
8.86,63.0,69.3,0,2,9,9,2,4,2.5,8,Computer Science,Male,Tier-1,1
8.68,52.8,64.8,0,3,4,2,1,4,0.5,5,Mechanical,Female,Tier-3,0
9.31,78.4,84.7,0,1,13,8,0,6,0.8,7,Mechanical,Female,Tier-3,1
6.55,84.6,94.0,1,1,1,3,0,0,1.8,2,Computer Science,Male,Tier-2,0
8.61,87.4,86.6,0,0,11,9,2,6,0.6,8,Computer Science,Male,Tier-2,1
9.52,91.0,64.5,0,0,6,3,5,4,0.3,2,Computer Science,Male,Tier-3,1
7.3,74.0,83.7,1,0,11,1,6,2,0.3,1,Information Technology,Female,Tier-2,1
7.42,78.9,71.7,0,0,11,7,5,4,0.1,6,Computer Science,Male,Tier-3,0
9.1,87.9,89.7,0,1,5,3,5,4,0.4,6,Electrical,Male,Tier-3,1
7.85,92.3,77.9,0,1,10,2,8,2,1.2,1,Computer Science,Female,Tier-2,1
9.16,67.1,55.8,0,0,3,2,3,2,0.1,6,Mechanical,Female,Tier-3,0
7.69,80.5,71.9,2,1,15,0,4,1,0.3,8,Information Technology,Female,Tier-3,0
8.7,85.8,64.3,1,0,11,7,0,3,0.1,3,Electronics,Male,Tier-3,0
8.24,79.8,64.9,0,1,11,10,3,3,0.5,2,Electronics,Female,Tier-3,0
8.92,70.5,70.8,1,4,14,4,5,5,0.1,8,Civil,Male,Tier-2,1
7.8,78.0,78.6,0,1,5,4,6,6,1.4,3,Civil,Female,Tier-1,0
9.21,84.4,86.8,0,0,8,3,1,0,2.6,4,Computer Science,Male,Tier-3,1
7.69,68.9,68.2,0,1,1,4,5,5,0.2,4,Information Technology,Female,Tier-3,1
8.62,63.6,90.8,0,1,4,4,2,1,0.3,7,Electronics,Female,Tier-3,0
7.93,99.0,52.9,0,1,3,8,6,5,0.2,1,Information Technology,Male,Tier-2,1
9.65,80.3,64.1,0,3,4,10,8,1,0.2,8,Computer Science,Male,Tier-1,1
9.1,89.3,99.0,0,0,2,5,3,1,0.4,5,Information Technology,Female,Tier-1,1
8.29,80.5,60.1,0,0,2,8,7,6,0.3,1,Computer Science,Male,Tier-2,0
9.87,90.6,91.3,0,0,15,7,5,1,0.5,2,Computer Science,Male,Tier-3,0
8.04,79.0,74.7,1,1,2,2,2,6,0.7,1,Information Technology,Male,Tier-2,1
8.77,85.0,74.1,0,1,3,1,2,6,1.3,8,Information Technology,Female,Tier-2,1
7.97,64.7,87.2,1,0,12,5,2,4,2.2,8,Computer Science,Male,Tier-3,0
7.73,56.8,85.3,0,0,9,1,3,1,0.6,3,Electronics,Male,Tier-3,0
7.39,72.3,92.3,1,1,5,2,1,5,2.4,1,Information Technology,Female,Tier-2,0
9.93,60.9,71.8,0,4,4,2,4,0,1.1,3,Computer Science,Male,Tier-3,1
8.8,52.6,76.9,1,0,13,0,7,3,1.3,4,Civil,Male,Tier-3,0
8.01,81.6,71.7,0,0,15,4,6,1,0.7,7,Computer Science,Female,Tier-2,1
8.58,56.8,60.5,0,1,4,7,8,5,0.7,6,Electronics,Female,Tier-2,1
8.67,89.4,77.2,0,0,3,8,2,3,0.8,3,Electronics,Male,Tier-3,0
9.72,95.3,72.9,3,1,9,6,3,6,0.7,6,Mechanical,Female,Tier-3,0
7.34,60.7,50.7,1,1,11,4,7,2,0.6,2,Information Technology,Male,Tier-1,1
8.13,81.5,89.4,0,1,10,7,2,0,1.5,1,Electronics,Female,Tier-2,1
8.46,99.0,76.9,0,2,1,8,0,2,0.5,8,Electrical,Male,Tier-2,1
9.4,72.3,65.9,0,0,14,8,1,5,0.2,2,Computer Science,Female,Tier-3,0
7.04,85.3,79.3,4,2,6,8,7,1,0.1,8,Computer Science,Male,Tier-2,1
9.13,99.0,68.2,0,3,4,10,6,4,2.1,3,Mechanical,Male,Tier-3,0
9.83,57.9,77.6,1,0,8,1,3,5,2.0,3,Mechanical,Male,Tier-1,0
7.05,65.8,93.0,0,0,7,2,7,4,0.3,3,Electrical,Female,Tier-2,0
9.73,84.8,80.2,2,2,3,1,2,5,0.1,3,Chemical,Female,Tier-1,1
9.92,99.0,68.7,0,1,5,10,0,0,3.2,3,Information Technology,Female,Tier-2,1
8.54,69.5,61.6,0,0,11,10,3,1,0.7,1,Information Technology,Female,Tier-3,0
9.77,99.0,65.7,0,1,11,4,5,1,0.1,5,Electrical,Female,Tier-3,0
9.52,79.6,85.6,0,1,4,2,5,1,0.2,2,Electrical,Male,Tier-3,0
9.09,54.4,74.3,0,0,4,8,3,1,1.2,4,Information Technology,Female,Tier-1,1
9.42,97.1,82.3,1,1,10,1,7,5,0.1,7,Computer Science,Female,Tier-2,1
7.28,72.4,71.4,0,1,15,4,8,0,0.6,4,Electronics,Female,Tier-3,0
7.99,83.4,62.9,0,2,8,4,1,0,0.6,7,Information Technology,Male,Tier-2,1
9.34,58.1,82.8,1,1,9,4,2,6,1.2,2,Electrical,Male,Tier-1,1
7.4,69.0,64.5,0,1,11,0,7,0,0.2,1,Civil,Male,Tier-3,0
8.03,60.0,69.7,1,1,13,9,0,5,4.1,2,Electrical,Male,Tier-2,0
8.12,58.8,59.1,1,0,14,6,0,4,0.2,8,Computer Science,Male,Tier-2,1
9.38,79.2,62.8,1,1,14,1,6,1,0.9,8,Electrical,Male,Tier-2,0
9.56,84.8,86.6,0,1,4,1,6,5,0.4,3,Electronics,Male,Tier-2,1
9.25,71.4,88.6,0,2,12,8,6,2,0.1,5,Computer Science,Female,Tier-3,1
6.76,60.8,89.2,0,1,2,0,4,3,0.8,8,Information Technology,Male,Tier-1,1
8.68,62.7,89.2,0,1,1,8,6,0,0.2,2,Electronics,Male,Tier-2,1
8.66,82.5,70.4,0,0,14,5,8,0,1.1,6,Mechanical,Female,Tier-3,0
9.09,79.3,83.7,1,2,10,4,5,5,0.0,7,Computer Science,Male,Tier-2,1
8.5,82.7,88.7,0,0,4,4,5,4,0.7,7,Computer Science,Male,Tier-3,1
8.99,96.7,63.7,0,3,15,4,2,4,0.2,1,Electrical,Female,Tier-3,0
7.5,84.9,77.5,0,1,8,5,6,3,3.0,3,Civil,Male,Tier-3,0
7.64,82.9,73.3,0,0,5,6,5,4,1.2,2,Civil,Male,Tier-2,0
8.8,99.0,50.7,0,2,2,10,4,5,1.4,7,Civil,Male,Tier-2,1
8.52,74.7,79.2,0,1,15,8,2,0,1.2,2,Civil,Male,Tier-2,0
7.74,99.0,65.7,0,1,11,1,2,1,1.1,8,Electrical,Female,Tier-2,1
9.72,95.1,88.7,0,0,4,3,5,1,0.1,3,Civil,Female,Tier-1,0
6.41,74.4,65.1,0,2,4,10,5,4,5.0,1,Information Technology,Male,Tier-2,1
9.72,87.7,79.3,0,1,10,4,4,3,1.1,5,Electronics,Female,Tier-1,1
7.82,75.4,76.5,1,1,5,5,2,6,2.3,5,Electronics,Male,Tier-3,0
8.78,60.8,52.6,1,2,2,6,1,1,0.7,3,Electronics,Female,Tier-1,1
8.9,77.9,70.8,0,1,7,2,3,0,0.3,4,Information Technology,Male,Tier-2,1
8.57,60.4,79.6,0,0,5,2,3,6,0.6,8,Electrical,Female,Tier-2,0
8.94,80.8,88.3,2,1,4,8,1,1,0.5,1,Civil,Male,Tier-3,0
8.83,87.6,75.2,0,1,8,8,8,3,0.0,4,Information Technology,Female,Tier-2,1
8.78,75.4,86.8,0,2,15,1,2,6,1.1,6,Computer Science,Male,Tier-1,1
9.18,80.8,82.0,0,0,2,3,0,4,1.3,7,Computer Science,Female,Tier-3,1
9.48,80.6,82.4,0,1,1,3,4,2,0.0,8,Computer Science,Male,Tier-3,1
7.37,88.1,83.0,2,1,6,4,2,6,0.3,4,Computer Science,Male,Tier-1,1
9.55,79.1,71.4,0,0,10,1,5,5,1.1,4,Mechanical,Female,Tier-3,0
8.07,74.2,62.1,0,0,10,10,0,1,0.4,1,Computer Science,Female,Tier-2,0
9.39,87.6,95.4,0,1,8,10,3,0,2.7,7,Mechanical,Male,Tier-3,0
9.11,79.9,85.0,3,1,7,3,0,3,0.1,4,Information Technology,Male,Tier-2,1
7.8,52.4,74.1,1,1,9,10,0,1,2.6,3,Electrical,Female,Tier-2,0
9.48,73.8,83.0,0,2,1,2,7,6,2.5,8,Electronics,Male,Tier-1,1
9.09,71.8,80.2,1,1,3,10,3,2,3.1,2,Mechanical,Male,Tier-1,0
8.91,79.8,63.9,0,1,9,5,2,4,0.1,7,Electronics,Female,Tier-1,1
8.47,78.5,70.6,0,0,5,3,5,1,0.3,7,Electrical,Female,Tier-1,1
9.13,54.6,92.2,0,0,6,0,8,3,0.3,3,Mechanical,Male,Tier-2,0
7.57,60.1,74.9,0,1,14,2,5,1,2.2,2,Mechanical,Male,Tier-3,0
8.46,66.6,79.9,0,1,11,7,0,4,1.6,5,Electronics,Female,Tier-2,1
7.43,78.8,91.4,1,1,13,2,7,3,0.2,4,Chemical,Male,Tier-2,0
9.68,90.9,74.9,0,1,7,6,0,5,0.2,5,Mechanical,Female,Tier-1,1
8.67,58.8,62.9,0,1,3,1,2,2,0.6,7,Mechanical,Male,Tier-1,1
8.54,69.9,76.5,0,0,7,4,8,0,0.2,5,Computer Science,Male,Tier-3,1
9.14,77.4,67.7,0,1,3,6,3,5,0.6,7,Civil,Male,Tier-2,0
9.78,66.8,56.9,0,1,6,0,7,6,1.9,8,Electronics,Female,Tier-3,0
8.03,79.0,85.4,0,1,8,10,8,4,0.7,1,Information Technology,Female,Tier-3,1
8.86,85.7,71.7,0,1,7,0,7,6,1.3,4,Electronics,Male,Tier-1,1
8.96,68.9,36.2,0,1,5,10,5,6,0.3,8,Mechanical,Male,Tier-2,0
8.87,81.9,78.3,0,0,12,7,8,1,0.3,5,Information Technology,Female,Tier-2,1
6.57,76.6,78.5,0,0,6,1,5,2,0.9,2,Electronics,Male,Tier-2,0
9.34,64.2,99.0,0,0,4,10,4,3,1.9,2,Mechanical,Female,Tier-1,0
9.44,76.3,74.9,0,1,2,3,7,5,0.8,6,Computer Science,Female,Tier-3,1
9.58,83.5,88.9,0,1,7,2,3,3,0.2,1,Civil,Male,Tier-2,0
9.31,95.0,83.4,0,0,4,4,2,3,0.2,5,Computer Science,Male,Tier-1,1
8.31,97.7,67.3,0,4,6,1,3,6,1.0,5,Electronics,Female,Tier-2,1
7.83,71.2,79.5,1,1,10,5,8,1,0.1,5,Information Technology,Male,Tier-3,1
6.67,70.5,72.9,0,0,12,7,3,5,0.1,6,Computer Science,Male,Tier-1,1
9.26,78.5,66.1,0,1,2,4,6,4,0.1,6,Civil,Female,Tier-2,0
8.61,71.5,68.3,0,1,14,6,0,5,0.5,1,Electronics,Female,Tier-1,1
8.8,92.6,66.5,0,1,2,4,5,2,0.4,4,Mechanical,Male,Tier-3,0
8.19,79.2,74.9,0,1,6,5,7,3,0.0,8,Information Technology,Female,Tier-2,1
7.21,78.7,74.9,0,0,8,8,6,0,0.2,8,Civil,Female,Tier-2,0
9.89,85.7,67.9,0,0,1,10,4,4,0.4,5,Computer Science,Male,Tier-3,1
9.6,79.9,72.3,0,0,14,9,3,2,0.6,6,Computer Science,Male,Tier-3,1
9.54,81.7,50.6,0,0,10,10,1,2,0.5,5,Civil,Male,Tier-1,1
9.72,81.2,61.9,0,1,7,0,0,3,0.4,3,Chemical,Female,Tier-3,0
9.06,76.3,71.2,0,1,6,9,0,0,1.7,2,Civil,Female,Tier-2,0
9.09,67.2,96.7,0,1,14,8,4,3,0.5,6,Computer Science,Male,Tier-3,1
8.42,99.0,83.2,1,1,15,2,8,4,1.0,4,Information Technology,Male,Tier-3,1
8.49,67.1,62.3,0,0,5,9,6,1,1.8,4,Civil,Male,Tier-2,0
8.42,97.9,96.0,1,0,13,2,1,4,1.9,4,Chemical,Male,Tier-3,0
9.02,82.1,75.0,0,0,10,3,5,6,1.9,5,Information Technology,Female,Tier-3,1
7.65,70.8,60.2,0,0,13,7,6,0,0.7,3,Information Technology,Male,Tier-2,1
8.86,84.7,74.0,0,1,12,0,7,6,1.1,4,Computer Science,Female,Tier-3,1
7.43,87.4,87.8,0,2,13,3,8,6,0.4,1,Electronics,Female,Tier-1,1
8.65,98.6,60.3,0,1,8,6,2,1,2.0,7,Computer Science,Male,Tier-2,1
9.0,62.2,61.5,0,1,1,2,1,5,0.2,1,Computer Science,Female,Tier-1,1
9.59,76.3,98.5,0,0,5,6,6,5,1.5,6,Civil,Male,Tier-1,1
7.85,94.5,78.9,0,1,12,10,7,6,0.6,2,Information Technology,Male,Tier-1,1
7.97,87.0,68.9,0,1,6,4,8,2,0.4,3,Electrical,Female,Tier-3,1
8.21,83.8,73.6,0,0,4,9,4,3,0.5,4,Mechanical,Female,Tier-2,1
9.14,95.7,78.7,0,2,10,10,8,6,0.9,3,Information Technology,Female,Tier-2,1
7.83,75.8,72.5,0,0,11,8,0,5,2.7,1,Mechanical,Female,Tier-2,0
8.39,49.2,92.5,0,1,12,7,8,4,0.1,6,Electrical,Male,Tier-3,0
9.61,73.6,76.3,0,1,10,10,4,3,2.5,4,Electronics,Male,Tier-2,1
9.47,99.0,83.6,0,2,2,2,1,4,1.7,5,Electronics,Male,Tier-1,1
7.79,81.6,76.1,5,2,13,3,5,3,0.9,1,Computer Science,Male,Tier-3,0
8.4,67.9,74.5,0,3,8,6,0,5,0.1,2,Information Technology,Female,Tier-2,1
9.08,94.0,86.6,0,1,5,1,6,1,1.7,4,Electronics,Male,Tier-1,1
9.82,88.1,86.9,1,1,10,9,6,3,1.2,7,Mechanical,Male,Tier-3,0
9.57,79.8,53.8,0,0,6,10,7,6,0.7,2,Mechanical,Male,Tier-2,1
9.23,85.0,74.7,0,1,9,5,0,6,2.2,6,Chemical,Male,Tier-1,1
8.65,65.8,99.0,3,2,14,8,1,6,1.1,8,Civil,Female,Tier-3,0
7.6,73.7,69.2,1,1,2,8,0,0,0.3,3,Civil,Male,Tier-3,0
7.37,77.2,80.9,0,0,5,5,7,0,0.0,2,Electronics,Male,Tier-3,0
7.89,91.2,91.2,0,0,12,5,7,5,1.4,7,Computer Science,Female,Tier-2,1
8.32,71.4,60.6,0,1,1,5,2,3,0.3,2,Mechanical,Female,Tier-2,0
8.14,77.7,70.1,1,0,3,10,1,5,0.3,7,Information Technology,Male,Tier-2,0
7.75,95.3,54.6,1,0,6,9,8,2,0.6,7,Computer Science,Female,Tier-2,1
7.15,99.0,76.4,1,0,8,5,4,0,1.4,5,Computer Science,Female,Tier-2,1
7.8,67.6,80.0,0,0,12,2,8,4,2.6,2,Mechanical,Male,Tier-3,1
8.94,79.7,83.4,0,0,5,3,1,5,0.2,5,Mechanical,Male,Tier-3,1
8.2,59.9,95.5,0,2,12,5,5,3,2.1,2,Chemical,Male,Tier-1,1
7.16,77.8,75.8,0,1,4,9,0,3,0.9,5,Electrical,Male,Tier-3,0
9.73,74.5,60.0,0,1,5,0,6,0,1.9,1,Electronics,Male,Tier-3,0
7.87,93.0,63.5,0,1,4,0,3,2,1.9,5,Computer Science,Male,Tier-2,1
7.4,63.9,65.1,0,0,2,6,6,4,0.5,1,Information Technology,Female,Tier-1,1
6.59,62.3,77.7,1,2,14,0,8,6,1.1,1,Computer Science,Female,Tier-1,1
9.67,96.3,99.0,0,3,1,4,0,6,2.9,6,Electronics,Female,Tier-2,1
9.43,70.4,74.1,1,0,8,9,0,6,1.1,4,Civil,Male,Tier-3,0
8.74,80.4,92.9,0,0,14,10,6,6,0.6,1,Civil,Male,Tier-1,0
9.62,81.5,73.5,2,1,15,7,1,0,0.5,4,Computer Science,Female,Tier-3,1
7.54,68.6,59.9,0,0,13,5,7,0,0.2,5,Electronics,Female,Tier-3,0
8.53,68.6,64.4,0,2,1,2,3,6,5.0,6,Mechanical,Male,Tier-1,1
8.98,91.5,65.5,0,1,2,1,6,5,1.1,3,Information Technology,Male,Tier-3,1
9.02,86.1,73.4,1,0,5,1,1,1,0.3,8,Electrical,Female,Tier-2,0
8.22,77.8,80.3,0,1,8,3,7,6,0.1,4,Information Technology,Female,Tier-2,1
9.72,76.4,66.4,0,1,10,8,5,6,1.4,6,Electronics,Male,Tier-1,1
8.0,81.8,85.3,3,0,3,8,0,5,1.9,3,Electronics,Male,Tier-3,0
9.82,82.6,88.6,0,2,11,0,8,0,0.6,8,Information Technology,Male,Tier-3,1
9.54,93.1,71.6,1,0,11,4,1,4,3.1,6,Chemical,Female,Tier-3,0
9.39,77.7,86.9,0,3,9,8,3,1,0.4,5,Civil,Female,Tier-2,1
6.93,83.3,49.8,0,0,15,3,8,2,1.4,4,Civil,Male,Tier-3,0
7.98,86.6,44.3,0,1,14,10,7,2,0.3,7,Mechanical,Male,Tier-3,0
7.88,86.8,85.8,0,0,6,6,7,0,0.4,8,Electronics,Male,Tier-2,1
8.28,95.4,69.5,0,1,11,10,3,4,0.9,5,Computer Science,Male,Tier-2,1
8.92,77.8,99.0,0,1,3,5,0,2,0.0,3,Civil,Male,Tier-2,0
7.68,71.2,73.8,0,0,10,3,3,4,0.2,5,Mechanical,Female,Tier-2,0
7.53,73.7,62.0,0,1,7,9,2,5,0.2,3,Computer Science,Male,Tier-2,0
8.31,85.7,96.9,0,0,12,10,2,5,0.4,1,Computer Science,Male,Tier-3,1
7.99,76.7,83.5,0,1,7,6,0,4,1.5,3,Electronics,Male,Tier-3,0
8.9,99.0,95.1,0,1,7,6,8,6,2.4,3,Civil,Male,Tier-1,1
6.45,78.2,67.4,2,1,4,1,2,1,0.0,1,Electronics,Female,Tier-2,0
9.09,66.5,79.7,0,0,14,6,3,0,0.3,4,Electrical,Male,Tier-3,0
9.12,81.9,63.6,0,0,6,8,0,4,0.0,2,Civil,Male,Tier-3,0
8.3,96.5,52.3,0,1,3,5,2,6,2.0,4,Mechanical,Female,Tier-3,1
9.17,68.2,84.7,0,2,14,5,0,4,0.2,2,Information Technology,Female,Tier-3,1
9.32,67.9,69.1,0,2,4,10,3,5,1.5,1,Civil,Male,Tier-1,1
9.21,75.8,62.1,0,1,15,5,6,4,0.0,4,Mechanical,Female,Tier-3,0
9.54,70.2,57.0,1,2,3,1,7,6,0.5,5,Electronics,Male,Tier-2,1
8.8,61.8,77.4,0,2,3,5,7,0,0.4,6,Electronics,Male,Tier-3,0
8.59,59.5,75.8,0,0,1,5,0,1,0.4,7,Computer Science,Female,Tier-3,0
7.86,80.8,68.7,2,0,5,8,5,5,0.8,5,Computer Science,Male,Tier-2,1
6.42,86.6,66.2,0,0,12,1,7,4,0.5,4,Mechanical,Male,Tier-3,0
9.63,69.6,85.0,0,0,3,8,7,3,0.5,5,Electrical,Female,Tier-1,1
8.25,77.2,42.7,0,1,12,4,8,6,0.2,1,Computer Science,Male,Tier-3,1
9.48,80.2,83.2,0,1,1,8,7,5,0.5,5,Electrical,Female,Tier-3,0
8.39,64.7,81.0,0,1,15,9,4,6,1.4,6,Computer Science,Male,Tier-3,1
9.57,88.3,59.0,0,0,9,9,0,6,0.4,8,Electronics,Female,Tier-3,0
8.21,80.5,49.9,0,1,11,1,8,1,1.9,8,Computer Science,Female,Tier-1,1
9.1,84.3,82.7,0,1,12,4,4,0,0.2,6,Electrical,Male,Tier-3,0
8.6,86.2,59.7,2,1,4,10,6,2,1.9,8,Computer Science,Male,Tier-2,1
8.39,99.0,95.5,0,4,12,1,6,4,1.0,8,Information Technology,Female,Tier-2,1
8.09,65.7,99.0,0,0,9,4,3,3,0.6,5,Civil,Male,Tier-1,0
9.11,67.3,80.5,0,0,2,6,7,2,0.0,2,Mechanical,Male,Tier-2,0
8.61,98.2,73.7,0,1,2,6,8,5,0.1,6,Information Technology,Male,Tier-2,1
8.51,85.8,72.2,0,2,4,10,3,2,0.5,2,Civil,Male,Tier-2,0
7.89,78.8,52.8,3,0,4,6,1,4,2.1,3,Mechanical,Male,Tier-2,0
9.56,72.3,71.3,4,1,5,4,3,4,3.1,8,Information Technology,Female,Tier-2,1
9.89,75.2,69.0,0,2,11,6,1,2,2.7,1,Mechanical,Male,Tier-1,0
8.6,75.5,66.7,0,1,1,5,0,6,0.3,5,Information Technology,Male,Tier-3,1
9.63,60.1,80.1,1,0,5,6,0,6,0.3,1,Civil,Female,Tier-3,0
7.67,89.7,76.7,0,1,12,4,3,3,1.3,1,Civil,Female,Tier-3,0
8.72,53.9,85.2,0,0,14,1,8,1,2.8,8,Information Technology,Male,Tier-1,1
7.89,67.8,69.2,0,0,10,8,8,4,0.1,2,Computer Science,Male,Tier-3,1
9.34,72.8,82.8,0,2,2,1,6,6,0.5,6,Civil,Male,Tier-1,1
8.25,99.0,75.1,1,1,5,2,4,4,1.8,7,Information Technology,Male,Tier-3,1
9.07,76.8,82.8,0,0,10,8,5,0,0.7,5,Information Technology,Female,Tier-3,1
9.44,81.8,74.0,1,0,10,1,0,4,1.8,7,Computer Science,Female,Tier-1,1
9.82,67.5,98.1,0,1,6,7,2,0,0.1,8,Mechanical,Male,Tier-3,0
9.71,88.4,43.3,1,1,3,2,0,2,1.5,3,Information Technology,Female,Tier-2,1
6.95,99.0,83.1,0,1,4,5,4,3,0.5,4,Electronics,Male,Tier-2,0
9.19,83.9,86.1,0,1,15,8,3,0,1.2,7,Electrical,Male,Tier-3,0
9.0,74.0,58.5,0,1,5,9,2,0,0.3,8,Computer Science,Male,Tier-3,1
8.94,53.6,98.7,0,4,6,9,5,1,1.2,8,Computer Science,Female,Tier-3,1
9.36,86.3,75.3,0,2,9,2,5,2,1.2,3,Electronics,Female,Tier-3,1
7.95,66.2,73.4,0,0,9,8,8,0,0.5,2,Mechanical,Female,Tier-2,0
9.39,68.9,79.8,0,0,6,6,3,0,3.5,3,Electronics,Male,Tier-2,0
8.24,89.2,86.5,0,0,12,4,8,6,0.0,2,Information Technology,Male,Tier-2,1
7.39,72.3,76.7,0,0,1,7,3,2,1.1,2,Information Technology,Male,Tier-1,1
9.48,76.9,76.3,0,0,6,5,7,4,2.4,7,Computer Science,Female,Tier-2,1
9.54,87.0,85.9,0,1,10,6,7,3,1.9,1,Information Technology,Male,Tier-3,1
9.6,69.5,87.6,0,0,3,2,1,5,0.8,6,Mechanical,Male,Tier-3,0
8.6,62.5,79.4,0,0,5,9,7,5,2.3,5,Electronics,Male,Tier-3,1
9.69,83.6,54.9,0,0,5,10,1,6,0.1,8,Electrical,Female,Tier-1,1
9.55,87.1,61.8,0,0,10,5,7,2,0.8,4,Computer Science,Male,Tier-3,1
9.41,71.1,89.1,0,1,15,10,5,5,4.0,8,Electronics,Male,Tier-2,1
9.53,70.5,71.4,0,0,4,2,2,1,4.8,2,Mechanical,Female,Tier-3,0
8.54,64.8,67.2,0,3,3,6,6,5,1.1,2,Information Technology,Female,Tier-2,1
8.24,86.6,80.7,0,0,1,9,5,1,0.2,8,Information Technology,Male,Tier-1,1
9.1,99.0,79.1,0,2,7,5,2,3,0.1,7,Computer Science,Male,Tier-3,1
9.76,89.2,72.2,0,0,13,9,4,1,2.6,7,Electrical,Male,Tier-3,0
9.11,76.9,84.7,0,1,8,7,3,6,2.1,8,Computer Science,Male,Tier-1,1
8.8,86.6,58.5,0,0,5,7,5,2,0.4,1,Chemical,Female,Tier-2,0
9.4,68.0,52.5,0,2,8,5,0,6,2.7,4,Electronics,Male,Tier-3,0
8.2,82.4,94.5,0,0,4,1,0,6,0.1,2,Chemical,Male,Tier-3,0
9.63,65.0,60.4,0,3,8,9,7,4,0.3,5,Computer Science,Male,Tier-3,1
8.34,76.5,55.8,1,0,3,9,7,5,1.0,7,Electronics,Male,Tier-3,0
9.58,90.9,70.8,1,0,8,5,8,1,0.2,7,Mechanical,Male,Tier-2,0
9.58,87.7,74.6,0,1,6,0,7,2,4.5,5,Electronics,Male,Tier-2,1
9.36,84.8,68.8,1,1,9,5,1,1,0.3,1,Electronics,Female,Tier-3,0
9.32,83.0,72.0,0,3,13,5,4,0,0.3,2,Electronics,Male,Tier-3,1
7.82,69.2,56.5,0,1,5,5,7,0,0.6,4,Computer Science,Female,Tier-3,1
9.73,79.7,84.3,2,1,1,8,8,4,1.5,1,Electronics,Female,Tier-3,0
6.76,87.4,55.1,1,1,8,3,5,6,0.1,1,Electronics,Female,Tier-2,0
8.92,75.1,75.3,0,1,15,10,3,5,1.1,7,Information Technology,Male,Tier-2,1
9.39,75.5,78.0,0,1,11,6,8,0,0.1,3,Electronics,Male,Tier-3,0
8.59,72.4,83.4,1,0,3,10,3,0,0.1,8,Information Technology,Female,Tier-2,1
8.45,74.6,78.0,0,1,11,2,5,1,0.0,1,Mechanical,Male,Tier-2,0
9.12,68.7,60.9,0,1,5,7,4,1,0.8,3,Computer Science,Female,Tier-3,1
9.55,78.3,69.7,0,1,14,1,0,3,0.6,8,Computer Science,Male,Tier-3,1
9.61,74.2,65.8,0,2,2,1,3,4,0.4,7,Electronics,Male,Tier-3,0
9.28,60.3,54.6,0,2,7,4,2,0,0.7,7,Chemical,Male,Tier-3,0
9.24,99.0,80.7,1,2,5,0,7,3,0.7,3,Electronics,Female,Tier-2,1
9.5,65.6,65.2,0,0,12,0,6,1,0.6,6,Computer Science,Male,Tier-2,1
9.18,76.4,76.9,2,0,7,10,0,6,0.2,2,Information Technology,Male,Tier-2,1
7.9,78.7,73.6,2,0,12,2,7,5,2.3,5,Electronics,Male,Tier-1,1
8.01,71.6,60.2,1,4,14,5,6,3,1.0,8,Electrical,Female,Tier-3,1
8.75,76.9,59.4,4,0,7,9,1,6,0.1,4,Computer Science,Female,Tier-2,0
8.0,68.2,70.6,0,0,5,5,3,0,0.3,6,Electrical,Male,Tier-3,0
6.89,86.7,57.9,0,0,5,7,1,3,1.4,8,Chemical,Female,Tier-3,0
9.46,77.7,87.9,1,0,9,6,8,6,1.5,1,Mechanical,Male,Tier-3,0
9.84,86.6,92.5,0,0,3,0,7,2,1.3,8,Computer Science,Male,Tier-2,1
8.45,95.6,85.2,0,0,14,0,0,4,1.6,8,Electronics,Male,Tier-1,1
8.45,74.6,79.5,0,0,8,3,0,0,0.9,6,Civil,Female,Tier-3,0
8.31,87.3,75.8,0,3,1,0,7,2,0.3,2,Information Technology,Male,Tier-3,1
8.88,96.4,61.4,0,1,14,0,4,5,0.4,8,Electrical,Female,Tier-3,1
7.98,76.5,85.8,0,1,4,9,0,3,0.7,4,Computer Science,Female,Tier-2,0
8.48,86.3,92.8,0,1,12,0,3,5,0.3,1,Information Technology,Male,Tier-2,1
9.28,72.4,70.6,0,2,2,10,1,0,1.9,5,Chemical,Female,Tier-2,0
7.92,92.4,74.5,0,2,3,2,8,3,1.4,5,Electronics,Female,Tier-3,0
8.51,72.0,64.5,0,3,11,9,5,4,3.9,3,Electronics,Female,Tier-2,1
7.53,86.4,70.7,0,0,6,1,8,5,0.5,3,Computer Science,Male,Tier-1,1
7.56,89.9,58.7,0,2,4,10,0,5,2.0,7,Civil,Female,Tier-3,0
7.44,63.9,71.2,5,0,1,9,0,4,1.5,4,Information Technology,Male,Tier-1,1
9.08,70.0,80.6,1,0,5,7,3,1,1.8,1,Civil,Female,Tier-1,0
8.46,69.5,79.2,0,0,3,6,1,2,1.2,3,Civil,Male,Tier-1,1
6.74,91.0,78.3,3,1,13,9,0,4,0.4,2,Computer Science,Male,Tier-2,1
8.72,63.9,43.3,0,1,12,7,5,2,0.3,6,Electronics,Male,Tier-3,0
7.45,81.9,75.6,0,0,2,3,7,6,0.3,8,Information Technology,Male,Tier-3,0
9.7,86.7,83.0,0,1,4,8,0,6,0.8,6,Computer Science,Male,Tier-2,1
9.27,80.0,74.9,0,1,13,4,5,3,2.1,8,Computer Science,Female,Tier-2,1
9.61,93.3,89.8,0,0,4,6,0,2,0.6,6,Computer Science,Male,Tier-2,1
9.26,54.9,73.7,0,1,3,3,7,5,0.9,7,Mechanical,Male,Tier-1,1
8.78,85.3,80.2,0,1,14,0,5,0,1.3,3,Civil,Male,Tier-2,0
9.36,75.8,62.0,0,0,14,10,0,1,1.9,4,Electronics,Male,Tier-2,1
8.3,59.9,82.6,0,0,5,7,8,6,1.0,8,Electronics,Male,Tier-3,0
8.84,65.0,85.2,0,4,5,8,0,2,1.0,2,Information Technology,Female,Tier-3,1
7.56,96.8,65.7,0,2,8,8,8,6,4.4,5,Mechanical,Male,Tier-3,1
9.86,85.6,56.4,0,0,10,9,2,2,2.0,2,Electronics,Male,Tier-2,0
7.42,87.6,69.1,0,1,7,7,7,4,1.3,6,Electrical,Male,Tier-3,0
9.03,89.5,62.0,0,0,11,0,7,0,1.8,4,Mechanical,Male,Tier-2,1
7.92,61.7,82.8,0,1,9,2,6,4,5.0,5,Computer Science,Female,Tier-2,1
9.95,80.9,68.6,0,1,7,4,1,2,0.7,1,Civil,Female,Tier-2,0
8.8,91.2,84.3,0,0,2,6,2,6,1.2,4,Computer Science,Male,Tier-2,1
7.84,73.2,54.7,0,0,3,7,4,3,1.7,3,Civil,Male,Tier-3,0
9.12,94.3,64.2,1,0,6,0,4,4,0.6,4,Chemical,Female,Tier-1,1
9.67,70.6,65.1,3,1,1,4,1,4,3.1,4,Electronics,Male,Tier-3,0
8.73,79.5,78.6,0,2,8,2,0,0,0.5,4,Computer Science,Male,Tier-3,1
7.8,82.8,48.0,0,4,7,6,4,5,0.3,5,Computer Science,Male,Tier-2,1
8.33,87.1,71.4,0,3,6,5,4,6,1.1,4,Computer Science,Male,Tier-3,1
9.67,74.5,70.3,0,4,5,0,2,4,0.1,1,Electronics,Female,Tier-1,1
9.48,90.1,79.7,0,0,14,10,7,4,0.1,4,Civil,Male,Tier-2,1
8.16,83.1,75.7,0,1,15,1,5,6,3.5,3,Electrical,Male,Tier-2,1
8.49,58.3,62.6,0,0,10,4,1,1,0.3,7,Mechanical,Male,Tier-1,1
9.06,99.0,45.6,0,2,5,4,1,2,0.0,6,Computer Science,Male,Tier-3,1
9.41,66.5,65.0,0,2,13,0,3,0,0.6,2,Chemical,Female,Tier-3,0
9.17,99.0,58.5,0,1,8,10,5,4,2.0,5,Mechanical,Male,Tier-2,1
9.21,76.1,59.3,0,1,8,3,8,5,0.4,3,Information Technology,Female,Tier-2,1
8.03,73.9,65.4,0,0,15,8,7,5,0.5,1,Civil,Female,Tier-3,0
9.53,82.8,85.6,0,0,13,8,7,2,0.2,8,Electronics,Male,Tier-2,1
8.29,69.6,58.5,0,4,3,4,1,0,0.4,4,Electronics,Male,Tier-3,0
8.18,55.4,50.9,0,2,9,6,3,5,3.4,5,Chemical,Male,Tier-3,0
9.77,76.7,67.5,0,0,3,10,5,4,2.1,6,Civil,Female,Tier-3,0
9.58,82.5,71.4,0,0,13,1,5,3,1.3,5,Information Technology,Male,Tier-3,1
8.23,96.5,70.5,0,0,15,0,5,5,1.5,5,Computer Science,Male,Tier-3,1
8.67,63.7,66.4,0,4,10,1,7,1,1.1,6,Computer Science,Female,Tier-3,1
7.24,85.0,71.8,0,2,14,3,7,0,0.1,8,Electronics,Female,Tier-1,1
9.55,76.8,77.8,1,1,8,5,6,3,0.1,6,Information Technology,Female,Tier-1,1
7.34,78.4,63.7,0,1,7,2,4,0,0.8,3,Electronics,Female,Tier-2,0
8.71,89.7,88.0,0,1,13,1,5,6,0.9,6,Computer Science,Female,Tier-3,1
9.04,71.9,72.6,0,0,9,6,5,6,3.6,7,Computer Science,Male,Tier-3,1
7.0,80.0,87.7,0,3,11,7,2,6,0.6,7,Civil,Male,Tier-1,1
8.41,91.1,78.4,0,1,9,8,2,0,2.5,2,Mechanical,Female,Tier-1,1
9.94,90.4,58.6,0,0,11,10,6,1,4.6,2,Information Technology,Male,Tier-3,1
7.52,63.4,49.6,0,0,14,9,5,6,1.9,6,Information Technology,Female,Tier-2,1
8.04,70.6,88.8,0,1,15,7,4,3,0.5,1,Electrical,Female,Tier-2,0
8.76,76.3,63.1,0,0,1,1,5,4,1.4,6,Computer Science,Male,Tier-3,1
8.44,87.8,73.7,0,1,1,2,5,6,0.8,3,Information Technology,Male,Tier-3,1
9.79,75.0,67.2,0,2,3,0,3,6,0.2,3,Civil,Male,Tier-1,1
9.36,79.0,92.5,4,1,7,0,4,2,0.1,3,Electronics,Male,Tier-3,0
9.0,93.0,74.0,0,1,3,5,6,3,0.1,6,Computer Science,Male,Tier-1,1
6.98,73.9,57.1,0,1,3,2,0,5,0.4,8,Computer Science,Male,Tier-2,0
8.6,95.7,71.6,3,0,4,3,5,0,1.2,4,Computer Science,Female,Tier-2,0
9.32,58.7,89.6,0,1,8,9,4,5,2.5,3,Mechanical,Male,Tier-2,0
8.65,73.3,63.7,0,0,14,7,5,3,0.4,3,Mechanical,Female,Tier-2,1
7.92,61.6,54.7,0,3,1,4,0,2,0.8,5,Computer Science,Female,Tier-3,1
8.63,79.4,84.5,0,2,4,10,3,6,0.6,6,Computer Science,Male,Tier-3,1
8.73,87.0,62.3,0,0,4,5,7,5,0.1,6,Mechanical,Male,Tier-3,0
7.7,76.1,52.9,0,2,13,8,3,3,1.4,7,Information Technology,Male,Tier-2,1
9.35,72.3,62.7,0,1,8,10,7,2,0.7,5,Chemical,Female,Tier-3,0
7.67,61.7,77.9,0,3,7,10,7,6,2.5,7,Information Technology,Female,Tier-3,1
8.52,98.2,80.0,0,1,4,1,1,1,1.8,5,Information Technology,Female,Tier-3,1
7.9,77.7,79.5,0,1,12,2,5,0,0.3,3,Information Technology,Female,Tier-2,1
9.65,72.6,61.0,0,1,8,4,6,6,0.4,3,Civil,Male,Tier-3,0
7.87,96.8,86.0,0,0,11,1,6,6,0.8,6,Electronics,Male,Tier-1,1
7.6,73.8,83.9,0,0,3,7,0,4,0.1,5,Civil,Female,Tier-3,0
8.22,67.1,80.6,0,0,10,1,3,3,0.3,8,Information Technology,Female,Tier-3,1
7.95,69.5,60.6,0,0,14,3,6,1,1.7,1,Electronics,Female,Tier-3,1
9.66,67.7,66.5,1,0,7,2,5,5,0.2,1,Computer Science,Female,Tier-2,0
8.01,65.2,78.7,0,1,9,3,2,6,0.8,2,Electronics,Male,Tier-1,1
9.87,69.7,82.1,3,1,6,3,0,3,0.5,4,Computer Science,Male,Tier-2,1
8.42,99.0,61.4,0,3,4,5,4,6,0.2,4,Computer Science,Male,Tier-3,1
9.32,64.2,97.3,0,0,4,9,7,1,3.5,2,Chemical,Male,Tier-1,1
7.99,60.1,72.8,1,3,1,9,2,2,1.7,7,Mechanical,Male,Tier-1,0
9.62,81.3,86.9,1,1,6,9,4,1,0.3,5,Electrical,Male,Tier-1,1
9.02,77.1,58.4,0,1,3,8,8,5,1.5,5,Computer Science,Male,Tier-1,1
7.86,85.9,77.3,0,1,3,2,7,5,0.0,3,Information Technology,Male,Tier-3,0
9.81,71.4,58.1,0,1,1,0,8,2,0.3,8,Electrical,Male,Tier-3,0
8.12,67.6,76.6,1,0,7,7,4,1,0.1,7,Information Technology,Male,Tier-2,0
8.43,98.1,80.6,0,1,9,6,2,3,0.6,4,Information Technology,Male,Tier-3,1
9.12,58.7,81.3,1,1,3,1,8,4,1.0,3,Electronics,Female,Tier-2,0
8.0,82.3,65.0,0,4,7,4,3,0,0.2,3,Electronics,Female,Tier-3,1
6.83,86.3,51.0,0,2,9,9,0,5,0.3,4,Chemical,Female,Tier-1,1
9.87,87.9,78.8,0,1,15,3,1,4,0.5,5,Information Technology,Male,Tier-2,1
7.93,74.4,69.4,1,1,14,8,7,1,1.0,7,Chemical,Female,Tier-2,0
7.3,63.0,69.4,1,3,3,3,1,6,0.4,8,Electrical,Female,Tier-1,0
9.2,96.0,62.6,0,3,9,4,5,6,0.9,1,Electronics,Male,Tier-2,1
8.68,72.7,73.9,0,2,11,7,4,2,0.4,5,Chemical,Female,Tier-2,0
8.59,96.4,74.5,0,1,2,2,8,5,0.3,5,Mechanical,Male,Tier-3,0
8.88,82.4,88.3,0,0,3,5,7,5,1.9,8,Electrical,Male,Tier-3,0
9.59,72.2,48.4,0,2,11,5,0,3,0.5,8,Electrical,Male,Tier-3,1
9.15,82.7,57.4,0,0,4,6,2,0,2.5,3,Computer Science,Female,Tier-2,1
7.19,91.8,80.6,1,1,14,8,4,0,0.4,3,Electrical,Male,Tier-1,0
6.9,79.0,46.0,0,1,7,10,7,6,0.8,7,Electronics,Female,Tier-2,1
9.5,69.1,65.2,0,0,11,2,6,3,0.1,3,Mechanical,Male,Tier-2,0
10.0,56.5,99.0,0,0,9,4,1,1,1.1,4,Information Technology,Male,Tier-2,1
9.18,72.9,71.0,0,2,13,4,6,0,1.6,4,Mechanical,Male,Tier-2,0
8.46,87.7,83.7,4,1,1,4,4,3,3.6,2,Computer Science,Male,Tier-2,1
8.87,65.9,52.7,1,1,12,5,5,6,1.8,3,Information Technology,Male,Tier-3,1
8.68,86.2,83.7,0,1,9,0,7,1,0.4,4,Mechanical,Male,Tier-3,0
8.89,78.3,69.7,0,4,10,8,4,3,0.8,2,Computer Science,Male,Tier-3,1
9.13,86.9,78.4,0,0,13,2,8,0,0.9,7,Mechanical,Male,Tier-1,1
8.68,49.9,81.8,0,1,5,5,0,4,0.1,6,Civil,Male,Tier-2,0
8.22,61.0,67.9,0,1,15,3,4,0,0.1,3,Computer Science,Male,Tier-3,1
9.45,72.4,80.9,0,3,14,6,0,0,0.4,3,Electronics,Female,Tier-2,1
8.27,99.0,60.0,1,0,4,7,0,6,1.4,1,Electronics,Male,Tier-2,0
8.48,68.9,75.3,0,4,14,3,0,6,0.3,4,Civil,Male,Tier-3,0
9.34,76.5,81.4,4,0,13,9,4,4,2.1,2,Mechanical,Male,Tier-1,0
9.52,99.0,67.6,0,0,11,5,8,1,1.0,3,Electronics,Male,Tier-1,1
9.48,83.1,62.1,1,0,12,9,1,5,0.6,4,Information Technology,Male,Tier-2,1
9.17,88.3,68.7,0,1,6,6,5,5,0.8,2,Chemical,Male,Tier-2,0
9.26,70.3,88.8,0,1,10,9,4,3,0.4,1,Electronics,Male,Tier-2,1
8.29,92.1,86.8,0,1,5,6,6,6,3.6,8,Information Technology,Male,Tier-2,1
7.57,94.0,84.5,1,0,5,8,6,1,0.2,2,Chemical,Male,Tier-1,1
6.92,84.0,94.6,0,1,12,7,2,1,2.0,3,Computer Science,Male,Tier-2,1
9.34,77.0,75.1,0,2,5,2,5,3,1.1,5,Computer Science,Female,Tier-2,1
8.92,84.7,77.3,1,2,15,3,2,1,1.2,8,Chemical,Female,Tier-1,0
7.93,58.5,49.1,0,1,8,8,1,5,1.8,7,Mechanical,Female,Tier-3,1
9.03,91.1,63.2,0,3,13,10,4,2,0.1,5,Electronics,Male,Tier-3,1
7.73,67.8,81.6,0,1,10,6,3,5,1.2,1,Computer Science,Male,Tier-2,1
9.58,74.7,86.3,0,0,8,6,3,0,1.5,6,Information Technology,Female,Tier-2,1
6.41,93.8,58.2,0,0,10,0,3,2,4.2,3,Electronics,Female,Tier-3,0
8.24,91.2,73.8,0,0,4,1,7,3,1.4,3,Electronics,Female,Tier-3,0
9.92,58.5,99.0,0,1,13,0,0,5,3.0,8,Electronics,Male,Tier-1,1
7.84,66.6,73.9,0,2,14,3,2,4,1.9,4,Electronics,Male,Tier-2,1
9.41,85.7,93.8,0,2,15,3,8,6,2.1,8,Chemical,Female,Tier-1,1
8.95,57.1,79.5,0,0,9,4,2,4,2.5,8,Chemical,Male,Tier-3,0
9.26,95.0,82.3,1,1,8,4,0,3,0.8,5,Computer Science,Male,Tier-2,1
9.35,79.4,63.2,0,1,12,0,4,5,1.2,4,Computer Science,Male,Tier-1,1
7.5,95.0,54.1,4,4,6,6,3,5,0.1,3,Chemical,Female,Tier-2,0
9.5,69.1,84.4,0,0,2,5,7,3,0.4,1,Information Technology,Male,Tier-3,0
8.45,70.1,79.0,0,1,9,7,8,1,2.1,8,Mechanical,Female,Tier-1,1
9.05,90.4,75.8,0,4,6,3,4,0,3.8,8,Civil,Female,Tier-2,1
8.36,74.4,57.7,0,3,8,0,0,2,0.1,6,Electronics,Male,Tier-2,0
9.58,63.1,70.4,0,0,6,2,3,3,0.9,5,Computer Science,Male,Tier-3,1
9.87,84.7,67.0,0,0,5,8,2,4,1.3,7,Civil,Male,Tier-1,1
9.02,58.9,68.3,1,1,7,9,5,0,0.7,4,Mechanical,Male,Tier-3,0
8.49,95.3,78.0,0,2,12,6,1,0,0.3,1,Computer Science,Male,Tier-3,1
9.46,80.2,84.2,0,0,4,1,4,1,0.0,3,Electrical,Female,Tier-2,0
7.75,67.3,78.7,1,3,10,2,7,4,3.0,8,Civil,Female,Tier-3,0
9.47,91.7,77.5,0,0,11,1,4,0,0.3,8,Information Technology,Female,Tier-2,0
9.67,92.0,76.5,0,1,3,3,4,4,0.4,2,Computer Science,Male,Tier-2,1
8.67,78.0,72.7,0,1,11,1,7,2,1.0,2,Information Technology,Male,Tier-2,1
9.75,99.0,64.2,0,0,12,3,4,4,0.6,5,Electrical,Male,Tier-3,0
9.59,99.0,75.6,0,0,15,10,3,0,0.6,6,Electronics,Female,Tier-2,0
8.8,81.9,84.7,0,1,7,6,8,5,0.1,6,Information Technology,Male,Tier-2,1
7.59,90.8,73.5,0,2,2,7,1,4,4.8,1,Computer Science,Male,Tier-1,1
7.69,93.7,63.0,0,0,10,9,0,4,0.3,4,Information Technology,Male,Tier-3,1
9.33,64.4,59.5,0,1,3,5,3,5,0.1,7,Chemical,Male,Tier-3,0
9.63,81.4,62.6,0,1,1,10,2,4,1.1,1,Electrical,Male,Tier-3,0
8.5,69.8,60.1,0,1,11,8,8,0,1.4,5,Electronics,Female,Tier-3,0
8.79,68.1,99.0,2,3,12,5,2,6,0.0,3,Civil,Female,Tier-2,0
9.21,79.5,63.6,0,1,1,10,2,2,0.3,6,Information Technology,Male,Tier-2,1
9.71,80.4,74.5,0,1,2,10,6,4,0.2,1,Mechanical,Female,Tier-3,0
8.89,58.7,73.9,0,1,13,2,1,2,1.6,8,Electrical,Female,Tier-3,0
9.92,82.1,93.4,0,1,14,0,7,0,0.2,5,Information Technology,Female,Tier-3,1
9.45,75.0,80.6,0,0,1,8,5,3,0.3,7,Civil,Male,Tier-2,0
7.3,94.8,80.5,0,2,15,2,8,6,4.3,8,Mechanical,Male,Tier-3,1
9.09,92.0,77.3,0,0,2,0,7,4,1.2,5,Mechanical,Female,Tier-2,0
9.49,67.7,78.6,3,1,1,10,3,2,0.5,4,Computer Science,Female,Tier-3,1
8.88,93.8,79.2,0,1,3,1,7,4,1.4,3,Electrical,Female,Tier-2,0
8.59,84.4,66.8,0,0,9,2,3,1,0.6,1,Civil,Male,Tier-3,0
6.8,75.4,63.1,0,0,9,7,4,1,0.2,5,Computer Science,Female,Tier-3,1
8.43,71.9,75.8,0,0,8,7,6,0,0.7,3,Mechanical,Female,Tier-2,0
8.33,64.2,68.0,3,0,9,1,5,6,1.5,8,Mechanical,Male,Tier-2,0
8.82,63.4,77.4,1,2,12,5,4,5,0.2,4,Civil,Male,Tier-3,1
8.57,56.1,61.0,0,2,14,1,1,2,0.7,7,Computer Science,Female,Tier-1,1
9.29,78.3,55.8,0,0,4,6,4,2,0.1,8,Mechanical,Female,Tier-2,1
6.99,53.3,58.4,5,0,14,9,6,5,1.8,8,Computer Science,Male,Tier-2,1
9.92,67.6,74.0,0,2,8,10,5,5,1.7,5,Electronics,Male,Tier-3,1
9.38,85.9,54.0,0,0,11,10,5,6,1.1,4,Electronics,Female,Tier-3,1
9.82,95.9,99.0,0,4,5,2,4,4,2.5,3,Computer Science,Female,Tier-3,1
8.3,64.2,99.0,0,0,4,7,8,1,0.5,4,Information Technology,Male,Tier-1,1
9.37,85.3,86.5,0,1,13,2,0,4,0.1,1,Civil,Female,Tier-2,0
9.1,74.3,70.2,0,1,4,9,3,4,3.7,4,Civil,Male,Tier-1,0
8.47,71.8,68.7,0,0,2,5,6,5,0.7,7,Information Technology,Male,Tier-1,1
8.11,79.9,78.9,2,0,10,0,0,0,0.6,2,Electronics,Female,Tier-2,0
8.14,70.1,82.8,0,1,9,7,3,3,0.1,2,Civil,Female,Tier-2,0
8.84,77.0,78.9,0,0,13,6,5,0,0.8,2,Computer Science,Male,Tier-2,1
8.21,78.9,58.0,0,1,9,0,7,0,1.0,2,Mechanical,Female,Tier-3,0
9.95,91.9,72.5,3,0,14,6,6,0,0.6,1,Information Technology,Female,Tier-1,1
9.18,94.5,81.9,0,1,1,10,8,6,2.4,8,Chemical,Female,Tier-3,0
6.63,70.8,44.3,0,1,12,4,6,4,1.4,5,Electronics,Male,Tier-3,1
8.38,74.8,60.6,2,1,4,1,2,4,0.0,2,Computer Science,Female,Tier-3,1
8.67,87.7,81.8,1,0,9,0,3,4,0.8,8,Computer Science,Male,Tier-2,1
8.47,75.8,70.9,0,1,14,1,2,4,5.0,6,Computer Science,Female,Tier-2,1
8.65,86.6,71.0,2,1,4,5,8,6,0.2,2,Mechanical,Female,Tier-2,0
7.48,88.8,89.4,0,3,14,1,7,6,1.0,7,Electronics,Female,Tier-3,1
9.14,90.2,74.3,0,1,2,5,8,6,0.3,5,Computer Science,Male,Tier-2,1
9.04,79.1,68.8,0,0,2,7,1,5,0.5,2,Computer Science,Female,Tier-3,0
8.06,64.0,71.0,0,0,13,7,4,1,0.0,6,Information Technology,Male,Tier-2,1
9.23,76.0,71.4,0,0,10,5,4,2,1.2,5,Information Technology,Male,Tier-3,1
8.56,71.9,64.2,0,0,14,4,6,1,1.5,2,Electrical,Female,Tier-3,0
9.37,87.3,72.1,0,0,9,3,3,2,1.5,6,Electronics,Male,Tier-1,1
7.3,96.3,60.2,1,0,11,5,3,4,3.5,8,Electrical,Male,Tier-3,1
9.88,96.6,70.7,1,0,4,4,7,6,1.8,5,Information Technology,Female,Tier-1,1
7.56,88.6,68.3,0,0,1,9,0,6,0.2,5,Information Technology,Female,Tier-3,1
8.16,66.8,78.0,1,0,12,3,5,1,0.3,3,Electrical,Male,Tier-2,0
7.7,94.8,94.7,1,0,13,5,8,2,1.5,4,Electronics,Male,Tier-2,0
7.99,83.1,78.4,0,0,1,8,1,3,1.5,5,Electronics,Male,Tier-1,1
8.87,68.1,76.3,0,1,1,8,4,0,0.1,2,Electronics,Male,Tier-3,0
6.52,88.3,78.0,2,0,8,7,8,6,0.0,1,Mechanical,Female,Tier-2,0
9.51,75.3,63.8,0,0,1,9,3,6,0.5,5,Electronics,Female,Tier-3,0
9.13,54.6,84.1,3,0,5,0,8,6,1.2,2,Mechanical,Female,Tier-3,0
7.75,66.2,80.3,0,1,9,8,7,2,2.0,8,Computer Science,Male,Tier-1,1
7.59,77.2,74.4,0,2,4,4,8,5,0.2,5,Mechanical,Male,Tier-2,1
8.95,76.7,79.6,0,0,11,10,1,1,1.7,3,Computer Science,Female,Tier-2,1
9.3,65.2,79.3,0,1,9,2,4,1,1.2,1,Information Technology,Male,Tier-3,1
8.27,87.0,79.3,0,1,5,7,8,3,0.2,1,Civil,Female,Tier-2,0
8.15,84.2,87.9,0,1,13,7,4,2,2.1,2,Electronics,Male,Tier-3,1
6.94,60.8,65.1,0,2,9,8,3,0,2.7,4,Chemical,Female,Tier-3,0
9.6,99.0,92.0,0,2,13,1,7,1,0.3,7,Information Technology,Male,Tier-2,1
8.77,63.4,54.2,0,0,15,9,5,4,0.2,3,Electrical,Female,Tier-3,1
9.06,72.5,83.6,0,0,2,3,1,5,3.4,4,Mechanical,Male,Tier-2,0
7.47,82.5,77.2,1,1,14,9,7,4,0.0,1,Information Technology,Male,Tier-2,1
7.9,72.5,62.5,0,3,13,1,4,2,3.0,7,Civil,Male,Tier-3,1
6.99,95.5,88.4,0,2,8,5,6,6,0.2,6,Chemical,Female,Tier-2,0
9.27,75.9,51.4,0,0,7,0,3,5,0.6,1,Civil,Female,Tier-2,1
9.38,66.9,96.1,0,0,7,9,8,3,0.4,7,Computer Science,Female,Tier-2,1
8.74,85.4,99.0,0,1,3,2,1,0,0.2,6,Computer Science,Female,Tier-3,1
9.11,43.2,72.9,0,1,10,1,8,2,0.4,8,Computer Science,Male,Tier-3,1
9.0,84.4,61.6,0,1,12,6,3,2,0.8,8,Civil,Male,Tier-3,0
9.36,93.5,67.5,0,1,2,7,5,6,0.1,8,Mechanical,Male,Tier-2,1
9.29,50.3,87.7,0,0,11,1,4,5,1.7,4,Mechanical,Female,Tier-3,0
7.32,73.2,70.8,0,2,14,8,2,0,1.6,6,Mechanical,Male,Tier-3,1
8.05,58.2,36.8,0,2,10,10,6,1,1.6,6,Mechanical,Female,Tier-1,1
9.13,78.2,80.0,0,1,1,0,3,4,1.2,5,Information Technology,Female,Tier-2,1
8.28,99.0,86.6,2,1,13,1,0,1,0.6,8,Mechanical,Male,Tier-1,1
8.07,80.8,81.7,0,1,1,2,7,6,1.8,8,Electrical,Male,Tier-2,1
9.31,75.4,83.8,1,0,7,1,2,3,1.9,4,Mechanical,Male,Tier-3,0
7.89,44.1,95.9,0,0,9,0,5,0,0.3,6,Electrical,Male,Tier-3,0
8.93,64.7,72.3,0,0,15,7,1,1,0.7,4,Computer Science,Female,Tier-1,1
8.24,76.4,97.3,0,2,1,0,8,2,0.2,6,Information Technology,Male,Tier-1,1
7.89,79.1,73.0,4,0,15,4,3,2,0.3,5,Electronics,Male,Tier-3,0
8.54,82.1,89.6,0,0,10,10,6,3,0.3,8,Electronics,Male,Tier-2,1
9.27,87.2,73.1,0,1,4,5,8,3,1.8,5,Electronics,Male,Tier-1,1
7.98,67.1,99.0,0,0,15,6,2,0,0.3,6,Mechanical,Male,Tier-3,0
9.07,78.5,83.4,0,0,14,2,2,1,0.8,5,Civil,Male,Tier-2,0
8.8,72.0,73.7,1,1,13,10,2,2,1.0,3,Electrical,Male,Tier-2,0
7.39,66.7,59.4,1,1,2,6,4,0,1.4,1,Computer Science,Female,Tier-1,1
7.09,67.5,77.7,0,1,14,7,5,0,0.0,6,Computer Science,Female,Tier-2,1
8.31,84.5,64.3,0,1,8,9,2,2,0.6,1,Information Technology,Female,Tier-3,1
7.3,47.2,80.7,0,1,9,2,8,1,0.3,5,Mechanical,Male,Tier-2,0
9.98,55.7,83.6,5,1,3,4,0,4,1.8,6,Civil,Male,Tier-3,0
9.56,99.0,88.5,0,1,3,0,6,3,0.0,6,Information Technology,Male,Tier-3,1
8.36,70.0,82.0,1,0,7,8,8,6,0.2,8,Information Technology,Male,Tier-2,1
8.36,95.6,76.0,0,1,9,7,4,6,0.4,5,Computer Science,Female,Tier-2,1
8.41,77.2,92.2,0,0,7,2,2,6,0.1,8,Computer Science,Male,Tier-1,1
9.36,71.3,93.7,0,0,12,3,3,5,0.5,3,Computer Science,Male,Tier-3,1
8.86,85.9,61.3,1,0,14,0,7,1,1.4,3,Information Technology,Female,Tier-3,0
8.71,79.0,97.9,0,0,13,0,2,4,0.2,2,Mechanical,Female,Tier-2,0
9.43,75.9,91.0,1,1,7,5,4,4,1.4,4,Computer Science,Male,Tier-3,1
7.9,77.5,63.9,0,1,14,5,2,2,0.8,7,Information Technology,Male,Tier-3,1
6.89,82.7,50.6,0,0,2,8,5,4,0.4,1,Electronics,Male,Tier-3,0
9.45,69.7,90.7,0,3,12,4,0,6,0.5,6,Information Technology,Male,Tier-3,1
9.22,72.2,77.7,0,1,11,2,6,3,0.1,1,Electronics,Male,Tier-2,1
9.11,66.3,69.1,0,2,1,5,5,0,0.3,8,Electronics,Male,Tier-3,0
9.45,63.5,79.1,0,1,2,7,5,1,1.3,8,Civil,Male,Tier-3,0
9.3,99.0,90.4,0,0,12,6,2,5,2.0,3,Civil,Male,Tier-2,1
8.16,67.1,48.6,0,3,6,10,0,6,0.3,4,Computer Science,Male,Tier-1,1
7.29,90.0,76.6,0,2,12,9,0,3,0.9,3,Information Technology,Male,Tier-3,1
9.47,73.7,75.7,0,1,12,2,6,4,0.0,7,Electronics,Male,Tier-3,1
8.57,84.5,94.5,0,0,14,0,3,0,0.1,6,Electronics,Female,Tier-2,1
6.87,78.0,85.8,0,0,10,3,5,0,3.3,7,Computer Science,Male,Tier-2,1
9.15,56.5,85.6,0,2,15,5,3,6,2.3,8,Information Technology,Male,Tier-1,1
7.47,78.3,69.2,0,0,13,3,7,4,0.1,8,Computer Science,Male,Tier-2,1
8.23,85.3,83.7,1,1,8,4,8,3,1.7,2,Information Technology,Female,Tier-2,1
8.29,66.5,68.7,0,1,8,9,1,5,0.1,8,Information Technology,Male,Tier-2,1
9.05,99.0,73.6,0,0,6,6,0,4,1.8,6,Mechanical,Female,Tier-1,1
9.9,87.7,82.5,0,1,2,4,0,1,2.4,2,Information Technology,Female,Tier-2,1
7.26,87.9,76.1,3,1,14,4,6,0,0.2,2,Computer Science,Male,Tier-3,0
9.15,89.1,79.1,0,0,9,1,1,2,0.2,6,Mechanical,Female,Tier-2,0
8.5,50.0,92.1,1,1,10,0,2,6,2.6,6,Mechanical,Male,Tier-2,0
8.31,86.5,70.3,0,2,4,3,3,0,0.4,3,Computer Science,Male,Tier-3,1
9.18,99.0,61.5,0,1,13,10,8,4,0.6,4,Information Technology,Female,Tier-2,1
8.96,87.1,63.2,0,1,5,9,1,5,0.4,6,Computer Science,Male,Tier-3,1
8.13,74.8,60.4,0,1,1,7,1,6,1.4,5,Computer Science,Male,Tier-1,1
9.28,64.6,95.9,0,0,9,2,0,4,0.2,1,Electrical,Female,Tier-3,0
9.0,63.5,83.5,0,4,11,5,7,2,0.7,5,Computer Science,Male,Tier-2,1
9.56,62.0,88.9,1,1,11,9,7,2,1.9,8,Electrical,Female,Tier-3,1
9.08,73.2,86.6,0,0,11,1,4,0,2.9,4,Information Technology,Female,Tier-2,1
9.26,65.2,72.4,0,1,10,8,2,4,0.4,7,Mechanical,Male,Tier-3,0
8.37,76.2,96.2,0,1,13,8,0,0,0.1,6,Electronics,Male,Tier-3,1
9.77,80.4,66.0,0,0,1,3,1,3,1.7,3,Electronics,Male,Tier-1,1
8.83,57.4,99.0,0,2,7,10,8,4,0.1,3,Electronics,Female,Tier-1,1
7.03,68.8,76.6,0,0,11,7,7,5,1.5,6,Electronics,Female,Tier-2,1
8.66,71.1,98.3,0,1,9,1,3,0,1.2,3,Information Technology,Male,Tier-1,1
9.19,70.7,61.4,0,1,3,9,2,5,0.9,2,Electrical,Male,Tier-1,1
8.59,78.2,69.4,0,0,2,1,4,4,2.8,2,Electrical,Female,Tier-2,0
8.01,79.5,54.2,0,2,14,5,7,6,0.4,2,Computer Science,Female,Tier-2,1
8.79,72.9,88.5,0,1,10,1,5,4,0.1,5,Computer Science,Male,Tier-2,1
7.14,69.9,78.3,0,1,8,0,3,1,4.0,8,Electronics,Female,Tier-2,1
9.37,77.8,99.0,0,1,4,9,7,0,0.6,6,Chemical,Male,Tier-1,1
8.99,95.3,68.7,0,3,1,1,3,4,0.6,6,Mechanical,Male,Tier-3,0
9.91,60.5,92.4,0,0,8,1,4,2,0.1,7,Civil,Male,Tier-2,1
9.38,91.6,76.0,0,1,15,4,1,2,1.4,1,Information Technology,Male,Tier-3,1
8.41,58.4,73.8,0,3,6,5,3,1,1.3,3,Computer Science,Male,Tier-3,1
8.23,82.3,71.2,1,0,6,10,2,4,0.2,3,Computer Science,Male,Tier-2,1
9.51,90.6,64.0,1,0,4,2,7,0,0.3,5,Electronics,Female,Tier-3,1
9.39,62.1,79.9,1,4,6,7,7,6,0.0,7,Civil,Female,Tier-2,1
7.97,82.2,77.7,0,3,2,1,6,5,2.2,7,Computer Science,Male,Tier-3,1
8.25,65.4,54.6,0,1,6,9,5,0,0.3,6,Electronics,Male,Tier-3,0
9.79,92.0,42.4,0,1,15,2,8,5,2.6,1,Civil,Male,Tier-2,0
9.01,58.8,70.9,0,1,2,3,3,5,0.8,1,Electronics,Male,Tier-2,1
8.61,67.3,90.1,0,0,6,4,3,5,0.6,5,Information Technology,Female,Tier-3,0
8.9,79.6,77.9,0,1,14,4,5,2,0.0,3,Information Technology,Male,Tier-3,1
9.63,86.5,58.1,3,1,9,5,0,3,0.1,4,Electronics,Male,Tier-1,1
8.7,79.1,51.9,0,0,7,3,1,6,0.2,7,Civil,Male,Tier-1,1
9.09,83.9,90.0,0,1,12,9,1,4,0.1,4,Chemical,Male,Tier-3,0
8.33,71.4,53.5,0,1,14,10,3,1,0.3,1,Electrical,Female,Tier-2,1
7.82,64.9,84.9,0,1,15,6,4,1,0.2,7,Electronics,Female,Tier-2,1
8.69,95.6,82.4,0,1,14,7,1,5,1.1,8,Computer Science,Male,Tier-3,1
9.98,84.0,96.3,0,2,12,3,7,4,0.4,1,Computer Science,Female,Tier-1,1
9.05,72.1,66.8,3,0,4,8,4,4,1.3,3,Computer Science,Male,Tier-1,1
9.31,58.2,87.2,0,1,1,5,7,5,0.1,1,Information Technology,Male,Tier-1,1
7.67,92.7,93.2,0,1,9,7,8,1,0.2,8,Electronics,Male,Tier-3,1
9.18,93.2,57.6,2,0,1,8,8,1,1.5,5,Civil,Male,Tier-1,0
9.27,75.4,76.7,0,0,5,0,3,0,1.0,4,Computer Science,Female,Tier-2,1
8.65,70.1,74.5,0,1,14,4,1,1,0.1,7,Computer Science,Male,Tier-3,1
9.34,74.9,61.2,0,1,7,6,1,5,3.2,4,Electronics,Male,Tier-3,1
9.92,75.5,78.4,0,2,10,9,4,2,1.4,1,Civil,Female,Tier-2,0
8.75,87.2,59.8,0,1,13,1,3,1,0.8,5,Computer Science,Male,Tier-3,1
9.22,64.3,80.0,0,0,13,10,5,6,0.4,8,Computer Science,Male,Tier-3,1
9.52,71.0,99.0,0,1,10,6,8,1,0.1,6,Electronics,Male,Tier-3,1
9.87,75.8,72.3,0,1,6,6,6,2,0.4,1,Information Technology,Female,Tier-3,1
9.34,81.1,73.8,0,1,3,2,3,2,0.4,1,Chemical,Male,Tier-1,0
9.43,88.4,93.4,0,2,11,8,6,4,0.1,6,Electronics,Male,Tier-3,1
8.92,81.7,91.4,0,1,8,6,1,5,1.5,8,Electrical,Male,Tier-2,0
9.38,99.0,67.0,0,0,11,9,4,5,0.5,5,Chemical,Male,Tier-2,0
8.62,66.1,83.9,0,0,7,10,8,1,2.2,5,Information Technology,Male,Tier-2,1
9.09,95.5,36.6,0,1,9,4,8,2,0.2,2,Information Technology,Male,Tier-3,1
8.23,66.6,61.9,0,0,1,6,3,0,0.4,7,Information Technology,Male,Tier-3,0
9.49,73.3,88.9,0,1,8,6,7,3,0.3,4,Electronics,Female,Tier-1,1
7.64,82.6,68.4,0,1,4,5,4,2,2.0,1,Computer Science,Female,Tier-2,1
8.98,92.1,72.4,0,1,7,3,2,3,0.7,3,Civil,Male,Tier-3,0
8.44,73.3,63.0,0,1,7,7,5,6,0.2,1,Computer Science,Female,Tier-3,1
8.91,82.7,60.9,0,1,4,1,3,6,0.4,1,Electrical,Female,Tier-3,0
9.86,74.2,42.5,0,0,8,7,2,1,2.9,3,Electronics,Male,Tier-2,1
9.53,50.5,70.3,1,1,13,4,3,6,0.8,6,Electronics,Female,Tier-2,1
8.05,77.5,81.1,0,1,12,6,0,6,0.0,4,Mechanical,Female,Tier-2,0
9.54,63.1,78.2,0,1,1,2,7,0,0.1,2,Electrical,Female,Tier-2,0
9.6,93.3,64.2,1,0,5,6,8,5,0.3,5,Information Technology,Male,Tier-3,0
8.86,93.3,56.4,0,1,4,8,5,0,1.0,2,Information Technology,Male,Tier-1,1
9.56,68.0,70.1,0,1,4,6,4,5,0.3,1,Information Technology,Male,Tier-3,1
8.85,66.1,57.7,0,0,15,0,8,4,1.9,1,Electronics,Male,Tier-3,0
8.41,70.5,65.0,4,2,3,8,3,5,1.0,7,Computer Science,Male,Tier-2,1
8.8,84.4,76.7,1,1,1,6,0,5,0.4,3,Mechanical,Male,Tier-2,0
9.12,84.4,63.7,0,1,5,1,6,6,0.5,6,Electronics,Male,Tier-3,0
9.42,99.0,91.7,0,1,8,4,0,4,0.5,3,Electronics,Male,Tier-2,0
8.61,74.3,61.4,0,3,10,10,8,1,0.4,1,Computer Science,Male,Tier-2,1
8.65,79.1,67.1,0,1,6,9,3,2,1.0,2,Civil,Female,Tier-2,1
7.79,99.0,86.0,0,1,12,1,2,0,0.2,7,Information Technology,Male,Tier-1,1
8.76,81.4,84.0,0,1,1,6,3,1,0.3,2,Mechanical,Male,Tier-2,0
8.42,64.9,81.7,0,0,5,8,0,1,0.1,4,Computer Science,Male,Tier-2,1
8.25,82.1,66.7,1,0,6,3,5,5,0.5,6,Civil,Female,Tier-1,1
7.48,86.5,82.6,0,0,15,2,6,2,0.1,8,Information Technology,Female,Tier-2,1
9.69,73.9,85.3,0,0,9,5,6,0,0.0,1,Electrical,Female,Tier-2,0
9.9,87.5,80.7,0,1,9,7,4,5,1.0,6,Electronics,Male,Tier-2,1
8.11,86.5,74.6,0,0,5,7,4,5,0.2,5,Computer Science,Female,Tier-3,1
9.31,72.5,82.5,1,1,3,7,5,0,0.0,5,Mechanical,Female,Tier-3,0
8.15,96.6,74.0,0,1,6,4,7,0,0.1,2,Electronics,Male,Tier-1,1
7.95,68.6,80.3,0,0,11,10,8,4,0.2,3,Information Technology,Female,Tier-2,1
6.5,83.2,76.0,2,0,8,5,5,0,1.3,3,Civil,Male,Tier-2,0
8.18,70.8,55.4,0,1,12,1,2,3,0.0,2,Information Technology,Male,Tier-2,1
9.07,57.7,67.4,0,0,11,5,5,5,1.3,4,Computer Science,Female,Tier-2,1
8.5,82.3,99.0,0,1,12,4,3,2,0.9,1,Computer Science,Female,Tier-3,1
8.8,99.0,49.8,0,1,12,2,3,0,0.7,8,Electrical,Male,Tier-2,1
9.52,77.4,95.2,0,1,5,7,6,6,2.4,5,Electronics,Female,Tier-2,1
8.62,60.1,83.1,0,1,8,3,5,2,1.8,2,Electronics,Female,Tier-2,1
8.04,80.7,75.4,0,1,1,1,7,2,0.5,6,Computer Science,Male,Tier-2,1
9.37,68.2,53.2,1,2,8,10,7,3,0.0,3,Electronics,Male,Tier-2,1
8.07,90.6,75.0,1,0,2,2,2,0,1.2,1,Electronics,Female,Tier-2,0
9.83,75.3,65.3,0,4,7,1,3,2,0.0,5,Electronics,Female,Tier-3,1
8.38,56.7,90.5,0,1,2,1,1,6,0.3,4,Chemical,Male,Tier-1,0
7.6,84.1,66.3,1,1,3,2,0,5,0.7,2,Electronics,Female,Tier-3,0
8.59,80.5,71.4,0,1,5,6,6,0,0.1,1,Chemical,Male,Tier-2,0
9.14,74.4,78.2,0,1,10,9,7,3,1.1,6,Computer Science,Male,Tier-2,1
9.73,65.5,66.6,0,4,7,0,7,4,0.4,5,Electrical,Female,Tier-3,1
8.37,99.0,87.5,0,0,9,9,5,4,0.4,4,Electronics,Male,Tier-2,1
7.44,72.6,71.2,0,1,12,5,6,4,1.0,3,Information Technology,Male,Tier-3,1
7.5,88.8,50.5,0,0,12,10,7,4,0.5,1,Mechanical,Male,Tier-3,0
7.48,72.4,77.0,0,0,5,0,3,1,0.3,6,Electronics,Female,Tier-3,0
9.16,86.2,85.5,0,1,11,2,7,2,0.2,8,Electronics,Male,Tier-2,1
8.38,78.6,93.7,1,0,1,3,5,1,1.3,2,Computer Science,Male,Tier-1,1
9.19,78.3,82.2,0,2,15,7,6,6,1.4,5,Mechanical,Female,Tier-1,1
9.49,68.1,90.0,0,1,11,1,6,0,0.2,7,Information Technology,Female,Tier-2,1
8.17,84.3,81.4,0,1,15,6,7,5,0.4,8,Information Technology,Male,Tier-3,1
9.54,94.9,62.5,0,0,3,2,4,4,3.1,7,Electrical,Male,Tier-2,1
6.76,65.6,64.8,0,0,5,0,1,0,4.1,3,Computer Science,Male,Tier-2,0
8.88,68.0,45.1,0,2,12,5,7,3,0.9,6,Electrical,Female,Tier-2,1
9.35,99.0,72.2,0,1,3,1,0,2,1.4,6,Electronics,Male,Tier-3,1
8.3,66.0,83.5,0,0,8,2,1,3,1.4,8,Computer Science,Male,Tier-3,1
8.26,71.3,54.5,0,0,8,5,4,2,0.5,3,Civil,Female,Tier-3,0
9.71,94.6,91.8,0,0,15,2,3,3,0.0,5,Mechanical,Female,Tier-2,1
7.76,95.0,73.7,0,0,11,4,1,6,1.3,5,Information Technology,Male,Tier-3,1
8.83,48.9,63.3,0,1,1,2,3,3,0.1,5,Information Technology,Female,Tier-3,1
7.9,87.2,54.4,2,1,8,6,6,5,0.3,1,Information Technology,Male,Tier-2,1
8.63,75.7,96.6,0,1,14,6,4,2,0.4,2,Computer Science,Female,Tier-3,1
8.18,76.2,90.4,0,2,4,0,3,0,0.4,3,Civil,Male,Tier-2,1
9.87,92.0,69.8,0,0,11,5,1,6,0.6,7,Information Technology,Female,Tier-3,0
8.12,73.8,87.1,0,1,6,2,1,3,0.7,4,Civil,Male,Tier-2,0
7.8,71.9,72.3,0,1,10,6,0,6,0.7,5,Mechanical,Male,Tier-2,0
9.16,74.1,67.1,0,0,15,0,5,2,0.2,7,Chemical,Female,Tier-3,0
8.73,73.8,66.5,0,0,8,9,5,2,1.0,2,Computer Science,Female,Tier-3,0
8.33,82.2,72.0,1,1,14,2,3,3,1.6,4,Information Technology,Male,Tier-3,1
8.25,93.9,69.8,0,0,2,9,8,0,0.6,1,Mechanical,Male,Tier-3,0
8.93,83.1,75.8,0,1,8,1,3,6,1.8,8,Civil,Female,Tier-3,0
8.09,77.8,95.9,0,1,7,7,2,4,0.6,3,Computer Science,Male,Tier-2,1
9.24,84.6,99.0,0,0,4,7,8,5,0.8,2,Electrical,Male,Tier-2,1
9.14,87.4,59.4,0,0,12,10,0,1,0.1,7,Computer Science,Female,Tier-1,1
9.1,84.9,81.0,1,0,5,8,1,4,0.2,8,Electronics,Male,Tier-2,1
8.54,70.0,77.7,0,1,6,8,0,3,1.5,2,Computer Science,Female,Tier-3,1
8.69,83.1,81.9,5,0,15,10,6,3,0.3,3,Computer Science,Male,Tier-2,1
8.56,52.6,69.1,0,2,3,1,0,5,0.1,3,Civil,Male,Tier-3,0
8.97,96.4,82.1,0,2,2,6,0,6,0.8,6,Computer Science,Male,Tier-1,1
6.38,96.4,57.1,0,0,14,6,5,2,0.1,7,Electronics,Female,Tier-2,1
8.46,88.7,99.0,0,2,2,3,5,6,1.2,5,Computer Science,Female,Tier-2,1
8.62,93.0,78.8,0,1,15,5,4,5,1.2,7,Civil,Male,Tier-1,1
8.25,77.1,84.5,0,0,4,0,3,0,0.6,8,Civil,Female,Tier-3,0
9.71,69.0,60.5,0,1,7,5,7,5,1.2,3,Mechanical,Female,Tier-3,0
8.1,63.0,66.0,0,1,12,0,2,5,1.6,2,Mechanical,Male,Tier-3,0
8.11,90.1,55.9,0,0,1,4,0,0,0.2,5,Electronics,Female,Tier-3,0
8.49,69.0,93.9,0,0,1,3,0,3,1.0,7,Electronics,Female,Tier-3,0
9.22,73.5,60.6,0,0,15,5,4,0,1.2,3,Information Technology,Male,Tier-3,1
9.01,80.7,72.5,0,0,4,10,2,1,0.2,8,Mechanical,Male,Tier-1,1
7.88,77.6,73.1,0,0,9,10,2,5,1.3,4,Information Technology,Male,Tier-2,1
8.35,81.2,81.2,0,1,12,4,1,0,1.3,7,Computer Science,Female,Tier-2,1
9.67,56.3,58.2,0,0,14,4,8,0,0.2,4,Computer Science,Female,Tier-3,1
9.04,75.2,86.2,2,0,12,2,5,5,0.4,3,Mechanical,Male,Tier-2,0
8.53,87.9,91.2,1,0,5,9,6,6,2.8,6,Information Technology,Female,Tier-2,1
8.59,72.8,66.4,0,2,1,1,1,6,0.1,7,Chemical,Female,Tier-2,0
9.01,67.7,74.5,0,0,3,6,0,2,0.3,2,Information Technology,Female,Tier-3,0
7.97,89.5,83.1,0,1,11,9,7,3,0.9,5,Computer Science,Male,Tier-2,1
8.59,72.9,78.3,1,1,6,7,3,0,3.5,6,Information Technology,Female,Tier-2,1
7.02,80.2,62.0,0,1,13,4,8,6,0.3,5,Mechanical,Male,Tier-1,1
8.08,75.5,84.1,1,1,15,8,8,6,1.7,5,Electronics,Male,Tier-1,1
9.78,78.0,94.7,1,0,3,0,3,3,0.5,1,Mechanical,Male,Tier-3,0
7.67,96.4,94.6,0,0,11,2,2,0,0.4,8,Computer Science,Male,Tier-1,1
6.26,84.9,82.5,0,0,6,7,4,0,5.0,3,Civil,Male,Tier-2,0
7.1,63.3,85.0,0,1,6,4,5,0,1.7,6,Electrical,Male,Tier-3,1
7.41,73.5,69.9,0,0,5,1,3,6,0.3,1,Computer Science,Female,Tier-2,0
8.74,73.0,63.1,0,0,10,9,0,6,0.2,6,Mechanical,Female,Tier-3,1
9.35,80.6,74.1,0,1,13,8,6,6,0.1,1,Computer Science,Female,Tier-3,1
6.91,88.9,99.0,0,0,5,0,4,2,0.7,4,Computer Science,Male,Tier-3,0
9.44,78.4,68.1,0,1,9,2,1,0,0.4,5,Computer Science,Male,Tier-2,1
9.22,78.0,80.6,0,0,3,3,8,6,0.5,1,Electronics,Male,Tier-3,0
8.41,51.2,79.9,1,3,15,6,7,4,0.6,7,Electrical,Female,Tier-2,1
7.4,93.9,70.1,0,3,11,3,6,1,4.7,2,Civil,Male,Tier-2,0
9.02,76.0,94.3,0,1,10,10,8,5,0.0,3,Computer Science,Female,Tier-2,1
9.57,81.1,95.7,0,3,7,1,1,5,0.6,8,Electronics,Male,Tier-3,1
9.62,81.1,99.0,0,0,13,1,2,6,0.1,2,Computer Science,Female,Tier-1,1
8.55,68.8,64.6,1,1,4,9,8,0,1.1,8,Electronics,Male,Tier-3,0
9.32,75.1,80.3,0,0,2,0,5,5,0.1,5,Electronics,Male,Tier-1,1
7.98,68.7,76.2,0,1,10,6,1,4,1.5,4,Civil,Male,Tier-2,0
8.21,94.6,66.1,0,0,3,8,5,3,2.0,2,Electrical,Male,Tier-1,1
9.3,51.3,66.3,0,0,3,9,4,2,3.5,2,Computer Science,Male,Tier-2,1
9.36,66.6,77.2,0,3,3,1,4,3,0.1,6,Mechanical,Female,Tier-2,1
8.29,74.1,68.9,0,0,3,6,4,2,3.9,7,Information Technology,Male,Tier-3,0
7.51,96.0,62.3,0,1,10,7,1,3,0.5,1,Electronics,Male,Tier-2,0
9.25,86.5,76.6,0,1,6,2,5,3,1.0,2,Computer Science,Male,Tier-2,1
9.27,58.3,60.6,0,0,13,3,6,1,0.0,4,Computer Science,Male,Tier-2,1
9.31,76.6,68.9,0,1,14,8,8,1,0.5,8,Civil,Male,Tier-3,1
6.94,86.7,79.7,0,0,6,3,4,1,0.4,8,Computer Science,Male,Tier-2,0
9.92,99.0,73.2,0,2,11,5,4,6,0.7,2,Electrical,Female,Tier-3,1
9.26,73.9,71.7,0,3,9,7,8,3,0.1,2,Computer Science,Male,Tier-3,1
9.13,63.8,98.5,0,1,8,9,5,6,1.2,8,Information Technology,Male,Tier-3,1
9.5,81.9,93.2,1,2,10,1,6,5,0.9,8,Mechanical,Male,Tier-3,1
9.49,77.5,76.1,1,0,7,0,3,6,0.2,5,Information Technology,Male,Tier-2,1
9.58,83.6,61.8,0,0,15,6,3,2,4.1,6,Chemical,Male,Tier-1,1
7.94,86.3,85.5,0,0,12,0,0,1,0.0,4,Mechanical,Male,Tier-3,0
9.77,81.8,99.0,0,1,12,3,4,2,0.4,2,Computer Science,Female,Tier-3,1
9.14,84.3,92.7,2,0,13,4,1,2,0.3,5,Civil,Female,Tier-2,0
8.43,97.6,58.1,0,1,2,1,4,0,0.8,3,Chemical,Female,Tier-1,1
8.47,74.5,72.4,2,1,10,9,4,4,2.2,2,Computer Science,Male,Tier-2,1
9.53,63.3,65.5,0,0,2,3,3,3,1.1,2,Civil,Male,Tier-2,0
8.45,81.8,63.0,0,0,14,10,8,4,0.0,5,Chemical,Male,Tier-1,1
9.15,62.6,89.8,0,0,1,10,4,3,2.0,6,Computer Science,Male,Tier-2,1
9.1,64.5,89.5,0,1,7,9,5,2,0.3,8,Computer Science,Male,Tier-3,1
8.37,68.1,98.1,0,0,7,10,0,6,0.1,5,Mechanical,Female,Tier-2,1
9.59,63.0,83.8,1,0,1,6,4,4,0.6,7,Chemical,Male,Tier-3,0
9.85,92.0,74.4,0,1,6,3,8,0,2.3,5,Mechanical,Male,Tier-2,1
8.57,78.6,77.4,0,0,11,10,5,4,0.0,8,Electronics,Female,Tier-1,1
9.36,86.5,63.2,0,1,14,0,8,5,1.0,2,Computer Science,Male,Tier-3,1
9.12,84.1,92.8,0,1,12,9,3,4,0.4,1,Electrical,Female,Tier-1,1
9.08,75.5,65.4,0,1,7,3,1,0,1.0,8,Computer Science,Female,Tier-1,1
9.98,89.5,69.7,0,1,14,10,8,0,0.3,8,Computer Science,Female,Tier-2,1
9.38,72.2,71.1,0,0,1,5,3,1,3.4,8,Electronics,Male,Tier-3,1
7.33,76.0,35.1,0,0,12,4,1,5,0.1,1,Electronics,Male,Tier-2,0
9.65,69.5,86.3,0,1,6,3,0,3,0.2,5,Computer Science,Male,Tier-3,1
8.28,94.8,62.7,1,0,10,1,1,2,0.0,1,Computer Science,Male,Tier-3,0
8.88,76.7,84.0,0,2,9,9,4,4,1.6,3,Computer Science,Male,Tier-1,1
8.46,85.2,69.2,0,0,12,10,2,4,0.1,8,Computer Science,Male,Tier-1,1
8.1,71.0,69.1,0,1,1,5,5,2,0.3,1,Chemical,Female,Tier-2,0
8.44,88.2,60.6,0,0,2,5,3,0,0.2,1,Computer Science,Female,Tier-3,0
8.86,87.3,93.0,0,2,2,5,1,6,0.4,2,Electrical,Female,Tier-2,0
9.76,58.5,95.9,0,1,10,3,6,0,1.5,6,Civil,Female,Tier-3,0
9.44,78.0,88.0,0,1,3,7,5,4,3.0,1,Mechanical,Male,Tier-2,0
7.49,79.4,78.4,1,1,14,0,7,4,2.1,5,Mechanical,Male,Tier-2,1
8.56,74.4,76.8,0,0,4,9,4,6,1.8,7,Electronics,Female,Tier-1,1
8.9,94.6,89.1,0,1,7,7,2,2,0.5,2,Electronics,Female,Tier-3,0
7.56,63.4,73.4,0,0,3,7,3,2,1.6,7,Electrical,Male,Tier-1,1
8.25,72.6,92.1,0,1,7,4,4,6,1.5,1,Civil,Male,Tier-3,0
9.9,67.8,62.5,0,0,5,8,4,6,0.3,7,Computer Science,Female,Tier-2,1
9.82,90.4,87.8,0,0,5,8,5,5,0.3,8,Computer Science,Female,Tier-3,1
8.51,65.7,91.7,0,0,7,9,8,3,0.7,3,Information Technology,Male,Tier-3,1
8.74,56.0,60.7,0,0,7,3,3,6,3.3,2,Computer Science,Male,Tier-2,1
8.77,83.2,64.1,0,0,7,1,6,0,0.1,6,Chemical,Male,Tier-1,0
8.65,76.3,74.4,0,2,9,0,6,1,4.5,2,Information Technology,Female,Tier-1,1
8.43,90.5,80.5,0,1,1,7,5,5,0.2,2,Computer Science,Female,Tier-2,1
8.65,87.7,67.0,0,3,1,7,0,1,0.7,1,Mechanical,Male,Tier-2,0
8.46,77.5,76.2,0,0,15,10,8,5,0.4,6,Information Technology,Male,Tier-3,1
7.83,60.7,48.1,0,1,3,6,5,2,0.5,5,Computer Science,Male,Tier-1,1
9.22,63.6,84.9,1,1,6,10,2,3,3.2,4,Computer Science,Male,Tier-3,1
7.77,56.7,85.6,1,1,2,2,1,4,1.0,6,Computer Science,Male,Tier-1,1
7.2,76.3,94.8,0,1,9,2,2,2,0.4,4,Electronics,Male,Tier-3,0
9.39,70.1,82.5,0,1,1,9,0,2,1.0,4,Mechanical,Male,Tier-3,0
9.06,75.8,70.2,0,1,14,7,2,5,0.6,1,Electrical,Female,Tier-3,0
7.42,80.1,61.8,0,1,5,10,4,2,2.9,3,Electronics,Female,Tier-2,0
9.28,99.0,64.4,0,1,7,7,3,1,0.4,2,Mechanical,Male,Tier-1,0
9.49,85.0,73.8,0,3,10,1,0,2,0.9,2,Computer Science,Female,Tier-2,1
6.77,78.9,64.0,0,3,3,0,4,3,1.9,7,Information Technology,Male,Tier-3,1
8.52,59.2,65.0,0,1,14,0,2,1,3.2,6,Information Technology,Male,Tier-2,1
7.96,78.3,74.5,0,0,2,10,6,3,1.6,5,Electrical,Male,Tier-3,0
8.91,88.6,54.0,0,0,13,0,7,5,2.7,7,Electronics,Female,Tier-1,1
9.29,82.7,62.1,0,0,3,2,4,1,0.6,6,Computer Science,Male,Tier-3,0
8.91,65.4,77.8,0,0,15,0,7,5,1.4,2,Electrical,Female,Tier-2,1
7.99,73.5,78.5,0,0,12,7,5,6,0.1,5,Information Technology,Male,Tier-3,1
9.48,78.9,86.2,0,0,7,7,5,6,0.9,6,Computer Science,Male,Tier-2,1
9.05,73.1,77.0,0,1,15,8,4,3,0.0,1,Electronics,Male,Tier-2,1
8.08,70.6,75.4,0,0,1,3,5,0,0.3,4,Mechanical,Female,Tier-3,0
9.49,52.2,83.3,0,1,8,7,0,0,1.1,6,Chemical,Female,Tier-2,1
9.5,68.8,77.5,0,0,3,6,7,1,0.2,7,Civil,Male,Tier-3,0
6.99,81.0,62.4,0,2,5,3,4,0,0.2,5,Computer Science,Male,Tier-2,1
9.6,88.5,64.6,1,1,10,0,7,4,0.1,5,Electronics,Male,Tier-3,0
8.75,78.9,96.8,0,0,11,10,2,5,1.4,2,Electronics,Male,Tier-3,0
6.45,90.7,99.0,0,2,5,2,5,3,0.6,1,Information Technology,Female,Tier-3,0
8.21,77.1,84.6,0,0,6,7,0,1,2.2,4,Computer Science,Male,Tier-2,0
9.09,67.5,61.9,0,2,7,7,0,5,0.4,1,Information Technology,Female,Tier-2,1
9.31,72.3,99.0,0,1,11,1,3,0,0.6,4,Electronics,Female,Tier-3,0
9.58,84.0,69.4,1,0,1,6,5,1,0.7,3,Computer Science,Female,Tier-2,1
8.22,74.8,80.5,1,0,6,0,2,4,2.0,1,Electronics,Male,Tier-3,0
9.81,70.3,74.7,1,0,2,3,4,1,0.3,3,Computer Science,Male,Tier-1,1
9.77,59.3,77.4,0,2,14,6,3,1,0.1,4,Computer Science,Male,Tier-3,1
9.23,67.3,69.3,1,1,10,3,2,6,1.0,5,Chemical,Male,Tier-2,0
9.58,73.2,91.9,1,0,3,3,8,6,1.7,8,Mechanical,Male,Tier-2,1
7.22,71.0,72.6,0,1,14,10,3,5,0.8,8,Electronics,Male,Tier-1,1
9.45,66.3,83.0,0,0,5,6,6,2,0.4,3,Information Technology,Male,Tier-1,1
8.83,96.7,82.7,0,0,1,0,4,2,1.0,7,Computer Science,Female,Tier-3,0
8.61,85.2,73.6,0,2,7,4,6,2,4.7,7,Computer Science,Female,Tier-2,1
8.86,99.0,55.4,0,1,1,5,4,2,0.9,4,Computer Science,Female,Tier-3,1
7.05,58.7,64.2,1,0,8,6,2,3,0.4,4,Mechanical,Male,Tier-2,0
8.25,81.8,84.3,1,3,11,6,5,4,0.3,7,Information Technology,Male,Tier-3,1
9.79,72.8,79.0,2,0,12,6,8,6,5.0,8,Information Technology,Male,Tier-3,1
7.01,78.2,64.4,0,0,6,1,5,1,1.9,3,Computer Science,Female,Tier-1,1
9.5,99.0,75.6,0,0,11,5,3,6,0.3,6,Computer Science,Female,Tier-2,1
9.53,57.1,77.7,0,1,14,8,0,5,0.3,1,Electronics,Female,Tier-3,1
8.06,71.1,82.6,0,1,1,6,2,4,1.6,6,Mechanical,Male,Tier-2,0
9.23,69.0,98.7,0,0,15,6,2,1,4.9,8,Chemical,Male,Tier-1,1
8.38,71.2,45.3,0,1,14,1,1,5,0.6,5,Information Technology,Male,Tier-2,1
8.03,52.7,90.7,0,1,7,6,1,2,0.3,8,Mechanical,Male,Tier-3,0
8.83,93.4,77.8,0,1,10,8,7,3,0.3,4,Computer Science,Female,Tier-3,1
8.28,93.9,61.6,0,2,3,2,7,1,1.6,1,Electronics,Female,Tier-1,1
8.67,85.0,77.1,2,0,7,1,2,1,0.9,4,Electronics,Male,Tier-2,0
9.36,61.9,93.8,0,0,15,5,3,0,1.0,4,Computer Science,Female,Tier-2,1
8.73,81.3,97.7,0,1,11,1,4,3,0.2,8,Electronics,Female,Tier-3,0
8.58,88.4,61.7,2,0,8,0,8,3,0.1,7,Electronics,Male,Tier-2,1
8.41,82.7,64.0,0,0,10,9,4,3,0.0,4,Information Technology,Male,Tier-3,0
7.5,77.4,58.2,0,0,14,3,5,4,2.5,1,Electronics,Female,Tier-3,0
9.52,94.9,78.0,0,1,15,8,6,2,0.4,2,Computer Science,Female,Tier-3,1
9.31,69.5,78.7,0,0,3,9,1,0,1.4,5,Civil,Female,Tier-3,0
9.31,76.0,87.8,0,0,5,2,3,4,2.2,5,Electronics,Female,Tier-1,1
8.24,85.5,80.7,1,0,10,2,5,5,0.9,2,Computer Science,Male,Tier-2,0
8.79,81.8,86.6,0,1,2,5,3,2,0.6,4,Chemical,Female,Tier-2,0
9.84,84.7,57.0,0,1,14,5,4,6,0.0,2,Information Technology,Male,Tier-2,1
9.03,84.4,97.8,0,0,2,7,2,1,0.4,6,Chemical,Male,Tier-2,0
9.01,84.3,91.9,0,1,1,9,1,0,0.4,3,Computer Science,Female,Tier-3,1
9.43,73.6,68.1,0,1,3,5,0,4,0.8,3,Computer Science,Male,Tier-1,1
9.22,69.6,64.8,0,1,4,7,2,0,1.4,1,Mechanical,Male,Tier-1,1
8.99,79.6,84.7,0,0,3,7,8,2,1.2,1,Chemical,Male,Tier-1,0
9.52,96.1,54.7,0,1,11,6,0,5,2.0,3,Computer Science,Female,Tier-2,1
9.36,77.7,65.4,0,3,8,4,7,5,0.0,6,Mechanical,Male,Tier-1,1
9.59,85.2,61.6,0,0,1,3,4,4,0.9,6,Computer Science,Male,Tier-3,0
9.12,79.3,73.7,0,0,5,0,3,6,0.2,2,Civil,Male,Tier-2,0
7.56,99.0,69.2,0,0,7,5,4,5,3.6,8,Electronics,Male,Tier-3,0
9.36,76.3,64.8,0,1,13,7,6,4,0.5,7,Civil,Male,Tier-1,1
9.1,85.2,63.5,0,1,9,10,7,0,1.0,8,Information Technology,Male,Tier-1,1
6.99,69.4,66.7,1,0,1,3,1,1,0.4,6,Electrical,Male,Tier-2,0
8.17,64.6,59.5,0,0,9,6,5,1,0.2,8,Information Technology,Male,Tier-2,1
7.39,77.9,82.1,2,2,11,2,3,1,1.2,1,Information Technology,Female,Tier-3,0
8.73,92.2,89.6,0,1,9,4,7,2,2.8,7,Chemical,Female,Tier-2,0
8.45,85.6,80.2,2,3,4,6,3,0,0.1,2,Computer Science,Female,Tier-2,1
8.01,53.0,93.0,0,2,15,10,2,5,1.7,1,Electronics,Male,Tier-3,1
7.77,86.8,64.1,0,1,10,8,4,2,0.4,8,Electronics,Female,Tier-3,0
9.6,59.6,65.3,1,0,5,8,3,2,0.1,5,Computer Science,Male,Tier-1,1
7.79,88.1,80.7,0,1,6,6,4,5,1.2,2,Information Technology,Female,Tier-3,1
8.26,84.5,82.4,1,0,4,3,8,1,0.1,3,Information Technology,Male,Tier-3,0
9.32,76.2,75.2,0,1,6,5,2,1,1.3,3,Civil,Male,Tier-1,1
9.51,86.7,74.7,0,1,5,3,1,1,0.6,6,Information Technology,Female,Tier-3,1
9.41,74.8,61.1,0,3,15,2,1,6,0.2,7,Information Technology,Female,Tier-3,1
9.85,79.8,40.4,0,0,3,8,8,5,0.2,1,Mechanical,Male,Tier-2,0
7.31,60.7,82.2,0,0,3,4,6,0,1.4,2,Electronics,Female,Tier-1,1
9.27,74.9,87.8,3,1,9,7,3,0,1.8,4,Information Technology,Male,Tier-3,1
6.92,89.1,69.3,0,2,5,2,5,5,1.2,7,Mechanical,Female,Tier-2,1
8.67,62.0,67.8,0,2,11,8,5,1,1.3,8,Information Technology,Female,Tier-3,1
9.54,87.8,66.4,0,1,3,0,2,2,1.9,3,Computer Science,Female,Tier-2,1
7.79,53.8,70.1,0,0,8,1,8,0,0.6,3,Mechanical,Male,Tier-3,0
9.41,63.7,88.1,0,0,8,3,3,4,0.2,2,Computer Science,Female,Tier-3,0
9.82,74.2,62.8,0,2,14,1,0,2,0.5,2,Chemical,Male,Tier-2,0
7.57,79.8,83.4,0,1,14,8,1,5,3.9,1,Electronics,Male,Tier-3,1
8.94,71.1,68.5,0,1,13,6,4,2,0.6,8,Computer Science,Male,Tier-1,1
8.68,70.8,49.1,1,0,3,1,7,6,2.6,8,Computer Science,Male,Tier-2,1
8.87,91.3,70.5,0,0,7,10,6,3,1.2,6,Information Technology,Male,Tier-3,0
9.87,92.3,96.3,0,1,9,10,8,0,1.3,6,Electrical,Male,Tier-2,1
8.11,72.9,66.1,0,2,3,3,0,6,0.2,4,Civil,Male,Tier-3,0
9.49,73.3,71.9,0,4,8,5,1,4,0.5,8,Computer Science,Male,Tier-2,1
6.79,74.6,75.1,0,2,12,1,3,0,1.3,7,Electronics,Male,Tier-1,1
7.15,99.0,77.6,0,1,12,8,6,6,1.1,3,Electrical,Male,Tier-3,0
9.7,78.2,95.1,0,1,1,2,0,2,2.0,2,Mechanical,Female,Tier-2,1
7.32,96.9,64.7,1,2,12,1,4,5,0.2,8,Electronics,Female,Tier-1,1
9.17,86.8,75.1,0,0,14,3,1,0,1.4,3,Computer Science,Male,Tier-1,1
9.43,76.7,84.9,0,3,3,4,1,2,0.0,7,Chemical,Female,Tier-3,0
7.8,70.2,65.7,0,1,12,3,1,4,0.4,8,Electrical,Female,Tier-1,1
9.62,87.4,76.0,0,3,4,2,8,2,1.0,4,Information Technology,Male,Tier-2,1
9.01,68.6,87.8,1,1,3,2,4,6,3.9,6,Electronics,Female,Tier-1,1
9.48,73.4,68.2,0,0,13,2,7,5,4.5,8,Computer Science,Female,Tier-3,1
8.03,85.9,72.7,0,0,9,2,5,1,0.6,6,Mechanical,Male,Tier-3,0
7.72,75.1,60.0,0,0,13,5,0,5,1.4,7,Computer Science,Female,Tier-2,1
9.08,73.3,87.3,0,0,13,3,8,2,0.9,5,Electrical,Male,Tier-3,0
9.48,74.3,77.1,0,1,12,6,6,1,1.2,5,Electrical,Male,Tier-3,0
8.7,69.8,69.5,0,1,10,6,1,4,1.3,4,Information Technology,Male,Tier-2,1
9.77,83.4,71.0,0,1,5,3,7,4,0.8,2,Mechanical,Female,Tier-2,0
9.41,78.4,74.9,0,0,15,0,1,2,1.7,5,Electronics,Female,Tier-3,0
9.7,61.7,79.3,0,3,3,8,1,1,0.9,7,Civil,Male,Tier-3,0
9.91,72.2,66.5,1,1,3,6,3,2,0.1,7,Computer Science,Female,Tier-3,1
9.62,73.6,67.5,0,2,11,5,7,6,4.5,2,Electronics,Male,Tier-1,1
9.13,73.5,71.6,0,0,2,4,6,4,0.4,1,Information Technology,Male,Tier-2,0
7.39,85.2,77.0,2,2,10,8,1,1,3.3,3,Information Technology,Female,Tier-2,1
9.9,69.6,95.9,0,0,6,8,5,3,0.3,7,Computer Science,Male,Tier-3,1
7.91,99.0,64.6,0,1,9,9,3,3,1.9,8,Mechanical,Female,Tier-3,0
8.39,94.6,53.5,0,1,7,10,0,4,1.2,1,Computer Science,Female,Tier-2,1
7.84,94.6,93.2,0,2,15,5,7,5,0.4,8,Mechanical,Male,Tier-3,1
8.55,65.6,63.6,1,0,2,7,7,1,2.8,7,Information Technology,Female,Tier-1,1
7.95,53.6,94.1,0,0,9,6,5,2,0.9,7,Computer Science,Male,Tier-2,1
8.95,73.9,91.2,0,2,14,0,6,5,1.8,5,Civil,Female,Tier-3,0
8.47,81.5,82.1,0,0,3,1,2,5,1.6,5,Information Technology,Male,Tier-2,1
8.91,76.1,90.8,0,0,7,8,8,6,0.0,2,Computer Science,Male,Tier-2,1
9.23,71.6,51.2,0,1,10,9,3,4,0.3,5,Civil,Male,Tier-3,0
6.93,57.1,57.4,0,0,7,3,1,4,0.6,2,Information Technology,Female,Tier-3,0
9.61,69.9,78.7,0,0,4,10,3,0,2.7,4,Civil,Male,Tier-3,0
7.9,75.1,70.0,5,0,14,2,1,5,0.1,5,Electronics,Female,Tier-3,0
8.12,72.1,64.8,2,0,4,1,3,5,0.2,4,Electrical,Female,Tier-3,0
9.32,72.0,85.5,1,1,12,7,1,6,1.0,4,Information Technology,Male,Tier-2,1
7.74,68.4,78.3,0,0,2,6,7,2,1.1,6,Computer Science,Male,Tier-3,1
8.59,97.9,88.6,0,1,2,8,5,2,0.2,3,Computer Science,Female,Tier-3,1
9.09,86.5,70.2,0,2,2,2,7,3,3.0,6,Civil,Male,Tier-3,0
8.98,89.5,74.8,0,0,12,0,0,0,0.2,2,Civil,Male,Tier-2,0
8.23,81.3,95.0,0,2,11,8,8,5,0.2,4,Computer Science,Female,Tier-2,1
8.41,62.0,58.3,0,3,5,4,1,2,1.0,3,Chemical,Male,Tier-3,0
7.23,86.9,73.9,0,1,3,4,7,5,0.5,5,Chemical,Female,Tier-2,0
7.56,94.2,63.6,1,4,10,2,3,2,0.0,5,Information Technology,Male,Tier-3,1
7.63,95.9,97.0,0,0,7,7,1,6,2.5,4,Computer Science,Male,Tier-1,1
9.22,85.5,99.0,0,2,13,7,0,3,0.1,6,Information Technology,Male,Tier-1,1
7.93,78.0,77.7,0,1,7,0,3,0,0.2,5,Electrical,Male,Tier-1,1
8.6,78.0,81.4,1,0,6,3,0,0,2.3,2,Electronics,Male,Tier-2,1
8.99,84.2,73.7,1,1,13,5,7,1,0.3,7,Electrical,Female,Tier-3,1
8.21,58.3,73.1,0,1,8,8,1,5,1.7,5,Computer Science,Male,Tier-2,1
7.97,85.7,76.1,0,0,11,1,7,6,0.2,1,Chemical,Female,Tier-2,1
8.48,72.2,57.5,0,0,4,6,0,4,0.0,5,Mechanical,Female,Tier-2,0
9.57,99.0,83.6,0,1,9,9,6,1,0.3,4,Computer Science,Male,Tier-3,1
9.29,74.4,62.2,0,1,12,0,6,0,1.4,3,Electronics,Male,Tier-2,1
9.61,80.3,70.4,0,1,12,9,4,5,1.1,2,Civil,Male,Tier-3,0
9.76,79.7,75.4,0,1,15,3,2,3,0.4,2,Computer Science,Male,Tier-2,1
8.39,69.7,65.1,0,0,13,9,5,1,1.0,3,Electronics,Male,Tier-2,0
8.74,83.5,82.8,0,1,10,10,4,3,1.1,2,Mechanical,Male,Tier-2,0
9.02,82.1,68.8,0,2,10,6,8,0,0.8,8,Information Technology,Male,Tier-2,1
7.76,90.3,88.9,0,2,5,2,3,5,2.7,6,Electronics,Male,Tier-2,1
8.56,86.6,63.7,0,1,4,2,8,3,1.6,4,Civil,Female,Tier-1,1
8.56,80.2,72.8,0,4,3,3,5,1,1.7,4,Chemical,Female,Tier-3,0
8.27,68.2,61.1,0,2,14,7,8,0,0.6,3,Electronics,Male,Tier-2,1
8.6,68.5,87.8,0,0,15,2,2,0,1.2,4,Mechanical,Female,Tier-2,0
8.89,97.9,71.0,1,0,9,7,0,1,0.2,1,Information Technology,Male,Tier-2,1
8.82,79.0,67.8,0,0,12,9,5,5,0.4,4,Information Technology,Male,Tier-3,0
9.36,99.0,72.5,4,1,15,8,3,4,0.7,2,Electrical,Male,Tier-3,0
7.78,68.2,73.6,0,1,4,7,3,1,1.7,3,Computer Science,Female,Tier-3,0
9.08,99.0,80.3,0,0,9,7,3,1,0.4,6,Computer Science,Male,Tier-2,1
9.11,66.7,82.0,0,2,11,8,0,5,0.6,1,Information Technology,Female,Tier-1,1
8.99,72.7,73.0,0,1,1,3,4,2,3.2,4,Computer Science,Male,Tier-1,1
7.76,83.3,74.5,0,1,5,2,8,0,0.3,1,Mechanical,Male,Tier-1,0
9.46,90.0,35.0,0,0,1,7,2,2,1.0,8,Electrical,Male,Tier-2,1
7.94,86.1,69.1,0,0,9,0,1,2,0.1,5,Computer Science,Female,Tier-2,1
9.69,55.0,93.6,0,1,12,9,1,2,0.5,5,Information Technology,Male,Tier-3,1
8.79,71.1,80.8,0,2,7,0,6,3,0.4,1,Electrical,Male,Tier-1,1
8.83,64.3,61.0,1,2,12,3,5,6,0.0,5,Electronics,Female,Tier-3,1
8.11,61.4,70.0,0,1,10,9,1,1,0.9,5,Electrical,Male,Tier-2,1
9.7,77.8,67.2,1,0,9,2,0,2,0.4,5,Chemical,Male,Tier-1,0
7.78,52.7,88.9,0,0,5,9,6,3,0.3,8,Chemical,Male,Tier-3,0
9.55,90.0,87.6,0,2,10,1,5,3,2.2,6,Information Technology,Female,Tier-3,1
7.46,86.9,64.8,2,0,14,8,4,6,0.3,7,Information Technology,Male,Tier-2,1
9.19,97.4,75.1,0,1,9,4,4,0,0.5,7,Mechanical,Male,Tier-2,0
9.04,65.2,60.3,0,1,4,2,2,1,3.0,6,Electronics,Male,Tier-2,1
8.18,66.4,66.9,0,1,13,8,4,5,0.1,8,Mechanical,Female,Tier-2,1
6.78,90.6,67.3,0,1,3,7,5,4,2.8,8,Electronics,Male,Tier-2,1
7.58,91.5,65.9,0,3,2,3,6,1,0.5,3,Electronics,Male,Tier-2,1
8.01,94.2,79.8,0,2,4,9,6,3,1.6,3,Information Technology,Female,Tier-2,1
9.84,91.8,92.5,3,2,3,4,7,1,0.4,5,Electronics,Female,Tier-2,0
9.01,80.6,74.2,0,1,9,10,4,0,0.5,2,Information Technology,Female,Tier-2,1
8.43,72.5,61.3,0,0,13,4,3,1,0.6,5,Information Technology,Male,Tier-1,1
9.62,86.8,77.7,0,4,12,7,6,6,2.9,5,Mechanical,Male,Tier-3,1
9.19,72.7,77.7,1,0,12,6,1,3,0.8,5,Mechanical,Female,Tier-3,0
8.19,79.3,72.5,0,1,13,2,7,6,0.2,2,Electronics,Male,Tier-3,1
8.15,73.4,99.0,4,0,12,5,3,3,0.9,2,Mechanical,Female,Tier-2,0
8.43,81.2,78.2,0,1,8,5,0,2,2.2,6,Information Technology,Male,Tier-2,1
9.1,92.9,82.5,0,0,12,1,1,3,0.2,5,Electronics,Male,Tier-3,1
7.13,73.8,45.9,0,2,1,0,0,0,0.4,4,Computer Science,Male,Tier-2,1
9.49,72.0,62.5,1,3,2,6,4,3,0.8,6,Electronics,Male,Tier-2,1
9.09,76.7,81.7,0,1,3,2,0,1,4.4,1,Electronics,Male,Tier-3,0
8.7,63.9,78.7,0,0,6,4,8,5,0.6,8,Information Technology,Male,Tier-1,1
8.25,86.0,70.1,0,1,5,7,3,5,0.9,3,Computer Science,Male,Tier-1,1
8.62,79.4,80.9,0,0,11,4,2,5,0.1,1,Mechanical,Female,Tier-1,1
8.4,77.6,87.1,0,4,5,10,8,4,1.4,3,Electronics,Female,Tier-2,1
8.12,81.9,68.9,1,0,6,4,3,3,0.2,7,Computer Science,Female,Tier-1,1
7.27,60.3,66.9,0,0,13,4,0,5,0.4,6,Chemical,Male,Tier-2,0
9.64,94.8,71.7,1,1,12,10,1,0,1.2,1,Chemical,Male,Tier-1,0
9.13,71.8,81.5,0,1,14,6,3,6,1.2,6,Computer Science,Female,Tier-3,1
9.0,73.5,67.6,0,1,8,1,0,0,0.4,8,Mechanical,Male,Tier-2,1
9.42,88.4,86.1,0,0,14,0,5,5,1.9,2,Electronics,Female,Tier-1,1
8.54,85.3,68.7,0,0,1,10,6,0,1.6,7,Information Technology,Male,Tier-2,1
8.66,99.0,67.7,0,0,5,3,0,5,1.0,7,Mechanical,Female,Tier-2,0
7.47,66.4,99.0,1,0,6,4,5,0,0.2,5,Electronics,Female,Tier-2,0
7.97,66.7,59.0,0,2,11,6,2,1,2.4,8,Electrical,Male,Tier-2,1
8.95,63.6,85.2,2,0,10,0,6,2,0.7,3,Mechanical,Male,Tier-3,0
9.31,79.6,51.5,0,1,11,8,1,6,0.5,5,Electronics,Female,Tier-2,1
7.75,74.8,83.6,1,1,6,10,1,4,2.6,5,Electronics,Male,Tier-3,0
9.99,69.7,99.0,0,0,9,9,3,6,3.6,6,Computer Science,Male,Tier-3,1
9.38,77.2,88.7,0,2,10,3,7,5,1.3,7,Computer Science,Female,Tier-2,1
7.73,65.6,92.4,0,1,7,5,2,6,1.6,2,Computer Science,Female,Tier-3,1
8.27,96.6,73.8,0,0,4,10,7,2,0.3,3,Computer Science,Female,Tier-3,1
9.39,69.6,87.2,4,2,7,0,6,2,0.3,7,Computer Science,Female,Tier-1,1
9.69,71.1,78.2,0,1,7,8,4,2,0.8,4,Computer Science,Male,Tier-2,1
7.8,49.4,99.0,0,1,11,3,3,1,4.1,2,Civil,Female,Tier-1,1
8.67,58.3,60.6,0,2,11,4,1,6,1.4,5,Electronics,Male,Tier-2,1
9.69,70.9,90.4,0,2,6,7,8,6,1.4,6,Mechanical,Male,Tier-2,1
7.97,74.3,80.6,0,1,8,5,3,4,0.3,8,Computer Science,Female,Tier-3,1
9.65,86.6,63.1,0,0,8,9,4,3,0.5,3,Civil,Male,Tier-2,1
8.22,60.1,71.4,0,0,13,2,1,3,0.4,2,Computer Science,Male,Tier-3,1
8.78,83.4,54.2,0,1,13,9,1,5,0.4,2,Information Technology,Male,Tier-1,1
8.7,85.5,35.0,0,2,10,7,1,4,1.3,4,Information Technology,Female,Tier-2,1
9.24,86.1,59.4,0,0,12,5,1,4,0.1,7,Computer Science,Female,Tier-2,1
7.73,90.4,70.0,0,0,13,1,8,0,0.2,7,Computer Science,Male,Tier-2,1
9.47,64.1,76.1,0,2,6,4,4,6,0.5,1,Mechanical,Female,Tier-1,1
8.68,84.5,58.0,0,0,11,2,5,2,0.4,3,Computer Science,Male,Tier-2,1
9.63,99.0,70.9,3,0,2,3,3,0,2.3,3,Civil,Female,Tier-2,0
8.46,94.8,78.1,1,0,5,8,1,1,0.2,3,Computer Science,Female,Tier-3,0
8.42,99.0,67.5,0,0,13,2,2,1,0.3,3,Chemical,Female,Tier-3,0
9.31,80.9,60.9,0,3,1,4,2,4,0.2,7,Electrical,Male,Tier-2,1
9.18,70.9,65.5,1,3,10,7,7,1,2.0,1,Information Technology,Male,Tier-3,1
9.19,47.6,92.4,0,0,10,8,7,4,0.2,7,Computer Science,Female,Tier-3,1
7.79,63.1,52.6,0,3,14,6,5,6,0.4,2,Electrical,Male,Tier-3,0
8.48,71.7,90.0,0,0,12,10,7,3,1.1,2,Mechanical,Male,Tier-1,1
9.13,73.9,92.7,5,2,13,3,2,2,0.1,7,Electronics,Female,Tier-2,0
8.29,68.5,70.4,1,0,10,8,6,6,1.7,6,Information Technology,Female,Tier-3,1
7.43,82.1,81.0,0,2,14,1,4,1,1.2,1,Electronics,Male,Tier-2,1
9.16,80.3,64.8,2,0,12,1,8,0,0.3,2,Information Technology,Male,Tier-2,1
8.92,78.5,78.5,4,0,13,3,8,1,0.5,1,Electronics,Male,Tier-2,0
8.34,87.4,99.0,0,3,15,1,4,5,1.0,1,Civil,Male,Tier-2,0
7.35,72.4,91.5,1,0,11,2,5,2,2.9,8,Chemical,Female,Tier-2,0
9.91,91.2,68.5,1,4,9,4,0,1,1.0,2,Chemical,Male,Tier-3,1
9.01,63.6,57.9,0,0,4,2,3,4,0.3,6,Electrical,Female,Tier-3,0
8.97,74.4,71.2,0,0,1,0,0,1,0.7,7,Civil,Male,Tier-3,0
8.77,81.8,78.6,0,2,3,10,3,3,0.6,7,Electronics,Male,Tier-3,1
7.96,55.0,84.4,0,1,10,2,0,6,0.8,8,Computer Science,Male,Tier-1,1
9.11,72.0,73.6,1,1,13,5,3,3,0.7,7,Mechanical,Male,Tier-2,0
7.47,86.5,98.2,0,0,15,2,5,1,0.5,2,Information Technology,Male,Tier-1,1
8.86,72.9,75.4,0,1,2,8,8,0,2.1,1,Mechanical,Female,Tier-1,1
9.79,56.1,68.8,1,0,9,2,1,1,0.4,4,Computer Science,Male,Tier-3,0
9.2,67.4,81.8,3,1,7,10,1,4,0.8,5,Civil,Male,Tier-3,0
7.97,61.9,84.1,0,1,10,2,5,4,0.3,3,Computer Science,Female,Tier-1,1
7.61,84.0,65.1,1,1,10,2,5,6,0.6,1,Civil,Female,Tier-3,0
8.56,79.4,62.8,0,3,12,4,2,6,1.1,8,Electrical,Male,Tier-2,1
8.71,59.3,53.7,0,1,15,6,1,6,1.4,2,Electrical,Male,Tier-3,0
9.82,58.3,71.2,0,0,6,4,2,6,1.6,6,Information Technology,Female,Tier-3,0
9.03,69.3,90.8,0,0,4,8,3,6,1.3,8,Information Technology,Female,Tier-3,1
9.04,78.4,83.7,0,1,11,5,3,4,0.6,1,Civil,Male,Tier-2,0
7.87,69.9,89.6,0,0,4,0,6,0,0.0,8,Mechanical,Female,Tier-1,0
8.34,82.2,66.5,0,0,12,8,3,3,0.7,2,Electronics,Male,Tier-1,1
9.43,81.8,72.9,2,2,12,2,5,4,0.1,1,Chemical,Female,Tier-1,1
6.86,84.4,50.2,0,2,7,7,5,4,3.4,7,Electronics,Male,Tier-3,0
7.23,61.0,88.1,0,1,8,2,2,1,0.5,2,Computer Science,Female,Tier-2,1
6.94,74.7,92.5,1,1,4,7,8,3,0.7,4,Mechanical,Female,Tier-1,1
8.19,90.9,61.1,0,1,14,3,4,4,0.1,6,Electronics,Male,Tier-3,0
9.51,69.9,96.1,0,1,7,0,8,6,5.0,7,Computer Science,Female,Tier-1,1
7.8,68.2,72.0,0,2,3,10,5,4,0.7,5,Computer Science,Female,Tier-3,1
8.2,72.1,60.9,1,1,12,5,5,1,0.4,8,Information Technology,Female,Tier-3,1
8.46,71.8,70.9,4,0,12,6,8,1,0.2,2,Chemical,Male,Tier-3,0
8.27,79.5,83.2,0,1,9,7,4,2,1.0,6,Computer Science,Male,Tier-3,1
8.75,71.0,74.3,0,1,12,5,2,1,0.6,4,Electronics,Male,Tier-2,1
7.99,53.8,67.5,0,0,3,0,2,1,0.4,5,Information Technology,Female,Tier-1,1
7.72,92.2,82.7,1,0,14,4,1,2,0.0,7,Chemical,Female,Tier-2,0
9.91,84.1,83.9,0,1,3,8,1,4,0.0,8,Information Technology,Male,Tier-1,1
7.1,79.8,72.7,0,1,10,2,5,5,1.2,2,Computer Science,Female,Tier-2,0
9.23,76.9,70.4,0,2,12,4,7,1,0.7,3,Electronics,Male,Tier-3,1
9.67,74.1,67.9,0,0,13,5,7,0,1.9,1,Computer Science,Female,Tier-2,1
9.52,68.4,81.2,1,0,2,4,7,2,1.4,8,Information Technology,Male,Tier-2,1
7.63,55.5,54.1,0,0,3,3,6,5,0.9,1,Mechanical,Male,Tier-3,0
9.6,97.5,65.1,1,1,8,1,1,5,0.8,7,Electronics,Male,Tier-3,1
7.34,78.3,72.9,0,1,2,4,1,2,1.4,1,Computer Science,Male,Tier-3,0
8.21,58.7,64.8,0,2,13,9,6,5,1.4,7,Electronics,Male,Tier-3,1
8.78,65.7,78.3,0,1,1,0,3,4,0.4,2,Civil,Male,Tier-3,0
7.67,81.7,77.1,0,4,5,0,5,5,0.1,3,Electronics,Female,Tier-3,1
8.7,81.4,99.0,0,0,8,7,8,5,1.5,8,Electronics,Male,Tier-2,1
8.09,69.0,65.1,1,0,6,3,4,1,0.3,3,Information Technology,Female,Tier-2,1
9.8,65.1,74.9,0,0,14,0,3,0,1.6,3,Electronics,Female,Tier-3,0
8.97,71.1,62.6,1,1,2,1,2,4,1.0,6,Computer Science,Female,Tier-2,1
9.56,54.8,99.0,0,0,12,4,6,1,0.4,5,Civil,Female,Tier-3,0
9.88,72.3,97.1,0,1,9,6,6,4,1.9,6,Civil,Female,Tier-3,1
8.9,72.4,54.6,0,0,14,4,6,5,1.2,8,Electronics,Female,Tier-2,1
9.78,96.3,72.9,1,0,13,10,4,2,0.8,7,Chemical,Female,Tier-3,0
9.27,72.6,75.5,0,1,4,9,7,2,0.4,2,Electronics,Male,Tier-2,1
9.41,81.0,70.6,0,0,13,5,1,1,4.3,4,Computer Science,Female,Tier-3,1
8.88,97.2,68.7,0,2,3,6,3,6,1.8,5,Electronics,Male,Tier-2,1
7.47,65.2,85.0,0,2,4,2,0,4,0.1,2,Information Technology,Male,Tier-3,1
8.44,70.5,98.2,0,0,3,10,5,5,1.6,3,Computer Science,Male,Tier-2,1
7.74,71.5,85.5,0,2,8,9,5,1,0.1,6,Electronics,Male,Tier-1,1
9.42,57.9,86.2,0,1,1,4,2,5,0.3,2,Electronics,Male,Tier-3,0
8.12,74.9,70.4,0,1,1,7,0,3,3.2,3,Computer Science,Female,Tier-3,1
8.92,92.0,88.2,0,0,9,10,4,1,2.0,4,Electronics,Female,Tier-1,1
9.27,88.1,88.2,1,1,7,5,0,5,0.9,3,Civil,Female,Tier-2,0
7.98,92.2,68.8,0,0,9,1,2,3,1.2,5,Electronics,Male,Tier-3,0
8.57,70.4,72.0,0,0,3,8,7,2,0.1,2,Computer Science,Male,Tier-2,1
8.3,64.4,54.5,0,0,3,1,8,0,0.4,8,Mechanical,Male,Tier-3,0
8.5,99.0,57.4,1,1,14,5,2,2,0.4,1,Electrical,Male,Tier-3,0
9.86,80.6,69.4,0,1,2,10,8,0,0.0,3,Information Technology,Male,Tier-3,1
7.59,58.7,61.1,0,2,2,1,6,4,1.2,8,Computer Science,Female,Tier-2,1
7.77,99.0,85.5,1,1,11,9,7,0,0.4,8,Electrical,Male,Tier-2,1
8.15,76.9,72.9,3,3,9,6,5,4,1.0,3,Mechanical,Female,Tier-2,1
6.58,42.6,81.9,1,1,2,0,4,3,0.0,8,Chemical,Female,Tier-2,0
9.53,95.5,59.1,5,0,4,3,7,4,0.0,1,Mechanical,Male,Tier-1,0
8.03,50.3,91.9,1,1,11,7,1,1,0.2,8,Computer Science,Male,Tier-3,1
7.08,81.5,81.4,0,1,4,8,6,1,1.2,5,Electronics,Female,Tier-3,0
7.61,88.1,80.3,0,1,9,9,0,5,0.9,4,Computer Science,Female,Tier-2,1
8.34,86.2,87.3,2,1,14,2,6,1,0.2,6,Information Technology,Female,Tier-1,1
9.37,96.7,79.1,1,1,3,8,5,2,0.7,4,Civil,Male,Tier-2,0
9.34,90.2,61.8,0,0,10,7,3,6,1.0,5,Electronics,Male,Tier-1,1
7.85,99.0,83.1,0,1,14,3,2,5,2.8,2,Electronics,Male,Tier-3,0
8.4,76.9,64.8,0,0,15,0,8,1,1.4,7,Civil,Female,Tier-1,1
9.43,73.0,77.7,2,0,2,9,5,4,0.1,7,Computer Science,Male,Tier-1,1
9.3,73.8,65.0,0,1,12,4,5,4,0.3,4,Electronics,Female,Tier-2,1
8.87,94.5,96.6,0,1,15,10,0,4,0.5,6,Mechanical,Male,Tier-1,1
9.03,70.3,83.7,0,0,3,6,4,1,0.1,8,Electrical,Male,Tier-3,1
8.84,88.2,88.1,4,1,14,4,6,5,0.8,8,Computer Science,Male,Tier-3,1
8.75,67.7,65.1,0,1,9,10,3,3,2.4,6,Mechanical,Male,Tier-2,0
9.6,67.9,78.9,0,0,5,4,1,3,0.4,7,Computer Science,Male,Tier-3,1
9.87,92.2,77.5,0,1,5,4,8,2,4.2,6,Electronics,Male,Tier-3,0
9.2,83.2,76.4,0,0,7,2,5,4,0.3,5,Mechanical,Female,Tier-1,1
8.09,52.1,49.8,0,1,14,5,8,4,0.6,6,Civil,Male,Tier-3,0
8.8,67.8,99.0,0,0,1,10,7,2,0.4,3,Information Technology,Female,Tier-1,1
7.97,47.1,74.5,0,1,10,3,0,4,0.4,6,Mechanical,Female,Tier-2,0
8.21,73.5,81.5,0,2,5,9,1,0,0.5,1,Computer Science,Male,Tier-1,1
9.09,74.7,57.9,0,2,9,1,1,5,0.0,2,Computer Science,Female,Tier-2,1
8.99,72.3,94.0,0,1,14,3,1,2,0.8,8,Civil,Male,Tier-3,0
9.72,92.5,92.9,2,0,14,5,3,6,1.4,2,Electrical,Male,Tier-3,0
9.64,83.0,86.1,0,0,6,5,6,4,2.0,6,Computer Science,Male,Tier-1,1
9.86,99.0,78.5,0,1,12,10,6,2,0.4,3,Computer Science,Female,Tier-1,1
8.26,84.4,99.0,0,1,8,8,0,0,0.8,8,Computer Science,Female,Tier-3,1
9.05,84.6,87.8,0,2,10,7,7,0,2.2,8,Electronics,Female,Tier-3,1
9.67,81.3,57.2,0,0,8,4,3,5,1.6,4,Computer Science,Male,Tier-1,1
9.53,74.8,77.9,0,1,1,9,7,1,0.6,2,Chemical,Female,Tier-3,0
9.22,70.2,82.6,0,1,8,2,8,4,0.2,1,Information Technology,Female,Tier-3,1
8.08,75.2,76.4,0,1,6,3,6,6,0.8,3,Computer Science,Male,Tier-3,1
9.27,75.7,82.5,0,0,4,4,2,6,4.6,2,Civil,Male,Tier-2,1
8.19,76.9,93.7,1,3,3,0,2,5,1.4,7,Electronics,Male,Tier-3,0
9.42,85.6,72.5,0,1,5,8,4,0,1.9,6,Electrical,Female,Tier-2,1
8.49,81.6,70.1,0,2,15,3,6,0,0.2,8,Electrical,Male,Tier-3,0
7.34,71.8,60.9,0,1,13,7,6,5,2.3,3,Civil,Male,Tier-3,0
9.37,69.1,50.7,0,1,5,4,8,0,0.0,4,Electronics,Male,Tier-3,1
7.79,80.7,70.9,0,0,7,10,0,1,2.0,6,Computer Science,Female,Tier-2,1
9.86,66.9,66.2,0,1,9,4,2,4,0.3,5,Information Technology,Female,Tier-2,1
8.41,72.9,72.3,1,1,11,1,0,2,1.0,3,Electronics,Male,Tier-3,0
8.78,71.6,67.4,0,1,1,7,5,1,0.3,4,Chemical,Male,Tier-2,0
9.54,99.0,61.0,0,0,14,10,6,4,0.1,2,Information Technology,Female,Tier-1,1
7.99,62.7,67.8,0,1,9,9,1,0,0.3,8,Electronics,Female,Tier-1,1
7.39,68.5,81.7,0,0,3,6,8,1,0.6,2,Electronics,Male,Tier-1,1
9.21,71.3,68.0,0,0,6,1,4,3,2.5,8,Information Technology,Male,Tier-2,1
9.19,72.6,72.5,0,0,6,10,2,3,0.5,4,Computer Science,Female,Tier-2,1
7.16,90.0,99.0,0,0,4,5,6,0,0.1,2,Electrical,Male,Tier-3,0
8.74,74.9,89.0,1,1,14,8,6,4,0.0,8,Civil,Female,Tier-1,1
8.09,62.1,78.0,0,0,2,7,0,4,0.2,7,Information Technology,Male,Tier-1,1
8.93,95.2,78.4,0,0,5,9,5,1,0.1,7,Electronics,Male,Tier-3,0
9.63,81.2,65.8,0,0,3,2,2,3,0.5,2,Mechanical,Male,Tier-2,0
9.04,83.0,69.5,0,1,4,6,6,6,0.5,2,Chemical,Male,Tier-3,0
9.51,85.8,71.4,0,1,6,3,4,4,3.6,4,Computer Science,Female,Tier-3,1
8.4,63.2,76.4,3,0,11,10,3,1,0.4,6,Mechanical,Female,Tier-2,0
7.47,77.9,74.4,0,1,7,3,6,1,0.9,4,Civil,Female,Tier-3,0
8.56,87.9,60.3,0,1,2,6,6,3,1.7,3,Computer Science,Male,Tier-2,1
9.34,70.3,82.7,0,2,11,10,7,0,0.7,1,Civil,Male,Tier-3,0
8.59,81.7,67.5,0,0,15,6,4,1,1.2,5,Civil,Male,Tier-1,0
8.2,84.5,99.0,0,2,3,10,3,0,3.7,6,Electrical,Female,Tier-1,1
6.5,60.5,91.2,0,0,12,0,0,3,0.4,7,Computer Science,Male,Tier-1,0
8.15,65.6,53.4,0,1,7,10,3,1,0.1,6,Computer Science,Male,Tier-2,1
7.38,50.6,71.7,0,1,13,0,0,2,0.6,2,Electronics,Male,Tier-2,0
9.83,80.7,95.9,0,0,5,5,6,3,0.8,7,Electrical,Male,Tier-2,1
9.76,99.0,83.6,1,1,4,1,5,3,0.9,1,Electrical,Male,Tier-3,0
9.3,69.7,76.2,0,1,4,2,6,2,1.3,8,Mechanical,Male,Tier-2,1
8.21,75.7,44.8,1,1,9,1,7,3,2.3,7,Electronics,Male,Tier-2,1
9.46,90.2,72.2,0,1,15,1,5,2,0.7,6,Computer Science,Female,Tier-2,1
9.59,81.2,77.7,0,0,9,7,1,2,0.2,1,Electronics,Female,Tier-3,0
8.43,66.3,48.3,0,2,10,7,1,3,0.5,7,Computer Science,Male,Tier-2,1
8.43,96.3,83.0,1,2,7,5,8,2,0.2,4,Civil,Female,Tier-3,0
8.43,80.4,65.9,1,0,1,2,5,2,0.2,4,Information Technology,Male,Tier-3,1
8.43,75.2,78.9,0,1,1,4,5,3,0.0,1,Electronics,Female,Tier-1,0
7.92,76.2,76.7,1,0,3,6,0,2,2.7,4,Mechanical,Male,Tier-3,0
8.8,85.1,71.7,0,1,3,4,7,0,1.4,3,Electronics,Male,Tier-1,1
8.51,70.6,85.3,0,1,7,6,7,3,0.1,3,Mechanical,Male,Tier-1,1
9.11,96.9,78.7,0,1,12,9,3,3,2.5,5,Civil,Male,Tier-2,1
8.98,93.1,99.0,0,0,14,6,6,0,2.0,5,Computer Science,Male,Tier-1,1
8.41,78.1,98.1,0,3,13,3,8,4,2.4,8,Information Technology,Female,Tier-3,1
8.51,78.7,61.8,0,2,2,9,0,5,0.1,6,Computer Science,Male,Tier-2,1
9.19,67.8,90.4,0,1,8,9,4,1,0.1,6,Computer Science,Male,Tier-2,1
8.02,70.4,65.4,0,0,1,5,7,2,0.1,5,Civil,Female,Tier-3,0
9.61,64.4,59.7,0,0,11,8,6,6,3.4,6,Computer Science,Male,Tier-2,1
9.21,75.6,55.8,0,1,13,3,3,5,1.1,2,Civil,Male,Tier-3,0
9.29,78.7,70.3,0,2,15,9,2,2,0.2,3,Chemical,Male,Tier-3,1
9.86,58.9,88.1,0,3,8,0,0,5,2.6,2,Computer Science,Female,Tier-2,1
9.05,86.3,77.1,3,0,9,7,2,6,0.6,3,Electronics,Male,Tier-2,0
8.81,67.5,81.6,1,1,14,3,1,6,1.5,6,Electronics,Female,Tier-2,1
7.54,82.9,35.0,0,1,5,7,4,6,1.0,1,Chemical,Female,Tier-3,0
9.04,87.7,72.0,0,0,11,10,0,1,1.0,7,Computer Science,Male,Tier-1,1
9.43,93.7,61.3,0,1,4,8,3,2,0.6,2,Civil,Male,Tier-1,1
8.82,91.2,54.5,0,0,6,7,7,5,0.5,8,Chemical,Female,Tier-2,0
8.6,97.9,59.3,0,1,6,0,8,2,0.2,8,Electronics,Male,Tier-3,0
8.19,87.8,75.9,2,2,8,8,0,0,0.1,8,Computer Science,Male,Tier-3,1
9.81,80.0,83.6,2,2,8,4,2,0,2.6,5,Information Technology,Male,Tier-1,1
9.31,72.3,63.2,1,1,1,7,5,5,2.8,3,Chemical,Male,Tier-1,0
8.92,76.6,82.7,0,0,9,5,4,0,1.0,6,Computer Science,Female,Tier-3,1
7.6,97.6,85.6,0,1,10,6,0,0,0.5,5,Electronics,Female,Tier-2,1
9.56,75.6,79.3,0,2,1,2,1,6,0.0,4,Computer Science,Female,Tier-2,1
8.38,77.9,63.8,0,1,3,8,1,6,0.6,3,Electrical,Male,Tier-1,1
7.7,95.7,68.5,0,1,7,8,6,3,1.1,6,Electronics,Female,Tier-2,0
9.15,75.2,79.3,0,2,5,9,5,2,0.4,6,Electrical,Female,Tier-3,1
8.64,68.5,65.7,0,2,6,1,5,1,0.4,3,Chemical,Male,Tier-2,0
9.14,91.6,83.4,0,2,13,3,0,2,0.6,5,Electronics,Male,Tier-3,1
9.14,68.1,60.6,0,2,8,3,0,3,0.7,7,Electrical,Male,Tier-2,0
9.16,82.8,80.0,0,0,4,0,3,3,1.4,5,Computer Science,Female,Tier-3,1
9.2,80.7,86.8,0,2,14,3,5,2,0.7,8,Computer Science,Male,Tier-2,1
9.87,81.8,77.5,0,1,14,2,5,5,1.9,8,Mechanical,Male,Tier-2,1
9.31,49.0,62.1,0,0,4,10,4,2,0.7,5,Electronics,Male,Tier-3,1
8.92,87.4,53.8,0,1,8,10,3,0,0.0,3,Chemical,Male,Tier-3,0
9.52,77.3,60.6,0,1,3,1,1,3,0.2,1,Civil,Male,Tier-1,0
8.46,85.4,81.3,0,0,13,5,6,2,1.3,4,Mechanical,Male,Tier-3,0
8.86,84.0,72.3,5,3,6,2,5,1,0.6,6,Electrical,Male,Tier-2,0
9.78,81.8,67.2,0,0,4,9,6,1,0.6,7,Information Technology,Female,Tier-2,1
8.13,73.2,80.2,1,3,6,8,2,0,3.8,8,Computer Science,Female,Tier-3,1
7.39,73.4,49.2,0,0,4,8,0,6,0.8,5,Electronics,Female,Tier-3,0
8.16,77.3,71.6,0,0,2,10,0,0,0.1,8,Computer Science,Male,Tier-2,1
8.84,80.1,60.6,0,1,10,7,3,2,0.6,6,Computer Science,Female,Tier-3,1
8.63,72.9,57.4,0,1,15,7,3,1,0.8,1,Information Technology,Female,Tier-2,1
8.71,89.3,68.3,0,0,11,1,6,5,0.0,7,Mechanical,Male,Tier-2,0
8.17,74.1,99.0,0,4,11,10,6,3,0.5,6,Computer Science,Male,Tier-3,1
8.92,66.2,83.2,1,1,3,5,3,4,3.4,5,Civil,Male,Tier-3,0
8.99,85.1,60.3,0,1,11,3,6,1,1.4,8,Mechanical,Male,Tier-2,1
9.31,99.0,90.7,0,0,8,9,7,3,0.5,8,Information Technology,Female,Tier-1,1
9.5,64.0,58.0,0,1,13,1,8,1,0.3,3,Computer Science,Male,Tier-1,1
8.73,76.5,94.7,0,3,1,1,5,2,0.3,1,Civil,Female,Tier-3,0
7.7,90.8,63.5,0,0,11,9,3,4,1.8,8,Electronics,Male,Tier-3,1
9.47,84.8,76.4,0,0,10,6,1,4,0.5,7,Electronics,Female,Tier-3,0
8.61,85.5,99.0,0,1,6,10,8,2,1.9,6,Electronics,Female,Tier-3,1
7.68,78.4,70.4,0,3,9,0,6,2,2.4,3,Information Technology,Female,Tier-2,1
9.65,46.1,98.9,2,1,1,7,5,0,0.6,2,Electronics,Male,Tier-3,0
8.85,81.1,74.1,0,1,13,4,3,3,2.9,5,Mechanical,Male,Tier-2,0
9.63,82.5,73.9,0,1,4,9,3,5,0.4,4,Electronics,Female,Tier-2,1
8.95,91.5,63.5,0,3,7,7,1,3,0.3,1,Chemical,Female,Tier-3,0
6.91,69.0,93.4,0,0,6,1,0,0,0.1,2,Information Technology,Female,Tier-3,1
7.6,98.2,68.6,3,0,6,0,4,3,0.3,5,Computer Science,Male,Tier-3,0
8.98,74.3,99.0,0,0,9,1,5,6,1.5,2,Chemical,Male,Tier-3,0
8.73,72.2,66.8,1,0,8,5,8,4,0.5,1,Information Technology,Male,Tier-3,0
9.31,69.4,69.1,0,0,13,3,0,1,0.2,4,Mechanical,Female,Tier-2,0
8.76,90.6,88.1,0,0,13,7,4,4,0.1,1,Civil,Female,Tier-1,1
8.94,64.8,73.6,0,1,5,8,4,0,0.7,7,Computer Science,Female,Tier-3,1
9.78,85.6,78.7,1,0,11,8,8,3,0.8,4,Information Technology,Female,Tier-2,1
8.33,68.3,58.0,1,1,14,4,3,3,1.6,7,Electronics,Male,Tier-2,0
7.69,77.5,76.4,0,3,12,5,2,1,1.3,7,Electronics,Male,Tier-2,1
9.56,59.7,79.8,0,0,11,10,2,5,0.2,8,Computer Science,Male,Tier-1,1
7.92,87.4,97.4,0,0,2,10,5,1,0.3,6,Electronics,Female,Tier-2,1
6.85,76.2,68.8,0,0,12,6,0,1,1.2,7,Computer Science,Male,Tier-3,1
8.48,84.7,79.4,0,1,3,3,0,6,0.2,7,Computer Science,Female,Tier-3,1
8.72,75.9,90.7,0,1,12,9,0,4,1.6,3,Mechanical,Female,Tier-3,0
9.51,84.3,75.6,0,2,10,2,6,0,1.1,5,Computer Science,Female,Tier-3,1
8.3,77.4,89.1,0,1,3,1,4,0,0.8,2,Mechanical,Female,Tier-3,0
7.18,86.9,99.0,1,2,4,9,8,0,1.0,7,Chemical,Female,Tier-2,0
9.83,84.4,75.4,2,1,2,3,2,4,0.1,8,Computer Science,Male,Tier-1,1
7.69,80.4,92.2,0,0,8,8,5,2,0.8,3,Information Technology,Male,Tier-1,1
9.13,67.2,81.7,1,0,15,4,6,3,0.6,7,Chemical,Male,Tier-3,0
9.61,72.8,86.1,0,1,8,0,2,6,0.7,5,Mechanical,Female,Tier-3,0
8.86,68.7,84.2,2,3,14,4,8,4,0.4,2,Civil,Male,Tier-3,0
9.1,95.1,88.9,0,0,13,5,1,0,0.6,3,Civil,Male,Tier-3,0
9.34,87.4,88.0,0,0,12,9,6,4,2.1,7,Mechanical,Male,Tier-3,1
8.75,78.5,74.1,0,2,8,5,3,6,0.4,7,Chemical,Male,Tier-2,0
9.74,71.3,67.8,1,0,10,4,8,4,0.0,5,Information Technology,Male,Tier-1,1
9.69,68.5,80.5,1,1,14,7,6,5,0.3,5,Electronics,Female,Tier-2,1
8.86,79.5,56.1,0,0,15,4,7,2,0.6,8,Mechanical,Male,Tier-2,1
9.81,99.0,83.0,0,0,5,10,2,5,0.8,3,Mechanical,Male,Tier-1,1
9.22,78.1,84.7,0,1,15,9,5,1,0.6,1,Computer Science,Female,Tier-2,1
8.46,92.4,72.7,1,1,10,2,3,5,1.8,4,Electrical,Male,Tier-2,1
8.56,81.3,75.6,0,0,6,2,3,6,2.5,8,Civil,Male,Tier-3,0
8.33,84.8,86.9,0,1,14,3,1,5,0.7,6,Information Technology,Female,Tier-3,1
9.61,72.3,84.7,0,0,6,9,8,0,0.1,4,Electronics,Male,Tier-2,1
8.62,75.6,87.0,0,1,7,7,0,4,0.5,7,Information Technology,Male,Tier-3,1
9.11,68.0,85.1,0,0,1,8,0,1,0.2,6,Information Technology,Male,Tier-3,0
7.1,81.7,76.4,3,1,10,6,6,6,0.3,6,Electronics,Male,Tier-2,0
9.27,75.1,74.8,0,2,3,1,6,3,1.8,6,Electronics,Female,Tier-2,1
9.09,82.3,80.5,0,0,11,8,3,3,0.8,1,Electronics,Male,Tier-2,1
7.63,66.2,93.9,5,0,3,5,7,3,1.8,5,Electronics,Female,Tier-2,0
9.37,83.5,78.4,0,2,11,5,4,4,4.2,2,Mechanical,Male,Tier-2,1
8.88,80.0,92.0,0,1,7,5,5,6,0.8,1,Computer Science,Male,Tier-2,1
9.01,79.6,48.6,0,1,14,0,3,4,2.4,5,Computer Science,Male,Tier-2,1
8.16,82.7,79.2,0,0,6,8,2,2,1.2,7,Electronics,Male,Tier-1,1
8.85,75.1,76.1,0,4,9,5,1,0,0.1,8,Mechanical,Male,Tier-3,0
7.03,99.0,53.3,1,2,9,6,7,1,0.5,7,Electronics,Female,Tier-1,1
7.69,83.6,55.3,0,0,9,0,4,5,1.1,3,Mechanical,Male,Tier-2,0
9.79,79.3,81.0,0,1,13,4,5,3,1.2,3,Chemical,Male,Tier-1,1
8.01,86.9,76.4,0,2,4,2,5,1,2.0,6,Mechanical,Female,Tier-2,0
8.27,71.7,85.3,0,1,15,8,3,2,1.0,5,Electrical,Female,Tier-2,0
9.44,71.3,41.2,0,1,3,1,8,3,0.1,6,Computer Science,Female,Tier-3,1
8.91,87.6,88.9,0,0,15,3,6,1,0.2,3,Electronics,Male,Tier-3,0
9.33,88.7,89.0,1,0,4,2,7,6,0.4,4,Information Technology,Female,Tier-2,1
9.86,92.3,57.0,0,1,3,8,6,0,0.3,7,Mechanical,Male,Tier-2,1
8.94,60.9,93.3,0,1,7,2,3,0,0.3,1,Electrical,Female,Tier-2,0
8.12,76.5,98.3,0,1,11,0,8,2,1.0,4,Computer Science,Male,Tier-3,1
7.82,82.0,57.7,0,0,3,7,1,1,0.6,8,Computer Science,Female,Tier-2,1
7.56,86.6,76.4,0,1,15,0,4,2,1.2,5,Mechanical,Male,Tier-3,0
9.05,84.3,77.6,0,1,1,10,1,2,0.5,1,Information Technology,Male,Tier-2,1
7.84,67.8,51.6,1,1,8,0,7,2,0.3,3,Computer Science,Female,Tier-3,0
9.11,84.2,70.7,0,2,6,6,8,4,0.8,1,Chemical,Male,Tier-3,0
7.08,81.9,93.3,0,0,5,8,2,0,0.1,8,Computer Science,Male,Tier-1,1
8.52,81.8,63.8,1,1,8,3,4,4,4.5,1,Information Technology,Female,Tier-2,1
9.33,64.8,98.8,0,1,11,9,8,5,1.1,3,Information Technology,Male,Tier-2,1
9.86,66.8,79.8,0,0,8,3,5,4,0.1,6,Civil,Female,Tier-2,0
8.77,99.0,64.7,0,0,3,4,2,0,1.0,2,Electronics,Female,Tier-1,1
8.95,89.8,75.6,2,0,3,4,5,2,0.1,3,Information Technology,Female,Tier-1,1
9.54,77.2,56.0,2,2,10,1,8,1,0.7,4,Computer Science,Male,Tier-1,1
7.6,77.4,80.6,0,1,7,8,6,2,0.3,6,Computer Science,Female,Tier-2,1
8.97,99.0,72.5,0,1,3,9,3,6,1.2,7,Computer Science,Female,Tier-3,1
9.45,78.5,69.5,0,0,9,8,3,2,0.7,2,Civil,Male,Tier-3,0
9.42,76.6,56.2,0,3,8,8,0,6,1.5,4,Computer Science,Female,Tier-3,1
8.03,68.5,73.9,0,0,8,8,2,4,0.3,8,Civil,Female,Tier-3,0
8.17,75.2,77.7,0,1,9,0,8,1,1.1,8,Computer Science,Male,Tier-2,1
8.99,57.8,57.2,1,2,8,7,0,0,1.2,5,Electrical,Male,Tier-3,0
9.29,84.2,89.1,0,0,4,7,1,3,0.6,4,Mechanical,Male,Tier-3,0
8.93,93.1,78.6,0,1,7,3,1,6,2.0,8,Information Technology,Female,Tier-3,1
8.57,93.2,64.0,1,0,14,9,7,0,0.2,8,Information Technology,Male,Tier-2,1
8.71,69.6,73.8,0,0,6,0,5,1,1.4,6,Information Technology,Male,Tier-3,0
8.69,50.5,85.9,0,1,1,0,6,0,0.1,7,Computer Science,Male,Tier-3,1
9.03,82.1,92.8,1,0,12,0,3,4,0.2,7,Electrical,Male,Tier-3,0
9.46,93.8,95.6,0,1,5,2,3,1,0.2,8,Computer Science,Female,Tier-1,1
8.91,58.8,98.4,0,0,2,9,3,3,1.1,6,Computer Science,Male,Tier-1,1
8.85,73.5,57.7,0,1,9,2,5,6,1.0,7,Information Technology,Male,Tier-1,1
9.03,82.3,65.8,0,0,15,3,3,6,0.6,6,Chemical,Male,Tier-3,0
8.89,67.9,56.8,0,1,11,10,0,3,0.4,7,Electronics,Female,Tier-2,1
9.25,57.3,89.2,0,0,15,1,0,6,0.9,1,Information Technology,Male,Tier-3,1
7.81,69.1,72.8,0,2,15,10,7,1,0.2,8,Chemical,Male,Tier-1,1
8.02,71.2,91.4,0,1,13,10,1,0,1.0,6,Mechanical,Female,Tier-2,0
9.4,55.4,56.6,0,1,3,8,8,3,0.0,6,Chemical,Female,Tier-1,1
8.73,90.9,66.0,0,2,12,9,7,6,0.2,5,Computer Science,Female,Tier-1,1
9.18,96.6,64.6,0,0,15,8,0,5,1.2,7,Mechanical,Male,Tier-1,0
9.25,78.4,91.1,0,0,15,9,7,1,2.1,2,Electrical,Female,Tier-3,1
9.35,86.8,84.1,0,0,12,6,8,1,0.1,4,Electronics,Female,Tier-3,0
9.66,60.2,48.6,5,0,7,1,3,6,1.0,5,Information Technology,Female,Tier-1,1
8.08,76.3,68.9,0,4,2,2,6,1,0.1,8,Information Technology,Female,Tier-2,1
9.6,71.1,87.5,0,0,7,7,3,2,2.1,7,Electronics,Male,Tier-1,1
9.13,82.9,89.5,0,2,13,8,2,0,0.5,4,Computer Science,Female,Tier-3,1
9.5,45.6,80.4,0,1,4,3,0,1,1.4,1,Electronics,Female,Tier-3,0
9.25,74.4,77.3,0,0,11,8,1,1,0.2,1,Mechanical,Male,Tier-3,0
8.56,85.5,62.9,0,3,6,3,6,6,2.0,2,Mechanical,Female,Tier-2,1
9.15,80.9,88.9,0,3,15,1,5,2,0.6,8,Mechanical,Female,Tier-2,1
8.65,87.4,59.4,0,2,9,6,7,6,0.2,8,Electronics,Female,Tier-2,1
8.3,70.8,54.1,0,1,8,8,2,4,0.8,3,Computer Science,Female,Tier-1,1
8.91,44.1,77.7,0,0,9,1,5,2,0.3,6,Computer Science,Female,Tier-1,1
7.83,91.2,69.2,0,0,14,7,5,1,0.3,7,Electronics,Male,Tier-3,1
7.97,87.1,84.4,1,1,5,5,1,0,0.1,3,Chemical,Male,Tier-3,0
9.07,96.8,81.3,0,0,5,8,0,2,0.2,1,Computer Science,Male,Tier-1,1
8.73,78.9,97.2,0,1,4,4,1,6,1.6,5,Mechanical,Male,Tier-2,0
9.1,83.0,80.3,0,1,9,0,8,1,0.7,2,Electronics,Female,Tier-3,0
8.39,99.0,88.8,0,0,14,4,5,5,0.4,7,Computer Science,Male,Tier-1,1
6.36,55.8,63.9,0,1,10,9,2,6,2.7,4,Computer Science,Male,Tier-3,1
9.79,83.3,84.3,0,3,8,6,6,0,1.6,4,Mechanical,Male,Tier-1,1
9.78,92.6,71.4,0,0,6,10,0,2,0.4,5,Computer Science,Male,Tier-2,1
8.49,80.6,68.6,0,0,10,6,7,3,0.1,3,Information Technology,Female,Tier-1,1
9.22,78.8,63.3,0,0,14,3,6,0,0.2,1,Information Technology,Male,Tier-2,0
7.79,60.2,95.1,0,0,14,9,2,5,1.1,1,Mechanical,Female,Tier-3,0
9.9,95.6,74.9,2,0,6,5,3,1,0.8,2,Information Technology,Female,Tier-1,1
8.46,90.8,64.8,0,0,6,5,6,0,4.0,7,Information Technology,Male,Tier-2,1
9.7,93.4,83.8,0,0,6,10,3,0,0.0,1,Civil,Male,Tier-2,0
8.27,77.7,69.3,0,1,7,9,4,1,2.1,7,Computer Science,Female,Tier-3,1
8.8,74.2,64.6,0,0,6,9,0,3,0.0,3,Mechanical,Female,Tier-2,0
8.93,77.9,99.0,0,0,8,0,4,0,0.6,3,Electronics,Female,Tier-1,0
9.42,98.4,59.3,0,2,7,4,3,1,2.5,8,Electronics,Male,Tier-2,1
9.87,74.9,99.0,0,1,2,6,2,6,1.1,5,Information Technology,Female,Tier-2,1
9.47,95.8,64.5,0,0,10,4,8,0,0.9,7,Computer Science,Female,Tier-1,1
9.26,76.2,83.1,0,2,4,7,0,4,0.4,2,Computer Science,Female,Tier-3,1
9.77,67.7,73.7,0,0,14,0,4,3,3.4,2,Information Technology,Male,Tier-3,1
7.48,53.1,84.6,0,0,11,8,1,5,0.2,1,Mechanical,Male,Tier-1,0
8.48,84.9,57.0,0,2,7,1,4,4,0.3,6,Electrical,Female,Tier-3,0
9.67,87.2,55.4,4,0,2,7,4,0,0.6,4,Civil,Female,Tier-2,0
7.67,64.2,85.0,0,2,4,4,0,3,0.1,2,Civil,Male,Tier-3,0
8.51,95.7,51.9,0,2,2,9,3,6,0.6,1,Computer Science,Female,Tier-3,1
8.42,61.4,59.8,0,0,15,6,6,1,0.0,7,Computer Science,Male,Tier-3,0
8.81,86.5,73.8,1,0,2,10,0,4,2.6,4,Chemical,Female,Tier-2,0
9.1,87.1,58.2,2,0,14,10,1,3,0.4,1,Electrical,Female,Tier-3,0
8.71,90.9,59.8,0,0,7,6,3,6,1.0,5,Computer Science,Male,Tier-3,1
9.13,54.4,69.7,0,2,11,0,1,6,2.0,2,Mechanical,Male,Tier-3,0
9.42,90.8,46.6,0,1,15,7,1,3,1.7,1,Electronics,Male,Tier-2,1
7.4,76.3,56.8,0,0,2,2,0,6,2.1,7,Computer Science,Male,Tier-3,0
8.81,73.9,92.4,0,1,4,3,1,0,1.3,5,Civil,Male,Tier-3,0
7.72,87.9,87.4,0,0,7,2,2,5,0.2,1,Chemical,Female,Tier-2,0
9.58,89.5,99.0,0,0,6,10,3,6,0.5,3,Electrical,Female,Tier-2,0
7.5,54.1,82.7,0,0,4,1,0,4,0.7,1,Information Technology,Male,Tier-3,0
8.11,62.5,91.9,0,1,9,6,0,5,0.4,7,Civil,Male,Tier-3,0
9.57,92.4,69.5,0,0,5,9,6,1,3.1,3,Electronics,Male,Tier-3,0
9.04,83.7,72.6,1,1,2,4,4,2,1.6,2,Chemical,Female,Tier-1,0
8.86,80.2,80.4,0,0,14,6,6,0,1.6,1,Chemical,Male,Tier-3,0
9.06,66.2,50.4,0,1,7,0,8,6,0.4,8,Civil,Male,Tier-2,1
7.72,83.3,82.1,0,0,10,9,0,5,1.4,8,Electronics,Male,Tier-1,1
8.47,92.6,66.9,1,0,12,1,7,3,1.0,7,Electrical,Female,Tier-2,0
8.03,99.0,69.1,0,1,2,5,3,4,0.5,5,Computer Science,Female,Tier-2,1
9.13,73.7,88.0,0,1,8,5,8,2,0.4,2,Computer Science,Female,Tier-2,1
7.94,88.5,54.8,0,0,7,2,1,5,1.6,2,Electronics,Male,Tier-1,1
9.53,99.0,75.7,0,1,14,9,8,3,0.9,6,Civil,Male,Tier-3,1
9.89,60.6,80.8,0,0,12,0,7,4,0.0,3,Computer Science,Male,Tier-2,1
8.4,99.0,68.1,0,1,9,2,5,4,0.0,2,Civil,Female,Tier-2,0
9.1,80.4,75.5,0,1,6,3,4,2,1.8,8,Chemical,Male,Tier-2,1
8.94,78.9,76.1,0,2,7,0,2,3,0.1,1,Electronics,Male,Tier-1,1
9.2,71.5,86.7,0,1,10,6,0,2,0.7,1,Computer Science,Male,Tier-2,1
9.13,73.6,72.6,1,0,14,2,5,1,0.9,8,Mechanical,Male,Tier-1,1
8.56,69.1,58.7,0,2,14,7,4,6,2.5,3,Computer Science,Male,Tier-2,1
9.63,66.6,67.5,0,1,9,6,7,0,0.7,1,Information Technology,Female,Tier-2,1
9.22,83.4,70.5,2,3,7,5,0,6,0.2,7,Mechanical,Female,Tier-3,1
9.69,91.4,64.6,0,0,9,7,0,0,0.3,6,Information Technology,Female,Tier-2,1
9.57,65.4,77.5,1,1,8,8,6,1,0.1,3,Electronics,Male,Tier-2,0
9.01,69.7,76.8,1,1,5,1,7,3,0.3,4,Electronics,Male,Tier-1,1
7.69,81.1,76.2,0,1,7,9,0,2,1.7,3,Information Technology,Female,Tier-2,1
8.26,64.6,63.3,0,4,12,8,8,0,1.4,5,Computer Science,Male,Tier-3,1
9.12,80.9,76.7,0,1,7,9,6,1,0.1,5,Electronics,Male,Tier-2,0
8.42,74.8,91.7,0,1,1,4,6,4,0.7,6,Electronics,Male,Tier-2,1
8.65,58.3,78.8,0,0,4,0,7,5,0.4,1,Information Technology,Male,Tier-2,1
9.86,83.7,88.9,0,0,5,0,7,6,1.0,8,Computer Science,Male,Tier-1,1
9.96,71.3,76.4,0,0,12,6,0,5,3.3,4,Computer Science,Female,Tier-1,1
9.18,90.3,66.7,0,0,6,5,3,0,1.0,5,Civil,Male,Tier-1,1
7.09,75.7,86.2,0,0,7,9,8,0,1.4,5,Electronics,Male,Tier-2,1
9.72,69.5,56.7,0,0,5,8,2,1,0.5,5,Chemical,Male,Tier-2,0
7.15,77.6,67.7,0,1,2,0,5,2,0.0,1,Chemical,Male,Tier-3,0
9.38,92.9,73.2,0,1,5,9,3,0,0.5,2,Electronics,Male,Tier-1,1
9.07,99.0,83.5,1,1,5,9,0,2,0.7,2,Electronics,Male,Tier-3,1
9.25,85.1,91.6,0,1,7,9,2,5,0.7,6,Computer Science,Male,Tier-3,1
9.76,70.9,86.0,0,1,13,9,2,1,0.3,2,Information Technology,Male,Tier-1,1
7.53,78.4,84.7,0,0,3,6,2,4,0.6,6,Civil,Female,Tier-3,0
9.0,76.8,86.2,3,2,1,7,5,0,1.3,1,Chemical,Female,Tier-2,0
8.17,76.2,88.1,0,0,12,9,8,6,0.4,7,Electronics,Male,Tier-1,1
9.37,74.9,60.2,2,4,6,3,6,5,1.0,2,Mechanical,Female,Tier-3,0
9.83,66.4,99.0,0,1,12,0,6,2,0.2,7,Chemical,Male,Tier-3,1
9.11,89.7,89.4,0,0,7,10,0,2,0.3,6,Computer Science,Male,Tier-3,1
9.41,88.3,72.6,0,0,11,10,8,6,2.2,3,Mechanical,Male,Tier-2,0
9.74,78.3,79.8,0,0,10,2,3,5,1.0,1,Electronics,Female,Tier-2,0
6.64,93.1,57.9,0,0,15,1,7,5,0.1,1,Computer Science,Female,Tier-2,1
9.14,85.1,71.6,0,0,8,2,0,3,0.3,4,Civil,Female,Tier-2,0
8.64,64.6,70.6,1,1,14,5,7,6,5.0,5,Computer Science,Male,Tier-1,1
8.93,73.7,69.5,0,0,7,9,8,2,0.3,4,Computer Science,Male,Tier-2,1
8.66,95.8,85.6,1,1,15,2,4,6,0.9,7,Electronics,Male,Tier-2,1
8.38,73.7,76.4,0,2,7,9,6,5,0.8,2,Information Technology,Male,Tier-3,1
8.22,69.7,59.5,0,1,7,3,1,5,0.5,1,Electronics,Male,Tier-1,1
9.58,86.7,59.7,0,0,1,0,0,5,0.0,8,Computer Science,Female,Tier-1,1
9.63,74.6,49.5,0,0,9,5,5,2,0.3,7,Electronics,Male,Tier-3,0
9.14,84.7,86.4,1,0,9,1,8,1,3.1,6,Electronics,Male,Tier-1,1
8.17,77.6,72.1,0,1,7,3,0,2,0.0,1,Chemical,Male,Tier-3,0
9.41,68.4,84.8,0,1,9,4,0,3,1.3,2,Mechanical,Male,Tier-1,0
9.63,69.7,99.0,0,1,11,4,3,4,2.2,6,Electrical,Male,Tier-2,0
9.21,57.8,63.3,0,0,4,3,5,3,1.4,5,Civil,Male,Tier-2,1
9.63,64.7,79.3,0,0,7,2,8,6,0.4,4,Civil,Female,Tier-2,0
8.54,85.5,93.8,0,2,2,3,1,5,0.7,5,Electrical,Male,Tier-3,0
9.34,92.5,68.6,0,1,14,2,4,4,2.0,8,Information Technology,Female,Tier-3,1
8.1,70.7,70.6,0,3,6,2,6,0,3.7,8,Information Technology,Male,Tier-3,1
9.3,61.5,81.9,0,4,15,3,3,4,0.1,2,Electrical,Male,Tier-3,0
8.47,91.7,99.0,0,2,2,8,5,4,0.1,4,Computer Science,Female,Tier-3,1
7.19,92.0,83.3,0,0,10,8,5,6,3.1,4,Computer Science,Female,Tier-1,1
9.71,86.7,64.0,0,0,3,7,3,6,2.1,5,Mechanical,Male,Tier-2,1
9.19,60.6,65.6,2,0,11,3,3,5,0.2,8,Electrical,Male,Tier-2,0
9.09,84.2,68.7,5,4,13,1,8,5,3.5,5,Civil,Male,Tier-3,0
9.26,84.6,51.3,0,0,11,8,0,3,0.2,1,Civil,Male,Tier-2,0
9.1,88.8,72.9,0,1,1,5,4,1,0.1,7,Information Technology,Female,Tier-1,1
9.13,79.8,75.1,0,3,7,7,8,1,1.1,8,Electronics,Male,Tier-3,1
8.18,69.0,75.6,0,2,12,3,8,4,0.8,1,Civil,Male,Tier-1,1
8.56,73.1,56.2,0,1,2,7,8,3,0.3,5,Civil,Male,Tier-1,0
9.52,92.1,79.5,0,0,3,5,1,1,2.6,6,Electronics,Female,Tier-2,1
9.27,82.6,62.2,1,0,12,5,6,1,0.5,8,Civil,Male,Tier-3,0
9.68,62.3,71.9,0,1,1,5,7,6,0.5,8,Computer Science,Female,Tier-1,1
9.94,98.5,65.3,0,3,3,8,0,3,1.0,2,Chemical,Female,Tier-3,0
7.57,91.9,90.0,0,2,11,0,1,4,0.3,5,Electrical,Male,Tier-2,1
9.44,97.9,66.1,1,0,4,0,0,5,0.9,6,Computer Science,Male,Tier-1,1
7.96,91.6,92.5,0,0,14,4,8,0,0.5,7,Information Technology,Male,Tier-3,1
9.72,66.9,76.8,0,1,7,0,4,3,1.2,1,Electrical,Female,Tier-3,0
8.23,82.0,80.5,1,1,6,9,3,5,0.3,4,Electronics,Female,Tier-1,1
9.89,85.2,76.1,0,0,1,8,7,3,0.2,6,Computer Science,Male,Tier-3,1
9.5,61.9,63.9,0,0,11,3,2,3,0.3,2,Chemical,Female,Tier-3,0
9.66,63.9,80.3,0,3,4,1,7,4,2.7,1,Information Technology,Male,Tier-2,1
8.19,86.9,69.4,0,3,9,2,2,4,1.9,2,Electronics,Male,Tier-3,1
8.95,87.9,79.1,0,1,3,8,5,6,1.8,2,Mechanical,Male,Tier-3,0
9.76,99.0,82.9,1,1,6,10,3,5,1.5,4,Civil,Female,Tier-2,1
9.1,74.9,99.0,0,0,11,7,7,3,1.0,6,Electrical,Female,Tier-3,0
9.42,57.8,81.1,0,1,2,2,6,1,0.1,1,Mechanical,Female,Tier-2,0
7.52,76.2,87.4,0,0,5,7,4,0,0.4,5,Chemical,Male,Tier-1,0
8.26,88.1,83.6,0,0,9,3,2,5,0.8,2,Computer Science,Male,Tier-3,1
8.8,73.6,72.1,0,0,12,5,4,2,0.1,2,Electrical,Male,Tier-3,0
8.9,79.2,83.8,1,0,2,3,3,3,0.0,4,Computer Science,Male,Tier-3,1
8.84,70.3,73.4,1,2,3,10,7,3,0.1,6,Electrical,Male,Tier-3,1
7.83,92.3,69.6,0,4,12,4,4,4,0.1,1,Computer Science,Female,Tier-2,1
8.28,86.9,60.8,0,1,2,9,4,4,0.1,6,Mechanical,Male,Tier-3,0
7.96,68.2,83.5,0,1,2,8,1,2,0.2,2,Civil,Male,Tier-3,0
8.91,71.7,67.6,1,0,6,1,8,5,0.7,2,Information Technology,Male,Tier-1,1
7.67,69.8,83.2,0,1,6,8,5,4,0.3,3,Computer Science,Female,Tier-2,1
9.26,55.7,75.1,0,1,5,2,0,4,2.0,3,Information Technology,Male,Tier-2,1
9.05,68.9,71.3,1,1,14,4,2,5,2.1,2,Computer Science,Female,Tier-2,1
9.32,56.7,63.8,0,0,2,6,3,1,2.5,6,Mechanical,Female,Tier-2,0
7.89,89.2,91.9,0,1,1,1,1,6,0.6,7,Mechanical,Male,Tier-3,0
8.89,90.2,69.9,0,0,13,3,3,0,1.5,8,Information Technology,Male,Tier-2,1
8.45,74.4,95.6,0,0,13,0,1,6,0.9,6,Mechanical,Female,Tier-2,0
8.15,80.5,64.4,0,1,3,10,5,1,0.2,6,Computer Science,Male,Tier-3,1
8.81,90.9,94.6,0,0,3,2,8,3,1.0,4,Computer Science,Female,Tier-3,0
7.56,87.4,76.1,0,1,9,5,0,1,1.8,5,Information Technology,Male,Tier-2,1
9.64,99.0,86.2,0,1,4,1,4,5,0.4,3,Electronics,Male,Tier-1,1
9.08,81.1,58.1,0,0,14,7,8,2,1.4,3,Computer Science,Male,Tier-2,1
8.93,95.4,58.0,1,3,14,6,6,6,1.5,8,Electronics,Male,Tier-3,1
9.2,79.1,78.4,0,2,9,2,5,1,1.0,7,Civil,Male,Tier-2,1
8.87,76.6,61.8,0,0,13,0,6,6,2.1,1,Information Technology,Female,Tier-2,1
9.16,86.1,92.3,0,1,11,9,8,4,0.2,5,Mechanical,Female,Tier-2,1
9.3,84.6,79.7,0,0,1,3,2,2,1.9,3,Computer Science,Male,Tier-3,1
8.9,70.7,66.6,0,1,3,3,7,2,0.9,5,Electronics,Female,Tier-2,0
9.17,68.1,63.0,0,2,1,10,0,3,1.9,5,Civil,Male,Tier-2,1
9.56,78.9,71.2,3,0,6,4,5,3,0.8,1,Mechanical,Male,Tier-1,0
7.52,55.3,67.6,0,1,1,2,8,4,0.4,2,Civil,Male,Tier-2,0
8.48,74.3,81.4,0,2,2,10,0,6,2.3,8,Mechanical,Male,Tier-2,0
8.64,66.2,74.0,1,0,9,1,4,6,2.1,7,Computer Science,Male,Tier-2,1
9.65,71.1,90.2,0,0,11,1,7,0,0.3,2,Computer Science,Female,Tier-2,1
8.58,68.7,83.2,0,0,1,7,5,6,1.4,3,Chemical,Male,Tier-3,0
8.09,87.2,63.7,0,0,4,6,5,2,0.1,8,Electronics,Male,Tier-1,1
8.85,83.4,69.5,0,0,6,0,2,6,0.1,1,Mechanical,Male,Tier-1,0
8.68,78.6,63.8,1,0,14,8,7,6,0.7,3,Mechanical,Male,Tier-1,1
9.47,73.4,63.8,0,0,2,2,0,4,0.0,3,Computer Science,Male,Tier-3,0
8.18,90.4,51.7,0,0,1,2,3,3,0.6,6,Electronics,Male,Tier-3,0
9.02,88.8,87.2,1,1,4,0,7,3,1.6,2,Electronics,Male,Tier-3,1
9.81,76.7,91.8,0,4,3,10,5,0,2.2,1,Civil,Male,Tier-3,1
9.2,94.3,62.2,0,2,7,3,8,2,0.3,8,Chemical,Male,Tier-2,1
8.54,75.7,60.9,0,0,7,9,0,2,0.1,5,Information Technology,Female,Tier-2,0
8.09,80.5,82.3,3,1,12,10,1,4,1.0,2,Computer Science,Female,Tier-3,1
9.57,71.1,64.3,0,3,14,1,0,0,0.3,3,Electronics,Female,Tier-1,1
9.06,73.3,91.6,0,2,10,2,3,1,0.0,3,Computer Science,Female,Tier-1,1
9.57,70.5,65.7,0,2,11,10,8,4,0.1,4,Information Technology,Male,Tier-2,1
9.51,86.3,47.2,3,1,7,0,3,2,2.8,1,Information Technology,Male,Tier-1,1
8.78,82.5,73.3,1,0,9,2,8,4,2.1,5,Computer Science,Female,Tier-2,1
7.25,65.4,67.3,0,0,9,3,5,6,1.8,5,Computer Science,Female,Tier-2,1
9.59,84.8,76.9,1,1,4,5,4,4,0.4,3,Information Technology,Male,Tier-3,1
9.34,99.0,70.5,1,0,9,2,3,4,1.3,8,Information Technology,Male,Tier-3,0
6.54,70.1,82.5,0,4,15,10,1,4,3.1,7,Electrical,Female,Tier-3,1
9.31,69.4,80.5,0,0,11,5,7,2,0.8,4,Computer Science,Male,Tier-3,1
7.75,78.1,79.2,0,3,7,1,2,0,0.4,4,Civil,Male,Tier-2,0
7.55,94.5,77.5,0,1,6,10,0,0,1.6,1,Mechanical,Female,Tier-2,0
8.52,72.7,75.0,0,1,11,7,6,3,0.6,7,Information Technology,Male,Tier-3,1
8.85,99.0,56.8,0,0,9,4,7,5,0.9,7,Electrical,Female,Tier-1,1
8.07,65.3,80.1,0,0,4,0,6,3,0.8,8,Mechanical,Male,Tier-3,0
9.65,80.3,84.5,0,1,1,5,3,1,0.2,3,Computer Science,Male,Tier-3,1
9.09,57.6,79.5,1,2,6,2,7,0,0.0,8,Computer Science,Male,Tier-1,1
7.94,66.8,72.4,0,3,13,3,3,4,5.0,3,Information Technology,Female,Tier-2,1
9.46,75.4,82.7,0,0,1,9,4,6,0.5,7,Chemical,Male,Tier-2,0
9.21,81.2,78.1,1,0,10,7,7,6,0.3,8,Information Technology,Female,Tier-3,0
8.37,92.9,84.2,0,0,9,7,1,5,1.5,3,Information Technology,Female,Tier-2,1
8.41,69.6,73.9,1,0,14,10,7,6,0.9,1,Electronics,Female,Tier-2,1
9.48,83.0,56.4,0,2,5,7,4,3,2.1,5,Information Technology,Male,Tier-3,1
8.27,61.9,72.7,0,0,2,4,4,4,1.5,2,Mechanical,Male,Tier-2,0
9.78,90.1,62.7,0,1,12,0,6,1,0.3,4,Mechanical,Female,Tier-2,0
8.21,93.7,69.0,0,1,8,8,3,6,0.9,5,Computer Science,Male,Tier-3,1
8.71,90.5,76.1,0,0,10,10,2,6,0.7,2,Information Technology,Male,Tier-3,0
8.85,90.4,87.9,0,1,11,8,5,0,3.1,8,Civil,Female,Tier-2,0
8.47,76.9,83.7,0,1,6,7,5,2,0.3,7,Mechanical,Male,Tier-3,0
7.86,81.3,77.7,0,0,13,10,5,6,0.3,8,Electronics,Female,Tier-3,1
7.06,76.8,91.2,0,1,3,2,6,1,2.5,7,Mechanical,Male,Tier-3,0
9.1,77.5,75.6,0,0,11,5,3,2,0.6,8,Mechanical,Male,Tier-1,1
9.18,69.1,77.6,0,1,15,6,2,0,0.6,7,Civil,Female,Tier-2,0
9.83,81.4,70.1,1,3,2,3,2,2,2.0,8,Computer Science,Female,Tier-1,1
9.64,83.0,61.1,0,1,10,9,2,0,0.4,8,Electronics,Male,Tier-2,1
8.01,89.8,82.2,0,1,11,6,1,4,1.2,5,Mechanical,Female,Tier-3,1
8.54,82.7,54.6,0,1,14,8,5,1,1.3,7,Mechanical,Male,Tier-2,1
8.31,88.6,62.9,0,2,4,5,0,6,0.6,8,Electrical,Female,Tier-2,1
8.6,69.1,77.3,1,0,1,1,5,4,0.4,5,Information Technology,Male,Tier-2,1
8.78,95.1,64.0,5,1,1,5,7,0,1.4,5,Civil,Female,Tier-2,0
9.56,75.1,75.2,0,1,5,2,5,0,0.3,5,Civil,Male,Tier-3,1
7.78,53.4,76.9,0,2,10,6,1,4,1.7,3,Information Technology,Female,Tier-3,1
6.82,73.3,67.7,0,0,9,2,6,5,0.5,5,Information Technology,Male,Tier-3,1
9.45,84.9,75.7,0,3,12,7,2,4,0.0,2,Chemical,Male,Tier-3,0
9.12,79.0,75.5,0,1,5,10,8,4,0.8,2,Information Technology,Female,Tier-1,1
7.98,54.7,60.2,0,0,6,10,7,1,0.2,4,Information Technology,Male,Tier-3,0
8.22,80.6,82.1,0,1,10,4,5,1,0.6,7,Electronics,Male,Tier-2,1
6.94,79.5,48.6,0,0,9,2,0,5,1.7,6,Information Technology,Male,Tier-2,1
9.31,66.3,99.0,0,0,3,0,1,0,0.2,1,Mechanical,Male,Tier-2,0
8.92,84.8,81.9,0,0,12,4,7,3,0.2,2,Information Technology,Female,Tier-3,1
9.4,76.4,88.3,1,0,15,9,5,4,0.6,7,Electronics,Male,Tier-2,1
9.69,54.6,83.6,0,1,4,9,0,2,0.6,2,Electronics,Male,Tier-3,0
8.59,86.3,74.4,1,0,2,10,8,2,0.6,2,Civil,Female,Tier-2,1
7.58,80.1,65.0,0,0,14,2,7,6,1.2,2,Electrical,Male,Tier-1,1
7.57,96.2,74.7,0,1,4,3,1,5,0.3,1,Mechanical,Male,Tier-3,0
7.84,67.6,85.9,1,0,8,9,4,6,0.3,1,Information Technology,Male,Tier-3,0
8.2,75.2,64.3,0,0,2,3,2,2,0.0,6,Electronics,Male,Tier-2,0
8.41,90.8,77.0,0,0,4,2,0,5,0.5,5,Electronics,Male,Tier-2,1
8.01,67.0,51.5,0,1,8,5,6,4,0.2,6,Information Technology,Male,Tier-3,1
9.55,90.4,64.5,1,0,7,5,8,3,0.9,2,Chemical,Female,Tier-2,0
8.97,90.7,63.8,0,0,9,0,6,5,0.2,2,Computer Science,Male,Tier-3,0
9.7,81.8,96.8,0,1,15,3,2,6,2.2,4,Civil,Female,Tier-3,1
9.17,76.0,57.6,0,0,14,0,5,6,1.9,4,Information Technology,Male,Tier-2,1
8.65,70.2,80.2,0,1,15,6,2,3,1.4,4,Chemical,Male,Tier-3,0
9.78,69.3,95.7,0,0,2,6,3,5,1.7,7,Electronics,Male,Tier-2,1
9.76,81.7,88.1,0,2,4,5,0,5,3.2,7,Mechanical,Male,Tier-2,0
7.17,43.5,94.8,0,1,9,10,1,6,0.4,4,Mechanical,Female,Tier-3,0
7.7,71.3,96.7,1,4,6,1,0,1,3.9,5,Mechanical,Female,Tier-2,0
6.77,69.7,75.7,0,1,9,3,1,3,2.2,3,Computer Science,Male,Tier-2,0
8.96,66.1,81.2,1,1,9,2,3,2,0.4,4,Mechanical,Female,Tier-2,0
9.57,80.2,77.5,0,3,7,10,5,6,2.0,4,Electrical,Male,Tier-3,1
8.38,60.4,81.2,0,0,14,7,7,2,2.3,8,Civil,Female,Tier-1,1
9.38,92.4,80.5,0,1,7,1,8,4,0.0,1,Electrical,Female,Tier-2,1
8.3,89.0,97.3,0,0,8,9,6,1,2.1,6,Electronics,Female,Tier-1,1
7.77,94.3,78.8,1,1,2,1,3,5,0.6,7,Electronics,Female,Tier-2,0
8.46,71.7,62.6,0,0,10,0,6,6,1.7,2,Civil,Female,Tier-1,0
7.8,80.5,82.7,0,1,12,8,0,0,0.1,5,Information Technology,Male,Tier-1,1
9.83,87.9,84.5,0,4,14,2,5,5,0.2,2,Civil,Female,Tier-3,1
8.94,76.4,64.3,0,0,7,7,0,1,3.9,3,Electronics,Male,Tier-3,0
6.87,71.2,63.8,0,2,15,6,7,0,0.5,5,Information Technology,Female,Tier-1,1
8.4,79.4,87.4,0,0,6,0,3,5,1.6,3,Mechanical,Male,Tier-2,1
7.64,75.5,68.1,0,0,7,10,7,1,1.4,7,Information Technology,Male,Tier-3,1
8.34,65.2,69.6,0,1,6,5,7,3,1.5,7,Mechanical,Male,Tier-3,1
8.84,49.4,69.0,0,0,11,7,1,1,1.4,8,Electronics,Male,Tier-3,0
8.63,66.9,78.2,0,1,3,5,5,4,2.5,7,Mechanical,Male,Tier-2,0
9.31,49.7,89.3,0,0,5,8,3,0,0.9,2,Electronics,Female,Tier-2,1
8.55,67.6,83.7,0,1,3,9,2,6,0.6,1,Mechanical,Male,Tier-3,0
8.52,95.0,69.0,1,1,6,2,8,6,2.6,4,Chemical,Female,Tier-2,0
8.75,55.8,92.4,0,2,15,5,8,3,0.4,7,Electronics,Male,Tier-2,1
9.11,83.4,86.3,0,1,3,9,1,3,1.0,7,Electronics,Male,Tier-2,0
7.95,92.7,87.9,0,0,12,3,4,6,1.9,2,Computer Science,Male,Tier-1,1
8.57,59.1,87.5,0,0,2,9,6,1,2.5,7,Chemical,Male,Tier-1,0
7.8,99.0,68.3,0,3,11,2,8,3,3.0,5,Electronics,Male,Tier-3,1
9.32,77.1,63.0,0,1,13,7,7,6,1.1,7,Computer Science,Male,Tier-3,1
9.28,94.3,70.6,0,1,4,6,3,2,1.3,8,Information Technology,Male,Tier-3,1
9.35,81.3,87.9,0,1,9,6,2,6,0.7,7,Computer Science,Female,Tier-2,1
8.14,72.5,59.7,0,0,1,4,0,2,0.3,4,Electronics,Female,Tier-3,0
7.6,43.1,57.9,0,1,8,0,0,2,0.0,7,Information Technology,Female,Tier-3,0
7.92,64.6,51.4,0,1,5,5,8,1,0.3,5,Information Technology,Female,Tier-2,1
9.11,86.2,58.7,0,0,2,5,3,0,3.9,3,Computer Science,Male,Tier-2,1
8.65,96.4,64.7,0,3,14,2,7,1,1.6,5,Civil,Female,Tier-3,0
7.89,61.1,76.6,0,0,9,4,3,4,0.7,1,Civil,Female,Tier-3,0
7.34,77.3,60.0,0,1,2,8,5,3,0.4,3,Computer Science,Female,Tier-3,0
9.13,72.6,83.6,0,0,11,6,3,2,0.1,8,Mechanical,Female,Tier-1,1
9.06,83.0,75.6,0,1,11,7,1,1,0.0,6,Computer Science,Male,Tier-2,1
8.85,79.1,48.4,1,0,3,8,0,6,1.4,8,Computer Science,Female,Tier-1,1
9.94,73.5,74.8,0,0,1,5,7,1,4.2,7,Computer Science,Male,Tier-2,1
8.25,85.7,76.8,0,4,1,4,5,3,0.3,6,Computer Science,Male,Tier-2,1
8.34,69.7,99.0,0,1,2,9,0,1,0.3,7,Information Technology,Male,Tier-1,1
9.5,78.1,78.1,0,1,2,4,4,2,2.7,2,Chemical,Female,Tier-3,0
8.68,87.2,52.0,0,1,14,4,2,6,0.9,4,Electrical,Male,Tier-2,0
8.16,69.3,78.0,0,0,13,3,1,3,0.2,4,Information Technology,Male,Tier-2,1
8.23,73.7,77.3,0,0,6,1,2,0,0.0,1,Civil,Male,Tier-3,0
7.51,71.3,82.9,0,0,15,6,1,2,0.8,5,Civil,Male,Tier-1,0
8.7,83.4,99.0,0,1,11,6,1,4,0.6,7,Computer Science,Female,Tier-3,1
8.78,82.2,68.0,0,2,8,7,0,6,0.6,7,Computer Science,Male,Tier-3,1
9.09,71.8,66.5,2,0,12,7,2,4,3.5,2,Mechanical,Male,Tier-2,0
8.85,82.1,81.1,1,1,4,10,2,5,0.3,6,Information Technology,Male,Tier-2,1
9.76,44.3,98.7,3,0,3,7,3,5,0.7,5,Electrical,Male,Tier-3,0
7.96,88.0,83.7,0,0,13,8,2,3,0.2,6,Computer Science,Male,Tier-1,1
8.41,88.7,70.5,1,1,14,5,7,2,0.4,5,Civil,Male,Tier-2,0
8.9,71.9,87.8,1,0,2,3,3,5,1.5,1,Mechanical,Male,Tier-3,0
9.01,69.5,98.3,1,1,1,1,0,2,0.2,6,Electronics,Male,Tier-1,0
9.84,77.3,65.0,0,0,8,4,1,2,1.1,3,Information Technology,Female,Tier-1,1
8.51,67.1,62.0,0,4,13,5,6,6,0.1,6,Computer Science,Female,Tier-2,1
9.3,68.9,75.7,0,1,7,6,5,4,0.2,3,Civil,Female,Tier-2,0
8.16,81.7,78.9,0,0,13,5,8,3,0.0,1,Information Technology,Male,Tier-3,0
8.35,87.7,93.0,0,0,15,3,5,4,1.0,1,Information Technology,Male,Tier-2,1
8.14,81.8,68.9,1,0,11,3,1,6,4.6,7,Computer Science,Male,Tier-3,1
7.02,99.0,80.2,0,0,2,6,7,5,1.1,1,Computer Science,Male,Tier-2,1
9.08,93.0,95.2,0,1,12,0,8,1,2.6,5,Information Technology,Male,Tier-2,1
8.03,86.8,77.9,2,2,7,2,4,5,0.7,6,Mechanical,Female,Tier-2,1
9.02,86.4,69.9,0,0,12,9,5,0,1.1,6,Computer Science,Female,Tier-1,1
8.8,79.0,82.4,1,1,6,1,3,4,2.6,5,Computer Science,Male,Tier-1,1
9.24,84.1,70.7,0,0,8,1,1,3,0.1,2,Information Technology,Female,Tier-2,0
9.53,80.4,79.4,0,1,15,6,4,4,0.9,1,Information Technology,Male,Tier-3,1
8.4,90.6,72.6,0,0,6,4,4,1,0.9,5,Information Technology,Male,Tier-3,0
9.18,74.7,73.1,0,3,4,2,0,1,0.0,3,Information Technology,Female,Tier-3,1
8.84,74.0,69.8,5,1,13,8,4,1,0.2,6,Computer Science,Female,Tier-3,1
9.64,92.1,67.5,1,3,14,8,0,1,0.8,6,Mechanical,Female,Tier-1,1
7.23,72.5,87.9,0,0,8,2,2,0,0.7,1,Computer Science,Female,Tier-2,1
8.67,66.7,77.5,0,1,1,1,8,2,0.4,3,Electrical,Male,Tier-3,0
9.29,69.0,91.6,0,1,10,2,3,5,1.2,4,Civil,Female,Tier-1,0
9.08,87.0,45.7,0,1,1,8,8,1,0.4,2,Computer Science,Female,Tier-1,1
9.49,99.0,68.2,0,0,4,7,5,0,1.5,4,Information Technology,Male,Tier-3,1
9.73,67.3,65.4,0,4,1,2,0,4,1.7,2,Electronics,Male,Tier-3,1
9.47,85.7,71.7,0,2,5,3,2,1,1.0,1,Chemical,Male,Tier-1,1
9.39,79.8,61.6,0,0,11,4,2,6,0.3,6,Information Technology,Male,Tier-2,1
9.27,91.5,54.1,0,1,9,3,3,4,1.6,2,Mechanical,Male,Tier-1,1
7.63,85.6,83.7,0,0,14,10,3,4,0.3,5,Electronics,Male,Tier-2,0
9.95,92.3,67.3,0,2,9,1,7,3,0.4,3,Civil,Male,Tier-2,1
7.11,81.5,82.2,0,1,9,10,2,0,0.9,6,Computer Science,Male,Tier-3,1
7.98,68.0,59.7,0,0,6,8,3,0,1.2,5,Mechanical,Male,Tier-2,0
9.28,69.8,53.7,0,0,12,1,2,1,0.5,1,Computer Science,Male,Tier-1,1
9.3,80.5,78.1,0,0,1,4,6,1,0.9,7,Computer Science,Male,Tier-2,1
8.63,83.6,83.2,1,0,10,10,5,1,0.3,4,Computer Science,Male,Tier-3,1
8.27,73.4,67.0,0,0,5,8,0,6,1.6,3,Electronics,Male,Tier-3,0
7.96,99.0,61.8,0,1,10,7,0,0,4.8,1,Civil,Female,Tier-3,0
9.2,89.3,91.2,0,1,2,0,5,4,1.2,5,Electronics,Male,Tier-2,1
9.69,53.0,74.3,0,1,12,2,2,4,0.4,5,Computer Science,Male,Tier-3,1
8.63,76.5,62.0,0,1,1,9,8,1,0.4,2,Electronics,Female,Tier-2,0
8.34,65.6,55.5,0,0,13,8,1,4,0.0,2,Computer Science,Male,Tier-2,1
9.51,99.0,66.1,0,0,5,2,2,1,1.0,4,Chemical,Female,Tier-2,0
9.17,51.4,69.9,0,1,5,10,8,5,0.9,8,Information Technology,Male,Tier-2,1
8.75,83.0,84.9,0,0,1,3,5,2,3.1,2,Electronics,Female,Tier-1,1
9.48,79.5,74.8,0,0,13,2,0,4,0.5,2,Information Technology,Male,Tier-3,1
9.78,87.8,73.2,0,0,15,6,1,5,2.7,7,Electronics,Male,Tier-1,1
9.33,81.9,63.1,0,1,13,8,6,0,1.4,2,Chemical,Male,Tier-1,1
9.41,99.0,93.0,0,2,7,3,5,5,0.3,4,Information Technology,Female,Tier-2,1
7.84,89.0,87.7,0,1,3,8,0,3,0.0,1,Mechanical,Female,Tier-1,1
8.87,55.9,86.7,0,0,11,1,1,5,1.3,6,Mechanical,Female,Tier-2,1
8.21,94.9,74.2,0,2,13,1,5,5,0.7,3,Computer Science,Male,Tier-2,1
8.46,80.4,80.2,0,0,6,8,5,5,3.3,1,Mechanical,Female,Tier-3,0
8.36,94.9,41.5,0,1,2,6,5,6,0.0,6,Mechanical,Male,Tier-3,0
7.54,74.2,77.6,0,0,14,4,8,0,0.7,6,Information Technology,Male,Tier-2,1
7.9,65.3,99.0,0,3,9,4,1,0,1.6,1,Electronics,Male,Tier-2,1
9.98,63.0,67.5,0,1,2,8,8,3,1.6,1,Electronics,Female,Tier-3,1
8.07,90.7,62.2,0,1,2,10,8,1,1.1,5,Civil,Male,Tier-2,0
7.42,87.6,73.1,0,1,1,3,8,4,0.5,7,Computer Science,Male,Tier-3,1
9.09,70.9,63.8,0,1,1,10,8,0,0.1,3,Chemical,Male,Tier-2,0
9.46,46.0,63.0,0,0,12,0,2,4,0.4,3,Civil,Male,Tier-3,0
7.61,91.2,78.4,0,1,4,5,8,6,1.1,5,Electronics,Male,Tier-3,1
8.43,53.5,85.7,2,1,7,2,8,3,1.5,6,Civil,Male,Tier-3,0
9.02,99.0,78.6,1,1,4,1,2,5,1.7,5,Mechanical,Male,Tier-3,0
9.49,60.7,60.1,0,0,5,3,3,3,1.5,8,Electronics,Female,Tier-2,1
9.19,78.2,66.3,0,0,6,8,3,6,0.4,6,Information Technology,Female,Tier-2,1
8.12,80.8,79.2,3,1,5,7,3,4,1.2,2,Chemical,Male,Tier-3,0
7.41,82.4,83.5,0,1,5,6,6,4,3.5,5,Electrical,Female,Tier-3,0
8.07,81.9,72.3,0,0,14,1,4,6,0.1,4,Chemical,Female,Tier-2,0
8.44,79.6,63.4,0,0,4,0,6,3,1.3,7,Computer Science,Male,Tier-1,1
9.05,72.8,85.1,0,1,14,6,5,1,0.5,5,Civil,Male,Tier-2,0
9.38,75.3,98.6,0,0,9,9,6,4,0.3,2,Electrical,Female,Tier-1,1
9.41,70.2,89.6,0,1,5,4,7,6,0.4,5,Electronics,Male,Tier-2,1
8.75,79.4,99.0,0,1,9,10,5,2,0.2,4,Electrical,Male,Tier-3,0
7.72,57.0,66.9,0,0,14,7,8,5,1.7,5,Computer Science,Female,Tier-2,1
9.33,81.8,88.4,2,2,15,4,3,6,0.5,8,Computer Science,Female,Tier-2,1
7.97,76.8,91.7,1,0,4,9,4,6,2.8,6,Information Technology,Male,Tier-3,1
8.76,88.1,68.7,0,2,9,4,8,2,3.4,8,Computer Science,Female,Tier-2,1
9.67,74.4,64.3,0,1,5,7,8,4,3.4,1,Mechanical,Male,Tier-3,0
9.83,85.2,62.5,0,1,8,8,1,0,0.2,7,Electrical,Male,Tier-1,1
9.78,84.6,73.8,0,2,1,1,1,3,0.4,3,Information Technology,Male,Tier-2,1
7.82,76.3,55.4,0,1,15,7,8,1,0.4,7,Mechanical,Male,Tier-3,0
8.3,82.2,97.0,0,3,4,6,5,2,2.6,4,Electronics,Female,Tier-1,1
9.9,61.9,58.3,2,1,13,7,7,2,0.1,4,Information Technology,Female,Tier-1,1
8.78,94.1,80.5,1,1,15,2,7,0,0.9,4,Electrical,Male,Tier-2,0
9.61,71.5,45.6,0,1,13,3,7,4,0.7,6,Chemical,Female,Tier-1,0
7.01,75.9,99.0,1,0,4,6,4,0,3.7,8,Computer Science,Male,Tier-3,1
9.62,65.4,91.2,0,2,2,4,3,1,3.3,1,Civil,Male,Tier-2,0
8.26,68.8,54.3,0,1,3,6,2,4,0.6,1,Computer Science,Female,Tier-3,1
9.27,97.7,79.0,1,1,8,5,3,2,0.6,3,Electronics,Male,Tier-3,0
9.12,79.7,71.9,0,2,12,3,7,2,0.5,2,Information Technology,Male,Tier-2,1
8.69,74.4,77.0,1,4,8,1,3,6,1.6,3,Computer Science,Male,Tier-2,1
9.1,74.4,83.3,0,0,14,5,7,3,0.1,8,Mechanical,Male,Tier-2,0
8.69,78.0,64.6,0,1,1,5,7,1,0.1,8,Civil,Male,Tier-3,0
8.62,86.7,74.3,0,1,2,5,0,6,1.2,4,Civil,Female,Tier-2,1
7.93,80.3,51.5,0,1,4,0,8,6,0.0,4,Mechanical,Male,Tier-2,0
7.86,80.6,76.1,0,3,11,5,2,2,1.1,7,Computer Science,Female,Tier-3,1
8.67,66.9,48.2,2,2,13,1,5,0,0.1,4,Computer Science,Female,Tier-2,1
8.36,74.5,92.0,0,1,6,9,2,2,1.5,7,Electronics,Male,Tier-3,0
8.94,79.9,56.0,0,0,3,4,8,0,1.3,3,Electronics,Male,Tier-2,1
8.57,77.6,78.8,0,1,7,6,0,0,0.2,2,Mechanical,Male,Tier-2,0
9.73,73.0,85.8,1,1,3,9,6,5,1.4,2,Information Technology,Female,Tier-2,1
7.95,71.9,99.0,0,0,8,0,4,5,1.6,3,Computer Science,Male,Tier-3,0
8.5,83.2,98.1,0,1,6,4,2,6,2.6,6,Computer Science,Male,Tier-2,1
9.36,83.5,93.1,1,0,8,8,6,5,1.3,4,Civil,Male,Tier-2,0
8.3,89.9,74.8,2,1,7,2,0,4,2.0,8,Computer Science,Female,Tier-2,1
9.6,80.3,89.5,0,1,12,1,5,4,1.0,7,Electrical,Female,Tier-2,0
8.47,53.1,78.6,0,0,5,9,6,6,1.0,7,Information Technology,Female,Tier-3,0
9.23,99.0,79.7,0,1,5,1,8,2,1.1,8,Electronics,Female,Tier-3,0
9.18,77.9,66.9,0,0,3,2,8,2,0.5,3,Computer Science,Male,Tier-1,1
9.35,73.1,97.6,1,1,4,0,6,0,0.3,3,Electronics,Female,Tier-3,0
9.72,77.3,64.6,5,1,15,1,4,4,0.5,5,Electrical,Female,Tier-1,1
6.95,73.2,61.1,0,1,8,5,6,6,0.9,8,Chemical,Male,Tier-2,1
9.15,68.2,80.3,1,1,5,7,0,2,1.2,5,Civil,Female,Tier-3,0
9.39,85.4,51.7,0,1,13,3,6,4,0.6,7,Civil,Female,Tier-1,0
9.8,76.2,76.5,0,0,15,1,3,1,0.4,7,Electrical,Male,Tier-3,0
6.9,76.9,96.3,0,1,9,4,1,0,0.3,7,Computer Science,Female,Tier-3,1
8.0,48.0,80.4,3,1,3,2,5,5,0.2,1,Mechanical,Male,Tier-3,0
8.89,75.3,75.4,0,0,10,4,6,6,0.6,1,Electronics,Female,Tier-2,0
9.31,65.1,64.1,0,0,3,2,6,4,1.2,8,Information Technology,Female,Tier-3,1
9.53,71.7,55.5,2,0,8,10,7,2,1.8,3,Computer Science,Female,Tier-2,1
7.56,80.8,86.2,0,0,8,3,4,6,0.4,5,Computer Science,Male,Tier-2,1
9.79,70.6,75.4,0,1,12,4,7,6,0.9,4,Mechanical,Male,Tier-3,0
8.29,72.3,83.1,0,1,7,6,3,0,0.6,1,Electronics,Male,Tier-1,1
7.81,79.2,46.5,0,1,6,1,0,3,3.4,4,Computer Science,Male,Tier-2,0
9.86,71.9,84.5,0,0,7,5,7,0,2.1,4,Electronics,Male,Tier-3,0
9.63,65.3,99.0,2,2,7,5,3,1,2.1,1,Information Technology,Female,Tier-2,1
9.01,57.3,92.4,0,1,6,5,4,0,0.9,6,Computer Science,Male,Tier-1,1
8.32,82.0,78.9,1,1,13,6,3,5,0.6,8,Electrical,Female,Tier-2,0
7.41,71.8,61.4,0,0,13,10,6,5,1.1,3,Information Technology,Male,Tier-3,1
9.41,58.0,76.6,0,1,9,2,2,4,0.2,5,Electronics,Male,Tier-2,1
9.25,92.9,77.0,1,1,5,4,1,4,2.1,1,Electronics,Male,Tier-3,0
9.01,82.1,68.6,0,1,5,8,1,2,0.3,2,Electronics,Female,Tier-3,1
9.41,63.7,69.5,0,2,6,8,6,2,1.8,2,Computer Science,Female,Tier-2,1
8.37,69.5,99.0,1,1,10,6,5,0,0.4,4,Information Technology,Male,Tier-2,1
7.73,90.6,62.4,0,2,11,8,1,5,0.7,2,Information Technology,Male,Tier-3,0
9.94,75.9,69.4,0,0,13,2,7,0,1.5,4,Electronics,Male,Tier-1,1
8.38,73.0,82.3,0,0,4,6,5,6,0.5,6,Computer Science,Female,Tier-2,1
9.26,87.0,99.0,0,0,10,0,7,5,0.4,6,Computer Science,Female,Tier-3,1
9.2,76.0,71.1,1,1,10,6,5,6,2.2,6,Computer Science,Female,Tier-2,1
9.04,92.8,51.6,1,1,9,2,3,0,0.1,6,Electronics,Male,Tier-3,0
9.43,73.0,47.2,0,1,12,2,7,4,1.8,7,Mechanical,Female,Tier-2,0
8.53,71.2,99.0,0,0,2,6,3,4,2.6,6,Electrical,Male,Tier-1,1
8.48,78.2,50.2,0,0,11,7,5,3,0.8,5,Information Technology,Male,Tier-2,0
7.64,89.6,76.0,0,0,12,3,4,3,1.2,1,Information Technology,Male,Tier-2,1
8.44,81.0,55.3,0,0,3,0,3,3,2.0,1,Mechanical,Male,Tier-3,0
8.27,79.2,64.7,0,0,9,4,6,2,0.6,5,Chemical,Male,Tier-2,0
8.76,68.3,66.6,0,0,1,9,7,4,2.1,4,Information Technology,Male,Tier-2,1
9.96,66.5,49.6,0,0,5,3,5,0,0.5,6,Information Technology,Male,Tier-3,1
8.76,89.6,90.8,2,1,3,8,0,0,0.4,7,Information Technology,Female,Tier-3,1
7.68,90.9,80.6,0,0,14,2,6,3,4.1,3,Information Technology,Male,Tier-3,1
7.65,90.5,69.4,0,0,3,3,3,2,0.0,2,Computer Science,Male,Tier-1,0
7.24,87.5,67.5,0,0,1,9,1,2,0.4,8,Information Technology,Female,Tier-3,1
8.53,83.4,89.2,1,2,8,2,2,3,0.6,7,Electronics,Male,Tier-3,1
8.3,83.2,76.2,2,1,14,2,3,0,0.4,6,Computer Science,Female,Tier-3,1
9.85,79.6,99.0,2,4,3,6,6,2,0.3,5,Civil,Female,Tier-3,1
8.17,84.7,69.2,0,1,4,4,8,5,0.5,8,Mechanical,Male,Tier-1,1
9.43,77.5,80.5,0,3,5,4,5,5,0.5,2,Electronics,Female,Tier-2,1
8.87,84.7,59.0,0,0,5,3,4,1,0.1,3,Mechanical,Male,Tier-1,1
9.38,89.0,69.4,0,0,12,9,8,5,1.5,7,Information Technology,Male,Tier-1,1
9.74,62.9,88.5,5,1,2,7,7,3,0.2,4,Computer Science,Male,Tier-3,1
7.26,91.2,90.3,0,4,7,0,7,0,0.0,7,Civil,Male,Tier-3,0
6.31,77.3,98.9,0,2,6,10,7,1,0.9,6,Civil,Male,Tier-3,0
9.72,95.5,80.8,0,1,14,8,7,4,1.1,2,Mechanical,Male,Tier-1,1
9.25,93.2,91.1,0,0,11,10,7,0,1.4,4,Information Technology,Male,Tier-2,1
7.26,65.6,83.1,1,0,7,8,6,6,0.1,6,Information Technology,Female,Tier-3,0
9.41,78.0,69.6,0,0,15,10,1,1,0.2,3,Information Technology,Female,Tier-2,1
7.05,55.6,55.3,0,0,10,4,1,4,0.2,4,Computer Science,Male,Tier-2,0
8.93,73.4,72.0,0,0,10,0,4,2,0.9,7,Civil,Female,Tier-2,1
9.05,82.3,60.1,0,0,3,1,5,0,2.2,3,Computer Science,Male,Tier-3,1
9.17,88.2,88.7,0,2,8,1,8,0,1.2,1,Computer Science,Male,Tier-3,1
9.69,78.8,89.4,0,0,15,5,0,2,0.4,2,Computer Science,Female,Tier-2,1
8.16,83.3,61.8,0,0,6,9,6,0,1.9,2,Mechanical,Female,Tier-2,0
9.18,69.6,89.5,2,0,7,8,6,3,1.1,7,Electrical,Female,Tier-2,0
9.17,77.8,59.7,0,0,9,2,7,6,1.2,7,Electronics,Female,Tier-3,1
9.36,70.9,93.8,0,0,8,7,0,1,3.2,3,Electrical,Male,Tier-3,0
9.47,81.4,72.9,1,0,8,1,3,4,3.0,3,Civil,Female,Tier-1,1
8.97,94.7,81.0,0,3,3,4,4,4,0.5,5,Civil,Female,Tier-1,1
7.83,77.3,93.8,0,1,1,3,1,1,1.0,3,Computer Science,Female,Tier-3,1
6.44,61.5,82.8,0,0,12,4,1,3,0.2,3,Information Technology,Male,Tier-3,1
9.36,80.4,73.3,0,1,1,3,3,0,0.5,7,Mechanical,Female,Tier-3,0
7.74,86.5,86.4,3,0,10,0,2,2,0.3,4,Information Technology,Male,Tier-2,0
9.36,67.0,62.4,0,0,2,0,6,2,0.5,8,Mechanical,Male,Tier-2,0
8.03,92.9,49.9,0,0,8,5,6,6,1.1,4,Information Technology,Female,Tier-3,1
8.76,70.8,89.9,0,0,10,7,1,0,0.2,8,Information Technology,Female,Tier-3,0
6.82,68.9,57.9,0,1,15,6,4,5,0.2,2,Mechanical,Male,Tier-3,0
7.07,56.6,87.0,0,1,6,3,4,4,0.5,8,Computer Science,Male,Tier-3,1
9.22,81.2,76.8,1,0,15,4,7,1,0.1,4,Civil,Female,Tier-2,0
8.69,99.0,74.8,1,1,6,7,7,1,1.7,4,Mechanical,Male,Tier-3,1
9.02,82.4,62.7,0,0,1,5,3,4,3.2,2,Electronics,Female,Tier-2,0
9.79,69.2,69.1,0,0,2,7,0,1,1.6,7,Electronics,Female,Tier-3,0
8.58,84.2,75.2,0,0,5,5,5,4,0.8,6,Electrical,Male,Tier-1,1
9.12,87.6,77.6,0,1,3,7,6,3,1.1,1,Mechanical,Male,Tier-2,1
8.48,91.9,63.3,0,0,2,3,0,0,1.6,5,Mechanical,Male,Tier-1,1
8.52,63.2,84.7,0,1,14,9,7,4,0.1,4,Electrical,Male,Tier-2,1
9.41,96.6,85.5,0,1,9,1,8,3,0.5,1,Information Technology,Female,Tier-2,1
8.58,80.6,81.3,0,2,10,2,7,4,0.2,8,Information Technology,Female,Tier-3,1
9.53,99.0,69.3,1,0,7,4,2,3,0.1,5,Computer Science,Male,Tier-3,1
9.2,79.9,86.2,0,0,1,3,8,3,1.4,2,Electronics,Male,Tier-2,1
8.68,84.9,83.1,5,0,15,4,2,3,2.0,4,Chemical,Male,Tier-3,0
9.34,66.6,49.6,0,2,11,0,3,6,0.1,6,Electrical,Male,Tier-2,1
8.04,89.8,77.7,0,1,1,0,5,0,0.2,4,Electronics,Male,Tier-3,0
9.31,65.1,99.0,0,2,3,1,6,6,0.2,3,Computer Science,Female,Tier-2,1
8.73,81.2,87.6,0,1,10,10,7,4,1.9,4,Electrical,Female,Tier-2,1
8.75,72.8,90.0,0,1,15,1,6,5,2.4,4,Electrical,Male,Tier-1,1
8.91,76.9,65.9,0,0,6,7,2,6,1.4,1,Computer Science,Male,Tier-3,1
9.01,91.0,76.6,0,2,13,9,1,4,1.6,1,Electrical,Male,Tier-2,0
7.42,73.7,72.6,0,2,2,3,1,4,0.4,8,Electronics,Male,Tier-2,1
7.77,91.3,75.0,0,0,11,5,8,3,0.5,4,Computer Science,Male,Tier-3,0
8.48,73.1,68.3,0,0,8,1,6,1,0.3,6,Chemical,Female,Tier-2,0
8.24,79.6,58.9,0,1,14,0,6,1,3.2,8,Computer Science,Male,Tier-2,1
9.63,99.0,75.8,1,0,12,6,4,4,1.3,5,Computer Science,Female,Tier-3,1
9.64,79.5,64.9,0,2,4,3,5,1,0.4,8,Chemical,Female,Tier-3,0
9.75,77.1,82.6,0,1,8,3,6,5,0.1,2,Computer Science,Female,Tier-2,1
9.97,79.7,74.6,0,1,12,1,8,6,0.2,6,Electronics,Female,Tier-2,1
7.55,74.0,49.9,0,1,7,8,3,1,0.2,8,Chemical,Male,Tier-2,1
8.87,66.0,93.0,1,1,2,1,5,1,1.0,1,Chemical,Male,Tier-2,0
9.83,99.0,80.7,0,0,9,4,0,3,2.3,7,Computer Science,Male,Tier-2,1
7.32,73.1,69.0,0,3,5,5,6,6,2.0,8,Electronics,Female,Tier-3,0
9.63,59.7,70.6,0,4,6,2,3,4,0.1,6,Computer Science,Male,Tier-2,1
9.9,76.1,59.0,0,1,13,10,1,6,1.2,6,Computer Science,Male,Tier-2,1
9.82,82.3,74.2,1,1,14,2,3,5,0.2,5,Chemical,Female,Tier-2,1
9.64,75.5,83.9,1,1,15,5,7,6,0.4,6,Information Technology,Male,Tier-1,1
8.23,77.4,97.7,0,1,2,4,1,5,0.8,4,Computer Science,Female,Tier-2,1
7.44,76.0,73.8,1,3,3,4,0,6,1.8,3,Mechanical,Male,Tier-3,1
8.74,83.1,75.6,0,0,10,4,0,6,0.3,1,Computer Science,Male,Tier-2,1
9.19,87.8,90.5,0,0,12,8,6,4,2.1,6,Chemical,Female,Tier-2,1
8.25,75.7,59.9,0,2,8,7,6,5,1.3,1,Mechanical,Male,Tier-3,0
7.24,99.0,76.9,2,0,11,3,3,2,1.1,8,Information Technology,Male,Tier-3,1
9.32,90.5,65.2,0,1,5,5,4,2,0.1,3,Information Technology,Female,Tier-2,1
8.23,77.9,76.7,0,0,10,4,4,1,0.6,4,Electrical,Female,Tier-2,1
8.23,62.2,87.2,0,3,1,10,6,6,0.3,1,Electrical,Male,Tier-3,0
9.74,79.4,53.5,0,1,9,5,2,4,0.9,7,Chemical,Female,Tier-2,0
9.07,87.8,89.4,1,2,15,10,4,1,1.1,4,Electronics,Male,Tier-3,1
9.42,87.9,79.7,0,3,13,7,6,3,0.1,5,Civil,Female,Tier-2,0
8.48,55.8,76.8,0,0,11,5,6,4,1.0,7,Electronics,Male,Tier-2,0
9.67,79.4,92.5,0,1,12,5,8,5,0.7,1,Mechanical,Female,Tier-3,0
7.0,72.2,64.7,0,1,1,1,3,3,1.8,4,Electronics,Male,Tier-3,0
9.12,96.0,57.6,0,2,9,6,0,3,1.6,5,Electronics,Male,Tier-3,0
9.09,79.5,61.7,0,0,10,2,4,4,0.5,6,Electronics,Male,Tier-1,1
9.11,50.6,81.9,0,2,6,6,3,1,3.7,1,Computer Science,Male,Tier-3,1
9.82,82.4,68.6,1,0,7,4,2,2,0.9,2,Computer Science,Female,Tier-3,1
8.96,54.6,63.6,0,2,13,3,6,1,3.3,7,Chemical,Male,Tier-2,1
9.17,83.4,62.3,0,1,1,9,8,2,1.3,7,Electronics,Male,Tier-1,1
9.41,99.0,77.3,0,1,10,0,3,0,0.5,4,Chemical,Male,Tier-2,0
8.42,94.3,74.6,0,0,11,7,5,2,0.3,5,Mechanical,Male,Tier-3,0
9.55,81.1,56.6,0,0,14,1,0,4,0.6,6,Computer Science,Female,Tier-3,1
9.08,70.1,57.0,0,0,1,9,0,2,2.7,2,Computer Science,Male,Tier-1,1
7.72,93.3,68.2,0,1,15,7,2,0,0.1,4,Civil,Female,Tier-2,0
9.63,85.6,86.9,0,1,5,6,4,5,0.6,1,Computer Science,Male,Tier-2,1
9.89,74.8,69.5,0,1,2,2,5,5,0.4,6,Computer Science,Male,Tier-3,1
9.3,71.5,55.8,0,0,11,10,8,2,2.0,8,Computer Science,Male,Tier-1,1
8.32,67.1,73.9,0,1,10,6,8,1,1.6,4,Electronics,Male,Tier-3,0
9.28,82.5,75.5,0,2,12,0,0,2,0.8,5,Computer Science,Female,Tier-3,1
8.59,73.0,55.7,0,1,5,4,1,4,0.5,1,Computer Science,Male,Tier-3,1
9.02,80.0,59.2,0,0,5,1,7,4,1.2,1,Mechanical,Female,Tier-3,0
8.53,89.1,84.7,0,2,6,1,4,3,3.1,6,Chemical,Male,Tier-2,1
7.01,72.7,59.0,0,4,9,2,2,1,0.1,8,Chemical,Female,Tier-1,1
8.93,85.7,85.2,0,3,6,6,8,1,2.3,1,Electrical,Female,Tier-2,0
9.78,92.7,54.9,0,2,10,1,1,2,0.3,3,Computer Science,Male,Tier-3,1
7.4,82.7,55.4,0,1,11,3,6,2,0.0,5,Computer Science,Male,Tier-2,1
9.41,86.4,75.3,0,0,1,3,7,4,1.4,2,Computer Science,Male,Tier-3,0
7.05,82.8,65.2,0,1,5,0,1,3,1.6,1,Mechanical,Male,Tier-1,0
7.47,78.2,68.0,1,1,2,6,0,0,0.4,5,Civil,Female,Tier-1,0
8.96,88.0,77.0,0,0,11,3,2,2,1.5,3,Electronics,Female,Tier-1,1
8.08,97.3,67.7,0,0,14,0,7,1,1.6,3,Information Technology,Male,Tier-3,1
9.53,88.3,62.7,0,0,8,2,3,5,1.1,6,Electrical,Male,Tier-2,1
9.6,75.7,81.4,0,1,13,7,4,2,0.0,1,Electronics,Female,Tier-3,0
8.72,76.0,77.3,0,0,7,3,8,6,1.1,5,Computer Science,Male,Tier-3,0
9.73,76.4,75.6,0,1,11,0,3,3,2.7,3,Electronics,Male,Tier-1,1
9.1,89.4,74.8,0,2,6,6,8,1,1.0,1,Computer Science,Female,Tier-1,1
7.63,71.7,64.6,0,0,2,7,5,5,0.5,6,Computer Science,Male,Tier-2,1
7.69,65.7,61.9,0,3,3,4,6,5,0.8,7,Mechanical,Female,Tier-2,1
9.49,83.6,70.5,0,1,9,8,7,3,5.0,8,Mechanical,Male,Tier-2,1
8.61,78.3,64.8,0,0,9,6,0,1,0.6,4,Computer Science,Female,Tier-2,1
8.97,95.8,74.8,0,0,7,3,8,2,1.8,4,Electronics,Female,Tier-2,0
7.6,50.9,69.9,0,0,2,8,1,3,0.1,4,Civil,Male,Tier-3,0
9.22,80.5,75.2,1,0,14,5,2,4,0.1,7,Electrical,Male,Tier-3,0
7.4,73.2,73.8,0,2,13,10,0,1,0.5,2,Electronics,Female,Tier-1,1
9.18,87.7,97.9,0,1,12,7,2,3,0.1,8,Computer Science,Male,Tier-2,1
8.2,74.6,57.0,0,2,12,1,1,3,0.4,8,Computer Science,Male,Tier-3,1
7.38,71.1,72.6,1,1,12,4,6,0,1.3,5,Civil,Female,Tier-2,0
9.26,89.2,60.6,0,1,13,2,6,0,0.6,6,Computer Science,Female,Tier-3,1
9.53,93.3,68.7,0,0,7,4,5,5,0.4,4,Civil,Male,Tier-1,1
9.97,76.8,64.4,0,1,1,7,3,2,2.2,7,Electronics,Female,Tier-3,1
7.38,77.1,83.3,0,1,9,5,2,4,0.0,3,Electronics,Female,Tier-3,0
8.83,93.2,55.8,0,0,14,0,6,4,1.7,2,Electronics,Female,Tier-2,0
8.22,91.9,85.2,0,3,14,6,2,3,1.0,4,Computer Science,Male,Tier-3,1
9.17,90.4,81.9,0,1,9,9,8,3,0.0,7,Mechanical,Female,Tier-3,0
9.26,73.2,99.0,0,2,6,0,7,6,0.0,1,Information Technology,Female,Tier-3,1
8.76,70.1,98.4,1,1,10,0,6,5,0.2,3,Electronics,Male,Tier-2,1
9.88,97.6,64.6,0,0,14,3,1,3,3.8,2,Computer Science,Male,Tier-2,1
9.66,85.3,91.1,0,1,1,8,2,1,0.1,8,Information Technology,Female,Tier-3,1
9.52,69.1,70.8,0,0,8,7,7,2,1.3,2,Computer Science,Male,Tier-2,1
8.92,76.7,79.0,3,1,6,9,2,2,0.5,3,Information Technology,Male,Tier-2,1
7.38,79.0,97.4,0,1,9,2,7,0,0.3,4,Computer Science,Male,Tier-2,1
8.06,76.7,65.1,0,0,9,5,3,5,0.9,6,Computer Science,Male,Tier-2,1
8.0,74.5,75.7,0,1,15,0,4,3,0.5,6,Civil,Female,Tier-3,0
9.47,92.8,49.7,0,0,7,9,8,3,0.4,8,Information Technology,Male,Tier-3,1
9.52,84.3,86.5,0,0,4,0,1,1,0.3,1,Civil,Male,Tier-2,0
9.03,99.0,99.0,1,2,11,5,2,3,0.6,7,Electrical,Male,Tier-2,1
8.79,93.4,82.5,0,1,1,4,0,3,0.2,1,Electronics,Male,Tier-2,1
7.21,79.6,92.8,0,0,3,5,7,2,1.9,6,Electronics,Female,Tier-2,0
8.65,95.0,89.8,0,1,6,8,8,6,0.9,6,Mechanical,Female,Tier-2,1
9.19,82.2,65.8,1,1,15,4,8,3,0.1,1,Mechanical,Male,Tier-3,1
9.09,99.0,79.2,3,0,1,1,2,5,0.6,7,Electronics,Female,Tier-3,0
9.13,74.2,81.4,0,1,4,0,4,1,1.0,2,Electronics,Male,Tier-3,0
9.1,83.4,59.8,0,1,8,10,8,1,2.0,4,Electronics,Female,Tier-1,1
8.3,70.8,93.8,0,2,12,1,4,4,0.0,6,Electrical,Male,Tier-3,0
9.02,73.4,68.4,0,1,8,7,0,4,0.6,6,Mechanical,Female,Tier-2,1
8.13,73.9,72.2,0,0,6,0,0,0,1.2,3,Information Technology,Female,Tier-3,0
8.45,92.8,71.6,3,0,14,5,3,1,0.2,8,Information Technology,Male,Tier-3,1
8.57,80.5,75.5,0,1,6,4,6,5,0.3,5,Electronics,Male,Tier-2,1
8.63,48.5,99.0,0,0,3,9,6,1,0.7,1,Computer Science,Male,Tier-2,1
9.11,79.1,67.1,1,2,7,10,6,5,2.2,3,Chemical,Female,Tier-1,1
9.96,66.3,54.9,0,0,15,8,5,5,0.5,6,Electronics,Male,Tier-3,0
8.3,72.7,77.1,0,0,12,3,0,2,0.7,6,Civil,Female,Tier-2,0
7.25,91.8,63.8,0,0,8,4,2,4,1.0,3,Computer Science,Male,Tier-3,0
7.61,61.9,69.7,0,1,15,4,4,5,0.4,6,Electronics,Male,Tier-1,1
8.39,63.3,83.1,1,1,2,10,3,6,2.0,1,Information Technology,Male,Tier-3,1
9.05,58.1,60.9,2,0,13,1,3,0,3.3,5,Electrical,Male,Tier-2,0
8.75,73.4,70.3,0,2,15,10,8,2,1.1,2,Electrical,Female,Tier-3,1
7.92,57.7,78.8,1,0,5,1,6,5,1.0,8,Mechanical,Male,Tier-2,0
9.83,58.7,64.9,0,0,6,8,8,6,1.1,7,Computer Science,Female,Tier-3,1
8.14,75.2,74.5,0,0,1,2,6,6,0.2,8,Electronics,Male,Tier-1,1
9.09,81.8,78.8,0,2,12,5,2,2,1.3,7,Computer Science,Female,Tier-3,1
9.07,67.1,73.5,0,1,5,3,3,4,0.4,2,Electronics,Male,Tier-3,0
8.67,82.3,77.0,0,1,3,3,8,2,5.0,4,Electronics,Male,Tier-3,0
8.68,79.3,79.6,0,0,3,4,0,4,1.4,6,Information Technology,Male,Tier-2,1
8.75,84.5,66.2,0,1,6,4,2,1,0.9,2,Information Technology,Female,Tier-3,1
9.44,65.5,55.9,0,1,11,6,3,1,2.4,3,Electronics,Female,Tier-2,1
8.49,99.0,61.5,3,0,1,6,3,4,3.5,7,Computer Science,Male,Tier-1,1
9.6,64.3,59.4,3,0,5,0,6,5,1.7,7,Computer Science,Female,Tier-2,1
7.81,70.5,91.0,1,2,5,5,3,3,1.4,2,Civil,Male,Tier-2,0
9.04,84.2,52.4,0,0,5,3,7,3,0.1,4,Civil,Female,Tier-1,1
7.67,79.4,83.2,0,1,3,1,0,0,1.2,3,Electronics,Female,Tier-2,0
8.22,88.2,66.1,0,0,6,5,2,3,0.4,3,Civil,Male,Tier-2,0
9.39,74.3,88.5,0,1,11,6,5,0,2.7,5,Electronics,Male,Tier-2,1
8.25,63.3,69.5,0,0,1,1,2,6,0.9,6,Computer Science,Male,Tier-2,0
8.15,59.7,75.4,0,0,14,1,7,4,0.5,1,Computer Science,Male,Tier-3,1
7.89,99.0,81.7,0,1,10,9,6,5,0.4,7,Electronics,Female,Tier-3,1
8.72,74.4,91.3,1,3,13,10,4,4,0.8,1,Electrical,Female,Tier-1,1
8.83,76.0,67.6,0,3,1,6,1,4,0.7,8,Computer Science,Female,Tier-2,1
8.19,99.0,67.0,0,0,11,8,4,0,0.5,8,Computer Science,Female,Tier-3,1
8.48,72.1,81.6,0,0,2,2,8,2,0.2,1,Information Technology,Female,Tier-1,1
8.81,78.3,54.4,0,1,4,2,4,0,1.6,4,Computer Science,Female,Tier-1,1
8.09,65.6,52.7,0,1,10,7,2,5,0.6,2,Electronics,Male,Tier-2,0
9.32,62.3,79.8,0,1,15,1,6,6,0.1,1,Computer Science,Male,Tier-3,1
8.88,99.0,83.7,0,1,9,8,2,5,0.1,2,Computer Science,Male,Tier-3,1
7.9,99.0,79.3,0,1,10,6,7,6,0.3,8,Chemical,Male,Tier-2,0
8.46,90.3,73.7,0,1,8,7,4,2,0.8,1,Mechanical,Male,Tier-3,0
7.84,89.9,68.0,0,0,11,8,4,1,0.2,5,Computer Science,Female,Tier-3,0
9.63,87.1,95.6,0,1,10,2,5,1,0.2,7,Electronics,Female,Tier-3,1
9.31,69.1,97.3,0,1,11,5,5,2,0.7,2,Information Technology,Female,Tier-2,1
7.41,81.5,76.4,0,2,2,7,2,6,0.2,7,Civil,Female,Tier-3,0
8.91,72.0,66.1,0,0,1,0,6,5,2.0,7,Civil,Male,Tier-3,0
8.76,46.9,61.9,0,0,4,5,8,6,0.9,4,Electronics,Male,Tier-3,0
8.88,91.4,80.6,0,3,5,2,0,2,0.1,6,Information Technology,Female,Tier-3,1
9.12,84.7,59.0,0,1,2,7,3,6,0.2,6,Information Technology,Male,Tier-2,1
9.37,62.2,59.3,0,2,12,8,3,3,0.2,4,Computer Science,Female,Tier-2,1
8.04,73.7,68.7,0,1,10,4,0,2,1.0,8,Electronics,Male,Tier-1,1
8.63,90.6,81.6,0,2,6,1,5,2,0.1,2,Electronics,Female,Tier-1,0
9.33,79.6,94.1,0,0,8,6,1,4,0.0,8,Computer Science,Male,Tier-2,1
8.38,57.6,78.3,0,0,12,5,5,0,1.3,6,Electronics,Female,Tier-3,0
8.73,63.4,81.5,0,2,11,5,0,2,0.7,4,Electronics,Female,Tier-2,1
7.56,99.0,87.8,0,2,12,0,4,4,1.9,3,Information Technology,Male,Tier-1,1
9.31,78.8,86.6,0,1,5,0,5,2,1.6,4,Mechanical,Male,Tier-2,0
9.2,90.7,67.8,0,1,4,5,1,3,0.3,5,Computer Science,Male,Tier-2,1
8.44,99.0,86.3,0,2,7,5,0,2,0.2,8,Electronics,Male,Tier-3,1
7.67,72.5,88.4,0,0,13,3,6,2,0.7,5,Electronics,Male,Tier-3,0
9.3,82.2,79.0,0,1,5,7,0,4,0.1,2,Civil,Male,Tier-3,0
9.45,54.4,76.8,0,0,12,8,6,2,1.0,7,Information Technology,Female,Tier-3,0
8.35,70.7,82.8,0,0,8,5,0,4,0.0,4,Computer Science,Male,Tier-2,1
7.15,84.9,81.4,0,1,7,9,8,6,1.6,2,Computer Science,Female,Tier-2,1
8.54,75.7,50.8,0,2,5,7,4,0,2.2,1,Information Technology,Male,Tier-3,1
8.01,83.4,80.6,0,1,13,7,5,4,5.0,3,Mechanical,Male,Tier-2,1
9.73,89.2,90.3,0,3,14,1,6,5,0.4,2,Civil,Male,Tier-3,1
9.68,84.7,87.9,0,0,11,3,0,6,0.8,2,Electronics,Female,Tier-1,1
8.56,82.0,79.9,0,0,15,0,7,0,2.0,2,Chemical,Male,Tier-3,0
8.92,80.3,76.9,0,0,8,0,5,5,0.6,6,Electronics,Male,Tier-3,1
9.86,71.2,69.8,0,0,1,5,1,2,0.4,8,Electronics,Male,Tier-2,0
8.97,66.9,73.5,0,0,8,6,0,0,0.1,2,Civil,Female,Tier-2,0
8.75,94.3,84.5,0,0,3,4,0,1,0.5,6,Computer Science,Female,Tier-3,0
8.44,87.5,80.0,0,1,1,7,3,5,0.1,8,Computer Science,Male,Tier-2,1
9.26,68.5,86.7,0,0,9,8,2,1,0.5,5,Electrical,Male,Tier-2,1
8.64,78.8,68.2,0,1,11,3,5,4,0.4,3,Electronics,Male,Tier-2,1
9.74,61.3,89.1,0,2,13,0,7,3,1.0,7,Mechanical,Female,Tier-2,0
9.46,72.3,67.0,0,1,6,5,0,2,0.5,8,Mechanical,Female,Tier-2,0
7.91,84.4,77.6,0,2,15,0,6,6,0.5,8,Mechanical,Male,Tier-1,1
8.73,81.1,67.7,0,2,11,1,7,5,0.3,1,Electronics,Male,Tier-3,0
8.4,79.4,73.7,0,0,13,10,4,6,0.9,3,Mechanical,Male,Tier-1,1
8.34,67.4,99.0,0,1,11,3,7,1,0.5,8,Computer Science,Female,Tier-2,1
9.69,65.0,81.6,4,1,8,3,0,3,3.0,2,Information Technology,Female,Tier-3,1
8.16,89.4,77.9,1,0,11,5,1,4,2.2,8,Electronics,Female,Tier-2,0
7.04,98.3,93.4,1,2,14,7,3,0,0.3,7,Mechanical,Male,Tier-3,0
8.45,84.6,41.7,0,1,10,2,0,2,0.5,5,Information Technology,Female,Tier-2,1
9.0,75.9,72.9,1,0,12,5,4,5,1.0,1,Civil,Male,Tier-3,0
7.28,92.7,68.5,0,1,11,2,2,0,0.0,6,Computer Science,Female,Tier-1,1
7.62,67.9,63.9,0,1,4,1,1,2,0.3,2,Civil,Female,Tier-3,0
9.0,90.6,55.1,0,1,13,3,6,1,0.3,7,Mechanical,Female,Tier-3,1
8.81,70.8,72.2,0,0,2,3,1,3,0.5,6,Computer Science,Male,Tier-3,1
8.98,71.4,84.0,0,1,6,1,8,4,2.2,7,Computer Science,Female,Tier-2,1
7.13,74.0,73.1,0,1,2,10,5,2,0.1,7,Civil,Female,Tier-3,0
8.03,76.8,85.4,0,3,1,2,7,1,0.1,8,Computer Science,Male,Tier-2,1
8.48,89.0,75.9,0,2,15,8,2,5,1.1,2,Information Technology,Female,Tier-1,1
9.36,62.3,90.2,1,1,7,9,4,4,0.5,8,Electrical,Female,Tier-3,0
8.78,70.7,68.5,0,0,14,8,2,2,0.2,4,Information Technology,Male,Tier-2,1
6.96,80.5,50.7,0,0,7,9,8,6,1.2,3,Electronics,Male,Tier-1,1
9.85,84.7,54.5,0,0,6,6,0,1,0.3,7,Computer Science,Male,Tier-2,1
9.38,57.5,68.5,0,1,12,1,7,4,0.8,3,Electronics,Male,Tier-2,1
8.9,68.5,63.6,1,0,2,4,5,0,0.5,3,Mechanical,Male,Tier-1,0
7.55,57.0,67.3,1,1,5,7,6,6,0.4,4,Electronics,Female,Tier-3,0
8.78,69.6,89.8,0,0,1,0,1,3,1.3,5,Civil,Female,Tier-3,0
8.87,72.8,55.5,0,1,2,0,6,3,1.0,5,Civil,Male,Tier-2,0
8.6,84.0,94.6,3,0,13,10,0,5,0.7,5,Electronics,Male,Tier-3,0
8.63,50.5,64.5,2,0,12,10,6,6,0.1,7,Mechanical,Male,Tier-3,0
6.86,85.8,58.8,0,1,5,5,7,6,0.9,6,Information Technology,Female,Tier-2,1
8.34,71.9,73.2,0,1,5,6,1,5,1.2,1,Information Technology,Male,Tier-3,1
6.82,73.9,94.5,0,1,7,6,1,0,1.7,8,Mechanical,Female,Tier-3,0
9.34,89.7,65.7,0,1,15,2,2,3,0.4,8,Mechanical,Male,Tier-3,0
9.81,94.1,67.2,2,2,5,9,3,3,0.3,7,Computer Science,Male,Tier-3,1
9.3,70.1,68.1,0,0,11,3,7,2,1.4,4,Civil,Female,Tier-1,1
8.42,70.1,90.0,0,0,6,8,2,1,0.6,4,Mechanical,Male,Tier-1,1
7.05,73.7,69.2,0,1,2,10,5,0,0.5,5,Information Technology,Male,Tier-1,1
9.87,70.0,80.8,0,3,5,9,7,5,0.2,5,Computer Science,Female,Tier-3,1
8.74,60.8,76.6,0,1,8,3,1,1,0.6,8,Electronics,Male,Tier-2,1
9.03,77.6,73.6,0,1,1,4,3,3,1.3,5,Mechanical,Female,Tier-3,0
8.39,70.1,68.5,0,0,11,5,0,1,0.6,8,Electrical,Male,Tier-3,0
9.28,79.2,99.0,0,1,13,6,7,4,2.1,4,Computer Science,Female,Tier-3,1
9.71,98.5,99.0,0,1,13,4,0,0,0.0,5,Electronics,Female,Tier-2,1
8.73,76.7,63.5,1,1,14,6,8,0,0.2,3,Chemical,Male,Tier-3,0
9.04,68.9,61.1,0,1,10,1,5,6,1.0,5,Electrical,Female,Tier-3,0
9.79,74.7,75.5,0,0,7,6,2,6,1.1,3,Electronics,Male,Tier-2,1
7.6,79.5,45.5,0,0,8,4,7,0,0.3,2,Electronics,Female,Tier-2,0
6.71,76.0,75.6,0,0,15,9,1,2,2.8,8,Electrical,Male,Tier-2,0
8.76,71.2,99.0,0,1,11,4,2,1,0.4,2,Computer Science,Female,Tier-3,1
8.65,58.1,67.2,0,0,13,10,6,1,0.5,4,Chemical,Female,Tier-2,0
9.37,85.6,89.0,1,1,5,5,0,5,3.7,1,Chemical,Female,Tier-2,0
8.2,67.3,94.1,0,1,4,8,8,2,0.7,6,Chemical,Female,Tier-2,0
9.4,95.5,63.8,0,0,1,3,8,0,0.9,2,Chemical,Male,Tier-1,0
7.61,73.6,77.3,0,1,9,4,2,2,0.8,4,Information Technology,Male,Tier-3,1
8.31,71.8,79.6,0,2,2,4,3,2,0.2,4,Computer Science,Male,Tier-3,1
9.34,72.3,84.5,0,1,15,2,1,3,4.8,3,Information Technology,Male,Tier-3,1
9.4,79.8,85.4,0,1,11,2,0,0,0.1,3,Information Technology,Male,Tier-3,1
9.49,67.6,89.6,0,1,14,0,7,5,4.1,5,Information Technology,Female,Tier-3,1
9.76,69.9,64.8,3,0,14,3,8,4,0.6,6,Mechanical,Female,Tier-3,0
8.57,85.5,77.3,0,0,5,8,8,5,0.2,2,Electrical,Female,Tier-3,0
8.93,65.8,94.3,0,0,7,1,4,3,0.2,3,Computer Science,Female,Tier-2,1
9.48,84.6,95.7,0,0,8,9,4,0,1.1,1,Electronics,Female,Tier-2,1
8.2,87.9,77.9,0,1,15,3,4,6,1.2,6,Information Technology,Male,Tier-3,1
8.05,86.0,68.1,0,0,14,8,5,0,2.3,8,Civil,Female,Tier-2,0
8.14,80.8,88.5,0,3,11,8,3,0,0.3,8,Information Technology,Female,Tier-2,1
8.61,56.3,82.0,0,2,10,7,1,1,0.6,4,Computer Science,Female,Tier-3,1
9.8,63.5,81.7,0,1,15,1,1,0,3.5,6,Information Technology,Male,Tier-3,1
6.55,61.7,85.1,0,1,4,10,5,0,0.6,5,Information Technology,Male,Tier-2,0
8.71,73.5,62.6,0,0,10,2,4,4,0.6,3,Civil,Male,Tier-2,0
6.88,78.4,86.0,1,1,1,5,3,0,0.3,3,Electronics,Male,Tier-2,0
7.03,63.7,77.0,1,3,7,1,5,2,2.0,3,Electronics,Female,Tier-2,0
8.37,75.9,89.8,0,0,12,2,3,0,0.5,8,Electronics,Female,Tier-3,1
9.5,86.2,75.3,0,0,13,0,3,0,1.0,6,Electronics,Female,Tier-3,0
8.9,66.0,82.6,3,0,10,3,5,5,0.2,2,Mechanical,Male,Tier-2,0
8.44,68.2,80.9,2,1,11,10,3,0,1.0,7,Electrical,Male,Tier-2,0
9.84,92.2,67.9,0,0,11,5,8,6,2.7,7,Electrical,Male,Tier-1,1
8.57,66.9,63.3,0,1,9,0,6,1,1.5,6,Electronics,Female,Tier-2,0
9.53,82.1,85.5,0,1,1,0,5,3,0.1,3,Civil,Female,Tier-1,0
8.45,92.9,63.9,0,0,14,7,2,1,1.0,6,Electrical,Male,Tier-3,1
7.61,63.8,70.6,1,1,1,6,3,4,0.8,4,Civil,Male,Tier-1,1
9.15,64.7,70.2,0,0,15,6,1,5,0.4,3,Computer Science,Female,Tier-3,0
9.82,75.2,79.8,0,0,15,6,2,5,1.8,7,Mechanical,Male,Tier-3,0
6.62,78.8,83.8,0,0,15,4,0,4,1.6,6,Information Technology,Male,Tier-3,1
7.21,70.3,54.8,0,1,7,3,8,2,1.0,1,Electrical,Male,Tier-3,0
8.74,99.0,65.6,0,2,9,6,2,2,1.4,3,Information Technology,Female,Tier-1,1
8.56,84.5,65.0,0,0,5,10,7,4,0.2,5,Electrical,Female,Tier-2,1
6.94,68.3,72.0,0,0,4,2,3,3,2.5,5,Mechanical,Male,Tier-1,0
9.26,61.6,49.1,0,2,6,8,7,5,1.1,7,Mechanical,Male,Tier-2,1
8.71,77.2,89.7,0,1,9,1,6,3,0.6,7,Electrical,Male,Tier-2,0
7.63,83.3,75.8,0,0,2,0,3,4,0.2,1,Chemical,Male,Tier-3,0
6.92,99.0,73.3,1,1,5,7,6,0,1.1,5,Information Technology,Female,Tier-3,1
8.77,78.9,84.8,0,2,4,5,7,1,0.1,7,Computer Science,Male,Tier-3,1
9.31,75.1,81.7,0,0,13,3,2,1,0.4,2,Mechanical,Male,Tier-3,0
9.15,66.3,81.6,0,0,3,9,4,0,0.9,7,Computer Science,Male,Tier-2,0
9.41,82.4,74.8,1,0,5,8,2,3,1.0,4,Electronics,Male,Tier-1,1
8.54,90.2,76.4,1,1,14,4,6,1,0.0,4,Information Technology,Male,Tier-2,1
8.96,56.6,86.0,0,0,7,10,5,1,0.0,2,Information Technology,Female,Tier-3,1
9.41,78.9,81.9,0,2,13,0,0,2,0.1,5,Computer Science,Female,Tier-2,1
7.42,65.8,97.5,1,1,11,0,4,6,1.5,1,Mechanical,Male,Tier-2,0
8.53,61.7,76.8,0,1,3,6,3,3,0.8,1,Electronics,Male,Tier-1,1
8.12,98.3,83.5,0,0,3,0,1,4,0.9,4,Chemical,Male,Tier-3,0
8.74,88.6,73.4,0,4,14,5,0,4,0.9,7,Information Technology,Male,Tier-2,1
8.16,70.7,79.2,0,1,6,6,6,0,0.0,6,Information Technology,Female,Tier-2,1
9.22,76.1,79.9,0,1,5,10,6,6,0.2,7,Computer Science,Male,Tier-3,1
9.45,74.2,69.2,0,4,3,9,5,1,1.3,1,Mechanical,Male,Tier-3,1
9.39,64.5,66.6,0,2,1,4,4,4,1.0,7,Computer Science,Male,Tier-3,1
9.57,71.5,83.3,5,1,10,2,8,6,0.6,2,Chemical,Male,Tier-3,0
9.09,87.4,80.9,0,1,15,2,1,0,0.0,4,Electrical,Male,Tier-3,0
8.56,71.2,94.1,0,0,2,1,2,6,0.5,3,Mechanical,Male,Tier-3,0
8.86,83.6,75.1,0,2,15,10,8,2,0.3,7,Information Technology,Male,Tier-3,1
9.89,71.3,62.1,0,2,3,0,1,3,1.2,2,Information Technology,Male,Tier-2,1
7.79,63.8,75.1,1,0,4,10,2,1,1.7,2,Computer Science,Female,Tier-1,0
7.64,92.3,85.0,0,1,15,7,5,6,0.7,1,Computer Science,Male,Tier-3,1
8.61,52.4,47.4,1,1,5,8,6,1,0.5,6,Information Technology,Female,Tier-2,1
8.07,99.0,74.9,1,0,10,1,1,0,0.3,8,Electronics,Female,Tier-1,1
8.81,90.0,83.7,1,1,14,3,7,1,0.1,1,Electronics,Male,Tier-3,0
7.93,80.2,78.1,0,0,14,2,8,3,0.5,7,Electrical,Male,Tier-2,1
8.45,72.6,70.3,0,1,15,3,0,4,1.1,1,Electronics,Female,Tier-2,1
7.13,73.6,59.4,0,0,9,3,5,0,1.1,3,Chemical,Male,Tier-3,0
8.58,80.4,74.8,0,1,4,7,3,3,0.5,2,Computer Science,Female,Tier-2,1
8.28,80.2,59.1,0,0,12,10,4,1,3.4,5,Computer Science,Female,Tier-3,1
8.25,66.5,83.8,0,0,9,2,5,4,2.8,4,Information Technology,Male,Tier-3,1
8.04,78.8,75.8,0,0,5,2,5,3,2.1,1,Electrical,Male,Tier-2,0
8.09,81.1,94.4,0,1,13,5,6,4,0.6,8,Computer Science,Female,Tier-1,1
8.93,74.4,49.6,0,0,3,10,8,4,1.4,1,Information Technology,Female,Tier-2,1
8.87,99.0,70.6,0,1,7,2,3,0,2.6,2,Computer Science,Male,Tier-3,1
9.55,76.4,84.5,1,1,8,4,8,6,1.3,3,Civil,Female,Tier-1,1
9.47,56.8,89.9,0,1,9,3,0,6,0.4,1,Information Technology,Female,Tier-3,1
7.24,65.9,85.1,3,1,9,10,8,1,0.1,3,Electronics,Male,Tier-2,1
8.52,86.4,62.6,1,0,6,3,7,2,3.2,3,Civil,Male,Tier-1,1
7.86,69.3,68.7,0,0,15,1,1,2,4.9,7,Computer Science,Male,Tier-2,1
9.35,66.1,45.9,0,0,9,8,6,2,1.2,5,Chemical,Male,Tier-2,1
7.81,94.7,75.6,0,1,3,4,6,6,0.4,3,Information Technology,Male,Tier-1,1
9.06,80.0,90.1,0,1,2,4,1,3,2.0,5,Information Technology,Female,Tier-3,1
9.0,70.8,75.1,0,0,5,6,7,2,3.1,4,Computer Science,Male,Tier-2,1
9.12,44.8,82.5,0,1,7,2,5,6,0.7,3,Electronics,Male,Tier-2,1
9.3,85.4,82.2,0,0,11,5,5,5,0.4,4,Chemical,Male,Tier-3,0
8.58,78.2,70.9,0,0,15,0,4,5,0.5,3,Electronics,Male,Tier-3,0
8.72,93.6,43.4,2,1,7,4,7,1,0.1,5,Electronics,Male,Tier-2,1
9.13,64.9,92.4,0,0,15,4,8,6,0.8,5,Computer Science,Male,Tier-2,1
9.22,73.5,80.6,0,1,11,8,4,2,0.5,8,Information Technology,Male,Tier-2,1
9.42,81.6,58.7,0,3,6,4,0,6,2.2,4,Computer Science,Female,Tier-3,1
8.21,93.1,79.8,0,0,3,7,5,4,0.3,2,Computer Science,Female,Tier-3,0
8.73,81.1,77.6,0,1,14,2,0,6,0.0,2,Electronics,Female,Tier-2,1
7.39,69.5,92.0,0,2,6,10,4,5,1.3,2,Computer Science,Male,Tier-2,1
9.46,93.6,81.1,0,0,15,5,5,4,0.0,3,Electronics,Male,Tier-3,1
7.79,74.3,81.2,0,0,1,1,2,4,0.8,8,Electronics,Male,Tier-2,0
9.32,80.2,77.6,0,0,3,8,0,6,0.2,2,Computer Science,Male,Tier-1,1
8.64,87.0,65.0,2,1,2,5,1,2,0.9,4,Civil,Male,Tier-2,0
9.08,96.8,83.7,0,1,15,4,2,1,0.2,2,Electrical,Female,Tier-1,1
9.65,82.4,74.7,0,1,4,8,2,1,0.7,4,Computer Science,Male,Tier-1,1
8.99,99.0,62.6,0,1,8,0,1,2,0.4,4,Computer Science,Female,Tier-1,1
8.58,76.9,66.4,0,1,3,2,5,1,0.2,6,Information Technology,Male,Tier-3,1
8.97,81.5,60.2,0,0,15,1,6,5,0.9,3,Mechanical,Female,Tier-3,0
9.28,70.6,88.8,0,3,6,8,4,2,0.1,6,Mechanical,Male,Tier-2,0
8.46,81.9,99.0,0,0,10,10,6,1,2.8,8,Mechanical,Male,Tier-2,0
9.73,81.6,90.0,1,0,14,5,2,0,1.5,5,Electronics,Female,Tier-2,1
9.3,90.5,79.9,0,3,1,10,4,0,2.5,3,Information Technology,Male,Tier-2,1
7.91,83.3,74.1,0,2,4,5,2,1,0.0,3,Civil,Male,Tier-1,1
9.41,71.7,71.2,0,1,5,4,3,4,0.0,1,Chemical,Female,Tier-3,0
7.24,81.1,62.2,0,0,5,3,5,5,0.4,2,Electronics,Male,Tier-2,0
8.22,69.9,99.0,0,2,1,3,3,0,1.0,8,Computer Science,Male,Tier-2,1
9.14,84.6,61.6,0,1,15,1,3,5,0.3,2,Electronics,Male,Tier-3,0
7.46,71.3,64.0,0,1,9,6,6,6,0.8,4,Mechanical,Male,Tier-3,0
8.67,61.2,72.5,0,3,5,5,5,3,0.9,5,Civil,Male,Tier-2,0
9.28,64.4,73.5,0,0,9,2,0,5,0.2,8,Mechanical,Male,Tier-2,1
9.2,63.9,82.8,0,1,7,6,7,2,1.5,8,Electrical,Male,Tier-2,1
8.59,71.7,66.2,1,1,5,8,0,3,2.8,6,Chemical,Female,Tier-2,0
9.13,67.8,49.1,0,1,9,9,8,1,1.0,8,Electronics,Male,Tier-3,1
9.74,77.7,72.0,0,0,5,0,3,1,3.0,2,Electronics,Male,Tier-3,0
8.21,73.3,72.9,0,0,10,10,6,6,0.3,2,Information Technology,Male,Tier-2,1
9.6,84.2,71.8,0,1,9,9,4,4,0.0,7,Mechanical,Female,Tier-3,0
8.86,82.6,71.6,0,0,5,7,2,6,0.3,5,Electronics,Male,Tier-1,1
9.07,74.1,70.4,0,0,1,1,7,0,1.0,2,Computer Science,Female,Tier-1,1
9.71,92.9,57.8,0,0,7,0,1,5,0.9,1,Mechanical,Male,Tier-2,0
7.98,66.9,94.0,0,0,5,8,2,0,0.3,7,Civil,Male,Tier-2,0
8.66,90.1,93.3,0,0,5,1,4,5,0.5,2,Computer Science,Male,Tier-3,0
9.16,79.9,93.1,0,0,6,6,4,3,0.5,1,Computer Science,Female,Tier-3,0
7.57,73.3,59.6,0,2,6,6,4,6,3.0,3,Mechanical,Male,Tier-2,1
7.08,91.6,80.2,0,0,7,0,6,0,0.4,3,Computer Science,Male,Tier-3,0
9.42,84.7,69.5,0,1,12,9,7,1,0.2,8,Civil,Female,Tier-2,1
8.55,65.1,68.8,3,1,15,0,7,4,0.8,8,Mechanical,Male,Tier-3,0
9.61,82.4,62.9,0,1,8,6,2,2,0.1,1,Computer Science,Male,Tier-3,1
9.05,82.4,99.0,0,0,1,5,7,3,0.7,6,Civil,Female,Tier-2,0
8.12,90.1,71.8,0,2,10,3,1,5,1.2,8,Electronics,Male,Tier-3,1
8.22,85.0,63.0,0,1,11,2,3,3,2.9,6,Electronics,Male,Tier-2,1
8.39,85.9,76.8,0,0,3,4,1,2,2.2,8,Information Technology,Female,Tier-3,1
7.96,72.7,84.9,0,1,6,4,4,1,1.8,4,Information Technology,Male,Tier-2,1
8.76,75.5,73.2,0,0,1,10,2,3,0.5,1,Electronics,Male,Tier-2,0
6.98,75.0,78.2,0,0,14,2,2,0,2.2,8,Computer Science,Male,Tier-3,0
9.38,58.8,88.0,1,1,5,5,4,0,1.3,7,Civil,Male,Tier-3,0
9.71,93.4,62.6,1,0,5,2,3,0,0.6,8,Civil,Male,Tier-3,0
9.14,64.6,77.3,0,1,10,3,5,4,0.8,4,Mechanical,Female,Tier-3,0
9.02,81.2,66.7,0,3,9,2,4,2,0.6,5,Electronics,Female,Tier-2,1
7.64,74.0,64.9,0,0,11,5,4,1,0.2,5,Information Technology,Female,Tier-3,1
8.72,75.1,97.8,0,0,2,8,2,0,0.6,7,Mechanical,Male,Tier-2,0
9.0,86.1,73.8,1,1,7,2,3,0,1.6,1,Computer Science,Female,Tier-2,1
8.76,68.6,61.2,0,1,9,0,2,4,0.3,8,Information Technology,Male,Tier-1,1
9.26,83.5,73.6,0,1,8,6,2,0,1.0,7,Computer Science,Male,Tier-3,1
9.04,83.6,59.3,0,2,1,4,8,5,0.8,4,Civil,Female,Tier-3,0
9.77,68.7,72.2,0,2,14,3,5,4,2.5,8,Civil,Female,Tier-3,1
9.75,88.9,66.2,0,1,14,2,1,5,1.4,3,Electronics,Female,Tier-2,1
9.47,94.4,81.6,0,0,1,6,0,2,0.4,1,Electronics,Male,Tier-1,1
7.87,99.0,99.0,0,1,12,1,2,3,0.8,1,Electrical,Male,Tier-3,0
7.88,74.9,72.7,1,1,2,10,2,0,2.4,4,Mechanical,Female,Tier-2,0
9.68,80.3,66.7,0,1,1,3,3,0,0.3,5,Mechanical,Female,Tier-2,0
8.86,81.0,76.2,0,0,8,1,3,6,0.6,6,Information Technology,Male,Tier-2,1
7.53,86.0,94.4,0,1,7,9,4,2,0.3,7,Information Technology,Female,Tier-3,1
7.28,99.0,81.7,0,1,6,7,3,3,0.5,3,Computer Science,Male,Tier-2,1
9.02,83.8,73.2,0,0,15,2,1,4,0.1,4,Computer Science,Female,Tier-2,1
7.85,84.2,48.1,4,2,2,4,0,3,2.1,8,Electrical,Male,Tier-2,0
8.21,64.9,74.3,0,2,11,10,6,0,3.8,7,Electrical,Female,Tier-2,1
8.68,99.0,85.1,1,1,9,3,8,2,0.8,4,Computer Science,Male,Tier-3,1
8.97,72.3,87.4,0,1,13,4,8,5,0.8,7,Computer Science,Female,Tier-1,1
9.56,46.1,92.0,0,0,1,3,0,1,3.1,3,Information Technology,Female,Tier-3,1
9.46,50.7,66.2,0,1,1,7,8,2,0.5,6,Chemical,Female,Tier-2,0
8.95,81.9,69.8,0,1,2,5,0,4,1.0,7,Information Technology,Female,Tier-2,1
8.84,62.7,73.4,0,1,7,0,0,4,1.8,6,Electrical,Female,Tier-3,0
9.59,78.6,84.2,0,0,10,4,1,0,0.7,8,Civil,Male,Tier-2,1
9.56,60.1,71.6,0,1,14,0,5,6,0.3,1,Chemical,Male,Tier-3,0
9.9,81.7,81.8,0,2,12,2,8,2,1.7,1,Electronics,Male,Tier-1,1
9.18,84.8,70.0,0,0,1,10,4,1,0.3,2,Electrical,Male,Tier-3,0
8.19,80.1,65.8,0,0,14,5,8,2,1.9,8,Mechanical,Male,Tier-3,0
7.68,69.6,89.4,0,1,3,8,8,4,2.9,7,Electrical,Male,Tier-3,1
8.9,88.5,79.1,2,1,10,2,7,6,0.8,7,Mechanical,Male,Tier-3,0
9.21,73.2,84.7,0,0,8,3,6,2,0.1,7,Electronics,Female,Tier-2,1
6.77,75.7,72.3,0,2,12,9,2,0,3.1,3,Electrical,Male,Tier-3,0
8.57,71.9,85.5,0,0,7,0,2,4,1.8,7,Civil,Female,Tier-2,0
6.97,74.8,61.2,0,2,8,9,3,2,0.1,4,Mechanical,Male,Tier-2,1
8.5,99.0,63.3,0,0,13,1,8,2,1.0,2,Electronics,Male,Tier-3,0
9.48,77.9,87.2,3,0,13,6,2,0,0.4,8,Computer Science,Male,Tier-3,0
9.07,62.8,74.1,0,2,12,7,7,0,0.4,2,Civil,Male,Tier-3,0
6.76,66.5,71.8,1,2,6,0,7,2,0.9,2,Information Technology,Male,Tier-3,1
9.18,74.7,63.0,0,4,8,8,5,6,1.2,8,Information Technology,Male,Tier-1,1
8.03,68.5,85.5,0,0,15,5,1,1,0.0,1,Computer Science,Male,Tier-3,0
7.58,89.4,99.0,2,1,5,0,5,4,0.2,8,Electronics,Female,Tier-2,0
9.56,61.0,82.9,0,0,9,3,3,2,2.3,5,Civil,Female,Tier-1,1
8.14,76.6,69.2,0,0,10,3,6,0,0.7,2,Information Technology,Male,Tier-1,1
7.25,90.1,93.0,1,0,11,6,0,4,0.7,4,Electrical,Male,Tier-2,0
8.35,70.4,79.7,0,0,13,0,2,0,1.8,6,Information Technology,Male,Tier-3,0
8.73,83.3,69.4,0,2,1,9,7,4,0.1,1,Chemical,Female,Tier-2,1
7.23,77.5,91.6,0,0,7,8,0,2,1.3,6,Mechanical,Male,Tier-3,0
8.33,77.6,72.7,0,1,6,0,2,5,0.7,8,Information Technology,Male,Tier-1,1
8.98,84.1,56.2,0,1,8,9,2,5,1.4,5,Chemical,Female,Tier-1,0
9.36,55.7,70.9,1,0,2,2,7,6,1.1,5,Electronics,Female,Tier-2,0
9.83,92.4,81.9,0,4,1,0,0,3,1.1,2,Civil,Female,Tier-1,1
8.45,55.2,65.7,0,0,1,0,4,5,1.9,2,Electronics,Male,Tier-3,0
8.82,91.6,50.7,0,2,14,3,6,3,0.8,1,Computer Science,Male,Tier-1,1
8.01,83.2,94.1,0,3,2,1,3,4,0.5,2,Chemical,Male,Tier-2,0
9.13,83.7,99.0,0,3,5,8,2,6,0.2,7,Information Technology,Male,Tier-2,1
9.55,97.4,68.8,1,1,7,0,5,6,0.4,1,Electrical,Female,Tier-2,1
9.56,92.2,66.8,0,0,15,2,4,6,2.0,5,Electrical,Female,Tier-3,0
9.58,87.8,57.5,0,0,13,1,1,0,0.4,7,Computer Science,Male,Tier-3,1
9.66,74.5,64.3,0,1,9,0,5,0,4.2,8,Computer Science,Female,Tier-1,1
8.52,73.7,55.1,0,0,4,10,2,0,0.9,4,Mechanical,Male,Tier-2,0
7.68,88.1,58.0,0,2,13,8,8,2,1.7,4,Computer Science,Male,Tier-1,1
8.34,83.4,75.0,0,1,9,4,2,4,0.7,8,Information Technology,Female,Tier-3,1
9.02,81.6,54.5,0,0,14,10,8,2,1.1,7,Electronics,Male,Tier-2,1
8.92,77.3,55.9,0,0,11,5,5,3,4.6,3,Computer Science,Female,Tier-3,1
7.9,73.1,77.7,0,0,15,7,7,3,0.7,6,Civil,Male,Tier-3,0
7.13,61.3,67.0,0,1,3,6,8,0,0.3,3,Electronics,Female,Tier-3,0
8.68,85.7,79.6,0,0,12,6,7,0,1.0,3,Information Technology,Male,Tier-3,1
9.28,75.8,70.6,1,1,6,8,1,4,2.5,8,Computer Science,Male,Tier-1,1
8.61,75.0,72.6,2,1,9,2,2,3,0.0,4,Electrical,Female,Tier-2,0
7.85,56.2,85.1,1,0,11,9,7,4,4.9,2,Computer Science,Female,Tier-1,1
8.72,79.1,67.9,1,1,15,7,4,3,0.8,7,Computer Science,Female,Tier-2,1
8.47,61.6,84.2,0,1,14,5,3,1,1.6,1,Chemical,Male,Tier-2,0
9.89,72.8,69.5,1,1,13,7,5,4,0.1,8,Computer Science,Male,Tier-2,1
9.28,87.5,64.3,0,3,1,3,5,1,0.3,4,Computer Science,Male,Tier-3,1
8.79,78.8,61.0,2,0,12,0,6,2,3.8,3,Electrical,Male,Tier-2,1
9.75,76.7,53.5,0,1,4,10,4,6,0.3,3,Mechanical,Female,Tier-3,0
8.11,69.3,58.9,1,2,5,2,0,3,0.5,6,Mechanical,Male,Tier-1,0
8.26,71.4,51.9,0,0,11,9,7,1,0.3,2,Electronics,Female,Tier-2,1
9.01,97.0,62.1,0,1,6,2,0,2,0.6,3,Computer Science,Female,Tier-2,1
9.76,87.4,85.7,0,1,11,0,3,4,0.2,3,Information Technology,Male,Tier-3,1
7.51,72.5,74.9,1,1,8,4,2,1,0.7,1,Mechanical,Male,Tier-3,0
9.31,76.7,70.0,0,0,12,5,2,1,0.4,2,Electronics,Male,Tier-2,0
9.04,81.0,66.0,4,1,2,8,5,2,1.7,5,Mechanical,Female,Tier-2,0
7.95,83.3,73.9,0,0,6,7,7,6,0.5,5,Computer Science,Male,Tier-3,1
9.84,77.7,75.4,0,1,7,3,4,1,1.6,3,Mechanical,Female,Tier-2,1
9.13,56.8,60.5,0,1,6,5,5,2,1.0,3,Electronics,Male,Tier-2,1
8.84,77.6,81.0,0,1,14,2,5,5,2.5,7,Chemical,Male,Tier-3,0
9.11,76.9,70.8,0,1,4,0,0,3,1.7,1,Electrical,Female,Tier-2,0
9.39,99.0,78.9,0,0,6,8,6,3,2.3,5,Electronics,Male,Tier-3,1
7.75,99.0,74.6,0,0,4,7,0,3,0.7,2,Electronics,Female,Tier-2,0
8.81,85.7,56.6,0,0,9,5,6,1,2.4,2,Computer Science,Male,Tier-3,1
9.71,69.9,91.9,0,0,13,2,7,1,0.2,4,Chemical,Male,Tier-3,0
8.01,86.1,74.9,1,1,1,10,3,0,0.1,6,Mechanical,Male,Tier-3,0
9.21,57.6,70.2,0,1,12,4,7,0,0.7,4,Electronics,Male,Tier-2,1
8.32,71.6,82.6,0,0,9,8,5,2,1.7,2,Civil,Female,Tier-2,0
8.84,58.5,60.0,0,2,11,6,5,1,0.2,4,Mechanical,Female,Tier-3,0
7.69,84.6,54.5,1,1,4,1,8,2,3.5,6,Electronics,Female,Tier-1,1
8.4,63.5,82.2,0,0,3,5,5,4,0.2,6,Electronics,Male,Tier-3,0
8.49,74.6,89.9,0,0,11,8,4,6,1.2,1,Electrical,Female,Tier-3,0
8.8,77.5,78.7,0,1,5,10,5,1,2.5,3,Civil,Female,Tier-3,0
8.15,77.7,85.5,3,0,3,10,7,5,3.4,2,Information Technology,Female,Tier-1,1
8.91,72.3,58.5,0,2,1,9,8,4,1.1,5,Mechanical,Male,Tier-1,1
8.02,82.0,70.3,0,1,8,0,7,1,0.9,5,Computer Science,Male,Tier-2,1
9.03,62.9,66.4,0,2,9,4,7,3,0.1,7,Electrical,Female,Tier-2,1
9.28,98.9,88.4,3,0,6,8,6,2,0.0,2,Mechanical,Male,Tier-2,0
7.84,65.6,81.4,0,1,2,2,0,5,4.3,4,Chemical,Female,Tier-2,0
9.52,78.5,88.4,0,2,13,2,3,0,0.3,4,Information Technology,Female,Tier-3,1
8.45,85.5,67.0,0,0,6,9,3,3,0.1,7,Information Technology,Male,Tier-3,0
8.6,86.2,60.3,3,0,6,8,2,5,0.8,7,Civil,Female,Tier-1,1
9.54,87.3,92.3,0,1,6,2,3,0,0.4,7,Information Technology,Male,Tier-3,1
9.35,58.9,75.3,0,3,10,10,1,1,0.4,2,Information Technology,Male,Tier-3,1
9.06,67.0,88.8,0,1,11,8,2,4,0.4,2,Electrical,Male,Tier-2,1
7.21,79.6,74.2,0,1,14,9,2,4,0.3,2,Electronics,Female,Tier-1,1
9.13,83.8,99.0,0,1,12,2,0,5,3.4,1,Information Technology,Male,Tier-3,1
7.11,93.1,90.3,0,0,9,7,6,6,0.3,8,Information Technology,Female,Tier-2,1
7.5,71.8,72.9,1,1,4,9,3,3,0.8,5,Mechanical,Female,Tier-2,0
7.43,67.1,75.3,0,0,2,8,7,0,0.3,1,Computer Science,Female,Tier-2,1
9.32,71.4,75.3,0,0,8,2,8,5,1.4,6,Chemical,Female,Tier-3,0
8.45,99.0,60.2,2,2,6,0,1,2,0.3,7,Electronics,Female,Tier-2,0
9.4,96.0,68.7,0,1,15,8,1,2,1.0,7,Civil,Male,Tier-3,0
7.78,76.0,67.7,0,4,15,6,1,6,1.8,1,Mechanical,Female,Tier-2,1
8.71,93.4,78.0,0,0,15,5,7,2,0.3,3,Mechanical,Male,Tier-3,0
7.94,71.1,64.4,1,0,10,3,1,0,1.6,1,Information Technology,Male,Tier-2,0
9.37,89.5,73.0,1,2,1,4,5,4,0.1,7,Computer Science,Male,Tier-3,1
8.11,61.5,70.2,0,0,15,6,4,4,0.1,6,Mechanical,Female,Tier-3,0
8.23,82.3,76.0,0,0,6,8,8,3,0.5,5,Chemical,Male,Tier-3,0
9.34,90.2,94.1,0,1,2,5,1,6,0.5,4,Electronics,Male,Tier-3,1
8.92,74.1,89.2,2,0,4,3,0,0,0.7,5,Chemical,Female,Tier-3,0
8.73,85.4,58.0,0,4,2,3,1,1,0.0,7,Electronics,Female,Tier-1,0
8.05,71.3,74.3,0,1,4,9,4,6,0.1,2,Computer Science,Male,Tier-3,1
9.15,81.6,71.1,0,2,7,2,7,1,0.0,6,Computer Science,Male,Tier-2,1
8.41,72.2,66.6,0,2,8,1,7,2,3.1,8,Electrical,Male,Tier-2,1
9.02,87.8,99.0,0,0,14,3,1,5,0.4,2,Mechanical,Female,Tier-2,0
9.41,62.8,68.2,0,1,3,5,4,5,1.2,2,Information Technology,Male,Tier-1,1
9.42,65.8,69.1,5,0,14,0,1,5,0.9,1,Civil,Male,Tier-2,0
9.79,93.7,97.8,1,0,13,1,6,4,1.3,6,Mechanical,Male,Tier-1,0
9.24,48.5,87.6,0,2,1,7,7,4,2.1,3,Electrical,Female,Tier-1,1
8.83,70.3,69.2,0,0,10,2,4,6,0.3,8,Chemical,Female,Tier-2,0
9.71,76.3,84.9,0,0,15,0,0,0,0.6,4,Mechanical,Male,Tier-1,1
7.0,82.2,71.9,1,0,14,1,6,0,0.4,1,Chemical,Male,Tier-3,0
9.02,72.3,72.8,1,0,1,2,2,3,0.1,7,Electronics,Female,Tier-1,0
8.89,64.5,64.5,0,1,10,1,1,0,0.0,2,Civil,Male,Tier-3,0
9.34,92.7,43.4,0,1,15,3,5,3,1.4,5,Electrical,Female,Tier-1,1
6.57,90.6,56.5,0,1,11,3,1,2,0.1,7,Computer Science,Male,Tier-2,1
8.12,73.4,60.6,3,2,7,10,7,2,0.0,2,Electrical,Female,Tier-2,0
8.93,56.5,80.4,0,0,15,9,2,4,0.6,5,Information Technology,Female,Tier-3,1
9.26,81.7,77.0,1,0,12,1,1,6,0.4,4,Information Technology,Female,Tier-2,0
9.47,80.2,89.1,1,0,1,0,7,6,0.1,2,Civil,Male,Tier-3,0
8.8,70.0,59.4,0,1,3,2,5,6,0.1,8,Computer Science,Male,Tier-3,1
9.65,54.5,98.2,1,1,11,3,3,4,2.4,6,Computer Science,Male,Tier-1,1
8.65,74.7,97.0,0,3,5,10,4,4,2.8,6,Information Technology,Female,Tier-1,1
9.48,87.2,75.5,0,1,11,5,6,1,0.7,4,Mechanical,Male,Tier-3,0
8.01,89.0,66.1,0,0,5,4,3,3,1.9,2,Chemical,Female,Tier-3,0
9.82,77.5,66.8,0,0,15,1,6,5,1.6,7,Information Technology,Female,Tier-2,1
8.94,70.5,77.6,0,1,11,3,5,5,0.9,2,Civil,Male,Tier-3,0
9.62,86.8,99.0,0,1,15,5,4,2,1.4,5,Computer Science,Male,Tier-2,1
8.89,64.4,73.8,0,0,4,3,2,3,2.7,3,Civil,Male,Tier-3,0
9.69,61.7,54.4,2,1,8,10,0,1,0.8,6,Civil,Female,Tier-3,0
7.9,76.9,99.0,2,2,3,10,7,1,0.7,5,Electronics,Female,Tier-2,0
9.37,96.6,69.8,0,1,8,6,6,2,0.0,1,Electrical,Male,Tier-2,1
9.82,97.0,93.9,0,1,6,5,5,2,0.8,7,Computer Science,Male,Tier-2,1
8.99,62.2,83.1,0,1,4,5,3,4,1.7,7,Civil,Male,Tier-2,1
9.22,72.8,73.1,0,0,10,9,4,1,1.4,7,Computer Science,Male,Tier-2,1
8.56,99.0,87.6,0,0,11,1,4,4,1.0,4,Electrical,Female,Tier-1,1
7.51,69.7,65.4,0,0,15,10,1,2,0.0,4,Computer Science,Female,Tier-1,1
7.08,97.4,71.2,0,0,3,6,5,5,2.6,3,Computer Science,Male,Tier-2,1
9.5,89.7,68.1,0,2,10,8,4,1,0.6,2,Information Technology,Male,Tier-3,1
8.72,92.3,72.4,1,0,15,5,0,1,0.8,4,Computer Science,Male,Tier-2,1
8.05,72.6,82.1,0,1,13,7,8,0,0.5,7,Mechanical,Female,Tier-2,0
9.51,73.0,82.0,0,1,12,5,6,1,0.4,3,Electronics,Male,Tier-2,1
9.59,67.1,54.8,0,1,10,5,1,4,0.7,1,Computer Science,Male,Tier-2,1
9.91,87.6,68.0,0,1,2,3,5,0,0.7,4,Electrical,Male,Tier-1,1
9.75,58.4,70.3,0,1,6,5,0,6,0.4,7,Information Technology,Male,Tier-2,1
9.53,76.0,82.6,1,1,15,9,1,1,1.6,1,Information Technology,Male,Tier-1,1
6.74,97.6,56.8,1,2,1,3,6,0,0.1,6,Mechanical,Male,Tier-1,0
9.15,85.1,84.2,0,0,10,9,2,1,0.1,5,Information Technology,Female,Tier-1,1
6.66,90.0,60.4,1,0,8,5,6,3,0.1,4,Computer Science,Male,Tier-3,1
8.98,58.3,78.2,0,1,13,0,5,5,0.8,4,Electronics,Male,Tier-2,1
9.51,66.1,89.5,0,0,5,6,4,6,0.5,2,Computer Science,Male,Tier-1,1
9.08,92.2,59.1,0,1,13,1,8,4,0.6,1,Mechanical,Female,Tier-1,1
9.39,79.5,78.1,0,4,7,5,4,4,0.9,5,Electrical,Female,Tier-3,0
7.93,65.5,72.6,0,1,12,8,4,6,0.4,3,Information Technology,Male,Tier-3,1
7.11,85.5,62.3,1,2,12,9,7,0,0.2,5,Civil,Male,Tier-2,0
6.92,71.6,59.1,0,0,7,2,6,3,0.4,4,Computer Science,Male,Tier-2,1
8.57,99.0,65.8,0,0,11,3,0,0,5.0,8,Computer Science,Male,Tier-2,1
8.12,85.2,64.5,0,1,10,4,1,0,3.1,6,Mechanical,Female,Tier-2,1
9.17,66.9,72.3,0,2,6,7,3,2,3.1,8,Computer Science,Male,Tier-3,1
9.11,88.6,69.5,0,1,5,9,8,0,0.0,1,Computer Science,Female,Tier-3,1
8.3,97.4,80.5,0,2,2,5,6,1,0.1,4,Electronics,Male,Tier-2,0
7.73,77.9,85.5,0,3,15,7,1,2,0.0,3,Computer Science,Male,Tier-2,1
9.18,68.8,55.1,0,1,3,2,7,2,1.7,3,Electronics,Female,Tier-2,0
7.66,78.5,71.7,0,0,15,2,0,6,4.8,4,Mechanical,Male,Tier-3,0
9.45,70.6,62.7,0,1,3,8,7,0,0.8,6,Computer Science,Female,Tier-1,1
7.76,74.9,60.9,0,4,5,5,4,2,1.2,7,Electrical,Male,Tier-2,1
9.33,61.3,54.6,0,0,2,7,0,4,0.4,4,Computer Science,Male,Tier-3,1
9.34,88.5,53.6,0,1,11,3,2,5,1.4,4,Computer Science,Male,Tier-2,1
8.16,64.2,68.3,0,1,1,4,6,2,1.1,1,Electrical,Female,Tier-1,0
8.82,85.3,80.1,0,0,4,8,6,2,1.6,2,Mechanical,Female,Tier-3,0
9.52,74.4,80.1,0,1,10,6,7,6,0.7,3,Electronics,Female,Tier-2,1
9.17,80.7,61.3,0,0,13,4,3,1,0.2,1,Information Technology,Female,Tier-3,1
8.53,72.3,60.0,2,2,3,6,5,4,0.6,3,Civil,Male,Tier-3,0
9.16,80.4,78.1,2,1,11,10,6,2,0.4,4,Electronics,Male,Tier-2,1
7.68,83.2,69.4,0,2,3,8,7,1,1.2,3,Information Technology,Female,Tier-3,0
8.86,73.8,86.6,0,0,12,2,2,4,0.1,6,Civil,Female,Tier-1,1
8.45,57.2,60.6,0,0,10,2,4,2,0.4,6,Civil,Male,Tier-1,1
7.43,82.0,50.8,0,2,11,3,7,0,0.0,6,Chemical,Male,Tier-3,0
9.57,82.7,83.0,0,0,6,10,5,2,1.7,5,Chemical,Male,Tier-2,0
9.13,60.8,50.4,0,0,12,9,0,5,0.5,3,Computer Science,Female,Tier-2,1
8.35,66.2,56.2,0,0,9,6,1,4,1.5,6,Information Technology,Female,Tier-1,1
9.21,73.8,66.3,0,1,10,4,2,5,0.1,5,Computer Science,Male,Tier-1,1
9.5,50.5,71.3,2,0,13,4,6,2,0.2,1,Computer Science,Female,Tier-3,0
6.85,86.5,82.8,0,1,10,3,2,5,1.9,1,Electrical,Female,Tier-2,0
8.5,72.1,61.8,0,1,11,7,8,4,0.9,7,Chemical,Female,Tier-3,0
9.81,81.5,92.1,1,1,15,2,8,0,0.0,6,Chemical,Male,Tier-2,0
9.51,65.3,55.3,0,2,13,1,7,2,2.4,7,Mechanical,Female,Tier-3,0
7.44,99.0,70.2,2,0,14,3,8,4,4.1,5,Electronics,Male,Tier-2,0
9.68,61.0,85.8,0,1,2,7,7,6,1.1,3,Mechanical,Male,Tier-2,1
8.92,72.0,86.5,3,0,5,3,8,5,1.3,6,Civil,Male,Tier-2,0
8.1,92.4,36.6,3,2,2,7,3,1,0.1,8,Computer Science,Male,Tier-3,1
7.24,64.2,99.0,0,3,6,4,3,5,1.5,1,Information Technology,Male,Tier-3,1
9.01,79.1,70.8,1,0,1,8,4,2,0.1,3,Electronics,Male,Tier-2,1
8.61,85.5,78.6,0,0,1,1,6,5,2.2,2,Electrical,Male,Tier-2,0
7.75,59.9,70.7,0,0,9,7,8,6,0.7,6,Computer Science,Male,Tier-3,1
8.25,70.0,99.0,0,2,10,6,3,5,0.2,2,Mechanical,Female,Tier-2,1
8.27,80.3,91.8,0,1,5,1,6,5,0.1,6,Electrical,Male,Tier-3,1
8.53,83.4,99.0,0,2,9,4,5,0,0.6,5,Civil,Male,Tier-2,0
9.1,68.1,81.2,0,0,12,5,8,1,0.0,5,Computer Science,Male,Tier-2,1
7.35,99.0,86.9,0,1,12,8,8,5,3.3,8,Mechanical,Male,Tier-3,1
7.28,83.8,61.4,0,1,8,10,8,2,0.2,3,Computer Science,Female,Tier-3,0
8.81,87.3,71.6,3,2,9,7,4,4,0.5,2,Electronics,Male,Tier-3,0
9.78,86.6,86.9,0,0,9,6,2,6,0.9,2,Electronics,Female,Tier-1,1
9.58,59.2,79.1,0,0,8,10,5,3,1.1,5,Chemical,Male,Tier-2,0
8.61,76.6,76.4,0,2,3,0,1,5,0.8,4,Computer Science,Male,Tier-3,1
8.57,77.8,64.9,1,0,7,9,6,1,0.2,3,Computer Science,Female,Tier-3,0
8.85,74.9,90.2,0,1,4,2,6,4,0.6,3,Mechanical,Female,Tier-1,0
9.55,80.5,90.0,0,1,8,0,1,1,0.4,1,Information Technology,Female,Tier-3,1
8.72,52.7,88.5,0,0,7,9,5,6,0.1,5,Mechanical,Male,Tier-3,0
9.79,79.5,78.8,0,0,12,5,3,2,0.5,1,Chemical,Female,Tier-3,0
8.24,74.4,75.1,0,1,9,2,6,0,0.9,4,Information Technology,Male,Tier-3,1
7.1,52.6,89.6,0,0,8,1,7,5,0.1,1,Computer Science,Male,Tier-1,1
8.94,83.1,87.2,0,0,14,9,0,0,0.2,4,Electronics,Male,Tier-2,0
9.19,63.8,63.4,0,1,3,1,4,5,0.1,1,Information Technology,Male,Tier-2,1
9.29,73.4,79.1,0,4,5,7,8,5,0.0,5,Civil,Female,Tier-2,1
8.34,74.9,83.6,0,1,3,0,1,1,2.8,4,Electronics,Male,Tier-3,0
9.79,55.8,66.2,0,2,11,8,3,3,1.8,3,Electrical,Female,Tier-2,1
9.64,57.2,86.7,0,3,12,6,7,2,0.3,5,Civil,Female,Tier-3,0
7.79,84.5,84.3,0,2,9,0,4,4,0.9,5,Electrical,Male,Tier-1,0
7.37,70.8,69.6,0,4,1,4,7,2,1.6,8,Information Technology,Male,Tier-2,1
8.73,73.3,57.4,0,1,7,4,0,3,0.5,7,Electrical,Female,Tier-3,0
6.79,78.9,82.6,0,1,9,1,6,6,1.3,7,Electrical,Male,Tier-1,1
9.78,56.9,99.0,0,1,3,0,5,6,2.0,8,Mechanical,Male,Tier-2,1
8.92,73.1,78.3,0,2,7,6,1,4,0.7,6,Electrical,Male,Tier-2,0
7.16,76.7,83.3,1,1,7,8,6,3,2.2,2,Computer Science,Female,Tier-3,1
9.21,99.0,59.9,0,1,11,7,2,2,0.2,3,Civil,Male,Tier-3,0
8.39,67.0,74.4,1,0,14,6,3,2,2.3,1,Computer Science,Male,Tier-2,1
9.2,87.5,73.6,0,2,2,3,5,1,1.6,7,Information Technology,Female,Tier-3,1
9.39,78.0,63.5,0,1,5,9,2,5,1.8,5,Mechanical,Male,Tier-2,1
8.94,64.4,80.7,0,0,10,6,0,6,0.0,1,Computer Science,Male,Tier-2,1
9.33,70.4,80.2,0,1,14,7,0,3,1.1,5,Computer Science,Female,Tier-3,1
9.4,88.4,71.2,0,0,13,8,5,0,0.5,3,Computer Science,Female,Tier-2,1
8.57,87.3,74.8,2,0,7,8,3,3,0.9,5,Electronics,Female,Tier-3,0
8.0,71.8,99.0,0,0,2,4,6,3,0.1,7,Computer Science,Male,Tier-3,1
8.28,82.1,66.9,0,0,10,4,8,6,0.3,1,Electrical,Male,Tier-2,0
7.45,65.6,60.3,1,0,10,5,7,4,0.4,1,Mechanical,Male,Tier-2,0
8.07,75.9,60.0,0,1,2,7,2,5,1.3,3,Electronics,Male,Tier-2,0
9.28,72.8,78.2,0,2,11,2,6,4,0.8,7,Computer Science,Male,Tier-1,1
9.46,89.2,41.9,5,1,13,2,0,6,0.0,8,Computer Science,Male,Tier-2,1
9.73,83.6,68.4,0,1,6,10,1,1,0.4,1,Computer Science,Female,Tier-3,1
8.95,69.9,62.4,0,2,2,4,8,0,2.8,4,Computer Science,Female,Tier-2,1
9.11,71.1,74.3,0,0,10,10,7,6,0.2,5,Mechanical,Male,Tier-3,1
8.07,77.7,74.3,0,1,14,0,6,2,0.3,8,Electronics,Male,Tier-3,1
6.75,76.1,79.5,0,0,1,4,1,0,0.4,4,Information Technology,Male,Tier-3,0
8.54,74.6,83.0,0,1,3,8,1,0,0.3,2,Information Technology,Male,Tier-3,1
8.74,73.8,89.8,0,0,12,4,6,0,0.1,7,Electronics,Female,Tier-1,1
8.46,94.6,70.4,0,3,1,6,6,6,0.4,2,Electronics,Male,Tier-2,1
9.13,72.6,66.3,3,0,6,9,5,1,0.8,8,Computer Science,Female,Tier-2,1
8.76,81.6,86.1,1,1,4,8,4,1,1.1,6,Electronics,Male,Tier-3,0
8.03,99.0,53.4,0,0,2,7,5,6,1.0,6,Computer Science,Female,Tier-3,0
8.98,67.8,84.8,0,1,13,4,8,0,0.2,7,Electrical,Male,Tier-3,0
9.23,80.3,76.9,0,1,15,1,3,2,1.0,8,Mechanical,Male,Tier-2,1
9.25,80.9,80.8,0,0,12,4,0,2,0.4,5,Computer Science,Female,Tier-3,0
8.97,77.9,79.7,1,0,7,9,8,6,1.7,1,Information Technology,Male,Tier-1,1
9.31,78.5,76.8,3,0,7,7,7,2,0.5,8,Chemical,Male,Tier-2,0
7.65,67.5,77.3,0,1,8,10,1,1,3.8,3,Computer Science,Male,Tier-2,1
8.61,82.3,60.6,0,0,12,0,3,4,1.0,2,Computer Science,Male,Tier-2,1
7.25,56.0,66.5,0,1,12,9,2,6,0.6,7,Electronics,Female,Tier-3,0
9.2,99.0,98.1,0,1,7,3,2,2,0.7,1,Information Technology,Female,Tier-3,1
9.22,98.6,83.7,0,0,13,0,5,4,0.2,7,Chemical,Male,Tier-1,1
8.86,74.0,88.8,0,0,1,4,6,0,1.1,6,Electronics,Female,Tier-3,1
7.6,90.6,70.5,1,2,3,1,7,6,3.3,3,Chemical,Male,Tier-2,0
8.88,74.5,76.0,0,1,13,1,6,2,0.7,5,Information Technology,Male,Tier-2,1
9.23,78.1,81.8,0,0,1,6,8,0,4.9,1,Information Technology,Female,Tier-2,1
9.14,69.8,90.7,0,1,2,3,1,0,0.2,8,Information Technology,Male,Tier-3,1
8.34,87.8,73.0,3,2,1,1,3,5,1.0,8,Mechanical,Male,Tier-3,0
8.36,71.0,81.2,0,0,12,10,1,6,1.1,4,Electronics,Male,Tier-2,1
7.8,87.4,84.2,0,1,9,2,2,3,0.4,5,Electronics,Male,Tier-3,0
7.71,77.5,87.2,1,0,7,2,0,0,0.4,2,Computer Science,Male,Tier-1,0
9.57,77.8,72.4,0,0,9,1,7,0,2.9,5,Information Technology,Male,Tier-2,1
9.77,60.1,91.7,0,0,15,6,4,5,0.9,5,Information Technology,Male,Tier-2,1
7.27,78.7,56.5,0,1,8,0,4,1,1.5,3,Electrical,Male,Tier-2,0
8.57,64.2,60.3,0,1,10,8,7,0,1.3,8,Civil,Male,Tier-3,0
9.25,78.7,81.2,0,1,2,4,8,2,0.9,7,Computer Science,Male,Tier-3,1
9.45,99.0,80.9,0,0,1,3,8,6,0.0,2,Computer Science,Male,Tier-1,1
7.06,61.3,71.9,0,1,5,2,8,6,1.1,6,Computer Science,Female,Tier-2,1
8.93,76.2,69.3,0,0,7,2,1,1,0.4,3,Computer Science,Female,Tier-3,1
9.32,70.4,69.4,0,1,2,2,6,3,0.6,5,Chemical,Male,Tier-1,0
7.65,65.5,63.3,1,0,4,0,6,3,1.9,7,Civil,Male,Tier-1,0
9.4,68.5,74.4,0,2,7,1,3,0,3.5,7,Computer Science,Female,Tier-3,1
9.09,95.6,54.8,0,0,13,10,4,4,1.2,1,Computer Science,Male,Tier-2,1
8.91,98.8,89.7,0,1,14,6,5,3,0.3,4,Mechanical,Male,Tier-3,0
7.8,65.4,80.0,0,1,9,2,6,3,0.4,4,Information Technology,Male,Tier-3,1
9.67,82.8,91.8,0,1,6,5,1,5,0.1,8,Computer Science,Female,Tier-3,1
9.55,67.0,77.1,0,2,7,3,1,3,0.9,3,Electronics,Female,Tier-1,0
6.62,69.9,74.5,0,0,8,9,1,2,2.7,7,Computer Science,Male,Tier-2,0
8.94,53.4,76.6,1,1,12,4,4,4,1.7,1,Information Technology,Female,Tier-3,1
7.99,99.0,65.9,0,0,12,7,5,6,0.8,4,Computer Science,Male,Tier-2,0
8.57,91.2,58.8,1,0,8,1,5,0,2.8,1,Information Technology,Male,Tier-3,1
7.97,70.2,62.2,0,3,13,9,2,5,2.3,6,Information Technology,Male,Tier-1,1
7.9,81.4,69.5,0,0,9,4,3,5,0.4,6,Information Technology,Female,Tier-2,1
8.18,73.2,63.5,0,0,12,1,6,6,0.8,3,Computer Science,Male,Tier-1,1
8.09,89.4,92.5,0,0,14,8,6,5,0.4,2,Electronics,Female,Tier-3,0
9.56,73.9,65.8,0,1,15,1,5,0,0.0,1,Electronics,Female,Tier-2,0
8.87,75.7,80.1,0,2,14,0,0,1,0.6,1,Mechanical,Female,Tier-3,0
8.52,70.1,82.6,0,0,10,3,5,2,1.4,2,Computer Science,Male,Tier-1,1
9.35,85.2,91.1,0,1,2,6,0,5,1.0,5,Chemical,Female,Tier-1,1
7.03,99.0,83.9,0,1,13,1,4,4,2.6,5,Computer Science,Female,Tier-1,1
9.1,74.6,72.7,0,0,15,10,5,1,1.2,7,Civil,Female,Tier-2,1
9.55,74.5,97.2,0,1,15,9,6,4,0.2,5,Computer Science,Female,Tier-2,1
8.07,77.7,58.8,0,1,7,8,7,6,0.3,3,Electronics,Male,Tier-1,1
8.66,81.1,62.8,1,0,2,0,8,3,0.1,5,Information Technology,Female,Tier-3,1
8.63,74.4,77.9,0,2,7,0,5,4,1.6,3,Information Technology,Male,Tier-3,1
9.55,73.3,76.1,0,0,11,7,6,5,3.0,2,Electronics,Male,Tier-2,1
8.39,79.0,85.6,0,0,9,4,3,1,0.3,7,Computer Science,Female,Tier-2,1
8.79,57.0,77.1,0,4,4,8,6,2,1.5,1,Electronics,Female,Tier-1,1
9.9,71.4,79.8,0,1,12,7,0,5,0.6,4,Information Technology,Male,Tier-2,1
9.52,54.0,88.0,0,2,5,5,2,6,0.4,4,Chemical,Male,Tier-3,0
8.87,72.1,76.8,0,1,5,3,0,2,4.3,3,Computer Science,Male,Tier-3,1
8.71,66.6,83.8,0,1,12,5,7,3,0.4,3,Civil,Female,Tier-3,0
9.39,85.5,65.2,0,1,2,1,2,0,1.1,7,Electronics,Male,Tier-3,0
8.49,69.2,66.0,0,0,13,4,6,1,1.2,6,Computer Science,Male,Tier-2,1
8.53,73.6,86.5,0,1,3,9,1,0,1.5,1,Computer Science,Female,Tier-1,1
8.15,52.2,76.6,0,1,13,2,4,6,2.0,7,Electrical,Male,Tier-2,1
8.59,90.3,77.2,0,3,10,2,2,6,0.8,8,Civil,Female,Tier-2,0
8.15,65.0,66.0,0,1,1,0,2,6,0.9,2,Computer Science,Male,Tier-2,1
9.32,72.2,69.7,0,0,3,10,4,3,1.2,8,Computer Science,Male,Tier-1,1
9.94,87.3,78.7,0,1,5,7,7,4,0.2,7,Computer Science,Male,Tier-2,1
6.21,87.4,71.1,0,0,9,9,1,4,0.2,7,Electronics,Male,Tier-1,0
8.83,64.7,63.8,0,1,1,2,3,3,1.4,1,Mechanical,Male,Tier-2,1
7.8,84.3,63.9,1,1,6,0,3,2,0.1,6,Information Technology,Female,Tier-3,0
8.91,64.2,66.7,0,0,12,3,4,1,1.2,3,Information Technology,Male,Tier-1,1
9.37,80.8,70.6,0,3,2,0,5,3,0.0,1,Computer Science,Male,Tier-3,1
7.68,68.6,71.4,0,3,12,0,8,3,0.4,3,Electronics,Female,Tier-2,1
8.86,65.8,95.4,4,3,6,0,4,1,1.1,4,Computer Science,Male,Tier-3,1
8.21,78.4,87.0,0,0,10,1,7,5,1.2,1,Computer Science,Female,Tier-3,1
7.96,69.3,78.9,0,1,6,0,4,2,1.0,2,Civil,Male,Tier-2,0
9.55,99.0,99.0,0,3,1,5,2,2,0.6,4,Electronics,Female,Tier-2,1
9.8,70.6,73.5,0,1,5,6,5,1,0.3,8,Civil,Female,Tier-2,0
9.43,63.7,81.2,0,0,10,0,3,0,1.0,2,Computer Science,Female,Tier-3,1
8.74,67.2,79.3,0,2,2,9,4,5,0.2,2,Civil,Male,Tier-1,0
7.27,77.8,81.1,0,2,1,0,7,4,0.1,8,Electrical,Male,Tier-2,1
9.1,79.3,65.3,2,1,11,10,3,1,0.0,3,Electronics,Female,Tier-3,0
9.92,81.7,71.0,3,0,9,9,6,2,0.3,2,Computer Science,Male,Tier-3,1
8.65,88.9,64.5,0,0,6,8,2,5,0.0,6,Computer Science,Male,Tier-2,1
8.7,57.9,80.3,0,1,1,8,3,0,0.3,5,Computer Science,Male,Tier-1,1
7.59,89.5,75.0,1,1,10,0,7,3,0.3,2,Computer Science,Female,Tier-2,1
6.76,67.0,50.5,1,1,9,10,7,3,0.4,1,Chemical,Male,Tier-2,0
9.1,82.8,81.7,1,0,12,7,8,3,1.2,6,Civil,Male,Tier-2,1
9.81,98.7,77.8,0,0,9,2,3,4,0.6,3,Information Technology,Male,Tier-3,1
8.12,68.4,97.2,0,0,13,6,3,5,4.2,3,Civil,Male,Tier-2,0
9.26,67.9,87.1,0,0,7,0,4,6,2.9,6,Civil,Male,Tier-2,0
8.6,65.7,89.5,1,1,9,6,4,2,4.0,5,Information Technology,Male,Tier-2,1
8.91,73.9,60.3,0,0,1,10,2,0,0.5,3,Computer Science,Male,Tier-2,1
6.67,93.2,89.5,0,1,15,0,0,2,0.0,3,Computer Science,Female,Tier-3,1
8.62,64.6,72.5,0,1,13,2,0,5,2.0,4,Information Technology,Male,Tier-2,1
8.84,72.1,66.0,0,0,3,6,7,4,0.6,4,Computer Science,Male,Tier-2,1
8.86,89.7,44.5,1,2,8,0,3,4,1.0,7,Computer Science,Male,Tier-3,1
7.35,85.5,92.1,0,1,3,8,1,5,1.9,4,Information Technology,Male,Tier-1,1
9.11,72.0,71.3,0,1,8,4,5,1,0.9,5,Computer Science,Female,Tier-3,1
9.45,75.5,73.4,5,2,3,1,8,5,1.3,6,Computer Science,Male,Tier-3,1
8.12,89.0,79.2,0,0,4,3,4,6,0.3,7,Information Technology,Female,Tier-3,1
9.41,97.0,99.0,1,1,13,7,2,2,0.2,3,Mechanical,Male,Tier-2,0
8.61,98.4,72.1,0,0,12,3,3,6,0.8,8,Electronics,Female,Tier-3,1
9.84,94.6,74.8,0,1,12,9,1,3,1.0,7,Mechanical,Male,Tier-3,0
7.23,70.0,87.6,0,1,14,4,6,1,2.1,7,Electrical,Male,Tier-3,1
9.11,99.0,71.4,0,1,4,1,3,6,1.7,3,Computer Science,Male,Tier-1,1
7.12,69.1,64.2,0,0,5,4,3,2,4.5,3,Chemical,Male,Tier-3,0
8.0,58.2,46.6,2,0,10,6,7,1,3.4,2,Information Technology,Female,Tier-3,0
9.15,79.3,92.4,0,1,10,8,4,1,1.0,8,Information Technology,Male,Tier-2,1
9.41,95.7,78.1,0,0,11,7,2,5,0.7,8,Mechanical,Female,Tier-2,1
7.63,86.0,82.1,1,1,4,9,5,0,1.4,7,Information Technology,Male,Tier-2,1
9.22,77.1,68.7,0,1,7,10,7,1,0.3,3,Computer Science,Female,Tier-3,1
9.2,81.5,83.8,0,0,11,5,0,5,0.4,3,Mechanical,Female,Tier-3,0
7.53,84.4,67.4,0,0,4,8,8,6,1.5,6,Computer Science,Male,Tier-2,1
9.48,79.8,77.1,0,0,11,6,3,4,3.0,1,Electrical,Male,Tier-3,1
9.77,74.5,76.4,0,1,1,2,4,6,2.3,1,Chemical,Female,Tier-2,0
7.85,69.1,89.7,2,4,5,10,2,3,0.1,3,Computer Science,Male,Tier-1,1
8.54,79.3,83.4,0,0,12,0,8,0,0.3,2,Mechanical,Male,Tier-1,1
8.66,76.5,66.9,0,2,8,4,5,1,0.3,2,Chemical,Male,Tier-2,0
9.8,78.0,82.8,0,2,6,8,0,0,0.5,8,Chemical,Female,Tier-3,0
9.4,90.6,70.2,0,0,4,7,8,5,0.1,5,Electronics,Female,Tier-3,1
9.04,75.0,64.4,0,2,4,5,4,3,0.3,5,Information Technology,Male,Tier-3,1
8.03,75.5,82.2,0,1,13,7,2,3,1.3,6,Computer Science,Male,Tier-2,1
7.15,80.3,77.5,1,3,1,7,3,0,0.3,3,Electrical,Female,Tier-2,0
7.78,99.0,59.5,0,1,10,2,4,2,2.9,4,Computer Science,Female,Tier-3,1
9.23,64.9,68.3,0,0,13,5,0,3,0.5,2,Electronics,Male,Tier-3,0
8.15,91.1,84.7,1,3,1,6,2,4,0.1,4,Computer Science,Male,Tier-1,1
9.12,74.4,80.1,0,0,3,1,6,4,1.8,5,Computer Science,Female,Tier-2,1
7.36,77.3,80.6,0,2,4,10,8,1,2.5,2,Computer Science,Male,Tier-3,0
9.32,62.3,99.0,0,0,15,6,5,2,2.6,4,Computer Science,Male,Tier-2,1
7.69,99.0,87.9,0,1,4,9,3,2,0.7,3,Information Technology,Male,Tier-3,0
9.31,80.7,73.5,0,1,2,5,3,5,2.5,4,Electrical,Male,Tier-3,0
9.49,85.9,69.7,0,3,11,1,8,1,1.2,8,Electronics,Female,Tier-2,1
9.54,60.0,66.2,0,0,9,1,0,3,0.2,7,Electronics,Male,Tier-3,0
7.6,70.3,69.0,0,1,8,5,5,6,0.8,5,Mechanical,Female,Tier-2,1
9.7,82.9,54.2,1,1,3,2,3,0,0.6,2,Electronics,Female,Tier-3,0
8.54,76.1,59.2,0,3,11,5,2,2,0.6,2,Information Technology,Male,Tier-2,1
7.69,83.4,83.6,1,0,2,8,0,2,0.5,7,Electrical,Male,Tier-3,0
9.23,99.0,95.0,0,0,1,9,4,6,0.2,2,Electronics,Female,Tier-3,0
8.75,84.1,75.7,0,1,10,0,3,5,0.5,3,Mechanical,Male,Tier-3,0
9.27,72.6,65.9,0,0,9,2,3,3,0.7,7,Electrical,Female,Tier-2,0
8.55,70.2,35.0,0,2,5,1,7,5,0.3,2,Computer Science,Female,Tier-3,1
8.94,68.8,97.2,0,0,8,10,1,0,0.2,4,Electronics,Male,Tier-1,1
9.46,72.9,57.6,0,1,13,2,3,4,0.2,1,Electronics,Female,Tier-3,0
9.03,73.4,55.9,1,1,15,1,0,2,0.2,6,Electronics,Female,Tier-2,1
9.76,79.4,71.1,0,0,4,2,1,5,0.6,6,Electrical,Female,Tier-2,0
7.92,84.3,74.4,3,1,2,3,2,6,0.2,1,Chemical,Female,Tier-2,0
8.86,83.2,75.1,0,2,5,6,0,3,1.3,6,Computer Science,Male,Tier-2,1
9.65,79.6,63.9,0,1,8,1,1,5,0.4,3,Information Technology,Male,Tier-3,1
9.19,80.4,80.4,1,0,15,1,6,2,2.8,4,Information Technology,Female,Tier-1,1
8.32,99.0,68.2,2,0,6,1,5,4,0.1,6,Electronics,Male,Tier-3,0
7.46,69.3,68.5,0,1,8,5,1,6,0.4,3,Information Technology,Male,Tier-3,1
9.26,77.6,71.4,0,0,11,7,0,1,1.3,1,Information Technology,Female,Tier-1,1
7.23,56.6,66.2,0,3,3,3,8,5,1.2,6,Electronics,Male,Tier-2,1
9.92,73.4,58.7,0,1,5,9,0,3,0.5,2,Electronics,Female,Tier-3,0
7.7,67.2,59.5,0,1,2,2,4,6,2.0,1,Electronics,Female,Tier-2,0
7.35,69.2,60.6,0,1,12,8,8,0,0.1,1,Computer Science,Female,Tier-3,1
9.54,63.8,80.9,0,1,15,0,8,6,0.7,8,Electronics,Male,Tier-3,1
9.57,61.8,80.2,0,2,11,9,5,6,0.2,7,Computer Science,Male,Tier-2,1
8.56,79.5,71.5,0,1,12,1,2,1,0.5,1,Mechanical,Male,Tier-2,0
9.55,86.5,72.2,0,0,3,6,1,5,1.2,3,Mechanical,Male,Tier-3,0
8.19,68.7,90.2,1,1,7,2,2,0,0.1,5,Information Technology,Female,Tier-3,1
9.63,53.7,81.7,0,1,1,8,0,6,0.0,3,Computer Science,Male,Tier-3,1
7.55,79.3,95.3,0,1,8,0,2,4,0.5,5,Civil,Male,Tier-3,0
7.74,83.6,67.5,0,3,5,8,1,6,0.3,3,Civil,Female,Tier-1,0
9.15,86.1,59.9,0,1,2,5,7,0,1.3,7,Chemical,Female,Tier-3,0
8.87,65.7,88.0,0,0,3,0,6,2,0.1,6,Electronics,Male,Tier-3,1
8.65,70.7,74.7,0,1,13,8,0,4,3.4,7,Information Technology,Female,Tier-3,1
6.46,64.7,64.6,0,2,4,8,0,6,1.0,6,Information Technology,Male,Tier-2,1
8.39,69.1,81.4,0,3,2,9,4,1,0.7,6,Computer Science,Male,Tier-3,1
8.22,68.5,65.8,2,3,10,10,3,6,0.5,1,Information Technology,Male,Tier-3,1
8.61,71.9,84.0,3,0,13,4,7,2,1.4,2,Computer Science,Female,Tier-1,1
7.63,75.0,81.3,0,1,5,6,7,5,0.4,7,Electrical,Female,Tier-3,1
6.78,79.4,72.1,0,0,7,2,2,2,1.5,4,Information Technology,Female,Tier-2,0
8.6,67.9,53.1,0,0,13,7,4,4,1.2,8,Electronics,Male,Tier-1,1
8.35,76.3,63.0,0,0,9,2,6,6,0.8,5,Computer Science,Female,Tier-1,1
8.51,67.1,94.7,0,0,1,9,7,0,2.2,3,Information Technology,Male,Tier-2,1
7.75,56.9,97.7,0,0,10,6,2,5,0.4,6,Computer Science,Male,Tier-3,1
8.74,84.5,99.0,0,0,13,3,7,0,0.1,2,Electrical,Female,Tier-2,1
8.3,70.0,80.2,0,0,6,4,8,1,0.5,4,Computer Science,Female,Tier-3,0
8.86,57.2,60.8,0,0,6,6,2,4,2.1,2,Civil,Male,Tier-3,0
8.13,84.7,92.4,0,1,1,1,1,1,0.1,6,Information Technology,Male,Tier-1,1
9.68,75.0,71.6,0,0,2,3,1,6,1.4,7,Computer Science,Male,Tier-3,0
8.92,83.4,66.1,0,1,11,6,4,3,1.7,8,Computer Science,Male,Tier-1,1
7.53,83.0,79.4,0,0,15,2,0,4,0.6,7,Information Technology,Female,Tier-2,1
9.54,64.9,99.0,0,2,8,3,5,3,0.2,5,Computer Science,Male,Tier-1,1
8.41,89.2,73.6,0,0,6,9,6,1,0.4,5,Information Technology,Female,Tier-3,0
8.75,56.0,75.2,1,0,13,7,4,3,0.5,7,Computer Science,Male,Tier-2,1
8.53,73.2,55.1,0,1,1,2,7,3,2.7,7,Computer Science,Female,Tier-3,1
8.76,72.4,76.4,0,2,10,8,5,2,0.3,4,Information Technology,Male,Tier-1,1
9.6,68.7,83.7,0,0,13,4,0,2,3.6,4,Electronics,Female,Tier-2,1
8.57,92.7,73.9,0,0,10,1,8,1,0.1,6,Information Technology,Male,Tier-3,1
9.63,81.6,74.8,0,3,11,7,4,1,3.7,6,Computer Science,Male,Tier-3,1
9.06,61.1,77.9,0,0,6,9,4,0,0.3,5,Computer Science,Female,Tier-3,1
9.52,62.8,61.4,0,0,10,7,0,5,0.2,5,Electrical,Female,Tier-1,1
8.65,99.0,45.4,0,2,15,0,4,3,0.1,1,Electronics,Male,Tier-2,1
8.22,72.3,73.7,0,2,7,8,2,6,0.4,4,Civil,Female,Tier-3,0
8.14,68.4,72.1,0,0,2,1,2,5,1.0,4,Computer Science,Male,Tier-1,1
8.41,91.9,82.4,0,3,11,3,7,0,1.1,7,Computer Science,Female,Tier-2,1
9.29,56.7,99.0,0,1,4,5,8,0,0.5,5,Civil,Female,Tier-1,1
7.95,94.6,91.8,0,0,7,8,5,4,0.3,8,Information Technology,Female,Tier-3,1
8.35,68.4,48.3,0,1,13,0,2,0,5.0,7,Information Technology,Male,Tier-3,1
8.83,84.2,99.0,2,1,11,8,7,0,0.3,3,Computer Science,Male,Tier-2,1
8.78,72.3,83.6,2,1,15,7,2,3,0.5,8,Computer Science,Female,Tier-2,1
8.79,59.1,71.6,0,4,6,6,6,0,0.7,1,Civil,Female,Tier-3,0
8.8,80.1,94.2,1,0,11,1,1,3,1.3,3,Computer Science,Male,Tier-1,1
8.02,89.4,41.8,0,1,8,6,5,5,0.2,7,Electronics,Male,Tier-3,1
9.89,49.8,67.9,0,1,14,1,7,3,0.3,5,Information Technology,Female,Tier-1,1
8.32,64.1,77.6,0,0,13,8,2,0,5.0,1,Information Technology,Female,Tier-2,1
8.67,92.9,75.9,0,1,6,3,8,3,1.7,1,Civil,Male,Tier-2,0
8.32,82.8,94.7,1,1,2,1,8,1,0.6,5,Electrical,Female,Tier-1,1
9.05,83.6,90.3,1,2,1,4,2,1,0.1,6,Computer Science,Male,Tier-1,1
9.68,89.2,83.9,0,2,5,8,2,3,2.0,8,Computer Science,Male,Tier-2,1
8.72,83.6,71.4,1,1,11,3,4,6,1.5,8,Information Technology,Female,Tier-2,1
9.88,79.8,87.5,0,0,10,4,8,5,0.9,2,Electronics,Male,Tier-3,1
9.29,91.4,67.2,0,1,14,7,0,5,0.5,2,Computer Science,Male,Tier-3,1
8.19,73.3,85.0,0,0,12,2,0,1,2.7,4,Electronics,Female,Tier-2,1
8.87,77.8,65.5,0,0,10,5,0,4,0.4,5,Chemical,Female,Tier-3,0
9.53,87.9,78.8,0,1,9,0,3,5,0.4,6,Information Technology,Male,Tier-2,1
8.16,68.8,56.1,4,1,2,2,6,2,2.1,5,Electrical,Male,Tier-2,0
9.14,95.1,88.5,0,1,7,7,1,1,1.0,6,Civil,Female,Tier-1,1
7.51,81.5,69.2,0,3,9,9,2,0,3.0,3,Electronics,Male,Tier-2,0
8.03,64.2,57.2,0,0,4,9,3,1,1.0,5,Mechanical,Male,Tier-2,0
9.03,75.7,62.5,0,0,4,5,0,4,0.0,2,Computer Science,Male,Tier-2,1
7.74,61.4,71.0,0,1,10,9,1,4,0.2,6,Computer Science,Female,Tier-2,1
6.84,79.0,63.1,0,1,5,3,1,4,0.3,5,Computer Science,Male,Tier-3,0
8.78,73.5,84.4,0,0,13,7,5,5,2.0,3,Computer Science,Female,Tier-2,1
9.17,67.6,71.4,1,0,13,2,3,5,1.8,4,Mechanical,Male,Tier-1,1
9.01,56.6,87.2,0,0,14,1,6,1,1.6,6,Electrical,Male,Tier-1,1
9.39,68.5,71.3,0,2,6,9,7,6,0.8,1,Chemical,Female,Tier-2,1
9.08,75.8,84.3,0,2,12,7,1,2,0.1,6,Electronics,Female,Tier-2,1
7.88,73.5,75.1,0,0,7,3,1,0,0.1,4,Computer Science,Female,Tier-2,0
9.68,61.0,71.6,0,0,9,8,4,2,0.1,3,Computer Science,Male,Tier-2,1
9.67,78.3,61.5,0,0,6,10,3,5,1.9,5,Chemical,Female,Tier-2,0
8.06,66.2,75.9,0,0,14,2,1,5,0.2,8,Civil,Male,Tier-1,1
9.8,89.1,84.6,0,0,3,8,8,1,1.7,2,Electronics,Female,Tier-1,1
7.79,90.8,66.1,0,0,2,9,8,2,1.9,8,Computer Science,Male,Tier-2,1
8.67,74.9,74.8,1,1,6,5,3,3,0.1,8,Electronics,Female,Tier-3,1
7.97,96.9,67.8,0,0,14,4,1,0,2.3,8,Civil,Male,Tier-3,0
7.94,76.3,99.0,0,1,9,1,2,3,2.3,6,Electronics,Male,Tier-2,1
9.17,62.4,79.1,0,0,3,10,7,3,1.0,5,Chemical,Female,Tier-2,0
6.79,92.2,76.2,1,2,4,5,7,2,0.7,8,Computer Science,Male,Tier-2,1
8.05,97.4,68.7,0,3,3,3,6,3,1.0,7,Chemical,Male,Tier-1,1
9.71,89.9,86.5,0,1,7,4,3,0,0.5,6,Electronics,Female,Tier-3,0
8.03,68.8,75.0,0,0,4,10,0,3,0.9,7,Electronics,Male,Tier-1,1
9.17,63.2,74.2,0,0,12,5,8,1,3.5,1,Information Technology,Male,Tier-3,1
8.95,73.8,74.0,0,0,14,6,6,0,0.1,2,Computer Science,Male,Tier-2,1
9.32,99.0,60.6,0,0,6,3,0,6,0.3,4,Civil,Male,Tier-3,0
8.36,63.9,94.4,1,1,6,10,4,6,0.7,6,Information Technology,Male,Tier-2,1
9.47,87.8,87.0,3,1,9,7,2,6,0.3,3,Information Technology,Male,Tier-3,1
9.15,76.9,75.1,0,0,5,4,1,1,4.9,4,Electronics,Male,Tier-3,0
9.41,89.3,73.7,0,1,7,6,2,1,1.3,7,Computer Science,Male,Tier-3,1
8.76,62.9,63.5,0,0,13,5,5,6,0.6,7,Computer Science,Female,Tier-1,1
8.59,75.0,55.8,0,0,1,10,6,5,2.3,1,Computer Science,Male,Tier-1,1
9.07,67.2,63.5,0,1,8,10,8,6,0.2,7,Mechanical,Female,Tier-3,0
9.6,67.9,89.9,0,0,2,4,6,4,0.3,6,Computer Science,Male,Tier-2,1
8.22,86.8,70.0,0,1,4,6,0,4,3.1,1,Electronics,Female,Tier-3,0
9.1,64.6,89.1,0,3,10,10,6,1,0.8,5,Computer Science,Male,Tier-2,1
7.85,81.5,74.6,0,2,7,3,0,5,2.5,8,Information Technology,Male,Tier-3,1
7.61,78.7,63.7,2,0,12,6,7,3,4.1,5,Computer Science,Male,Tier-3,0
9.78,66.6,65.5,4,1,6,2,1,1,0.4,6,Information Technology,Male,Tier-2,1
9.48,69.1,78.2,0,1,4,7,1,1,0.9,7,Computer Science,Female,Tier-3,1
9.3,82.0,53.9,0,4,8,9,0,4,1.9,5,Electronics,Male,Tier-1,1
9.31,77.7,65.0,0,3,14,3,8,2,0.3,1,Civil,Male,Tier-3,0
9.43,78.5,69.1,0,0,13,3,7,2,0.6,2,Electrical,Male,Tier-3,0
8.08,75.2,85.7,1,2,15,0,8,5,0.2,6,Electrical,Female,Tier-2,1
8.07,74.4,78.7,0,0,13,7,7,6,1.1,4,Computer Science,Female,Tier-2,1
9.52,77.7,77.4,0,0,12,4,3,5,0.0,4,Electronics,Female,Tier-2,1
7.16,95.3,81.0,0,0,7,8,8,2,0.6,8,Computer Science,Female,Tier-1,1
9.02,84.3,88.4,0,0,15,2,7,1,2.6,3,Information Technology,Female,Tier-2,1
9.9,76.4,75.7,0,2,6,4,0,1,2.3,3,Computer Science,Female,Tier-1,1
8.8,65.0,61.6,0,0,5,3,4,6,1.6,8,Computer Science,Male,Tier-2,1
8.49,73.0,77.4,0,2,5,10,8,3,0.2,7,Electrical,Male,Tier-2,1
9.67,67.0,64.1,0,4,14,6,7,5,0.7,2,Civil,Male,Tier-3,0
9.8,68.4,48.1,0,2,11,9,0,6,1.3,5,Electronics,Male,Tier-1,1
6.33,55.6,77.5,0,0,15,4,5,4,0.1,5,Information Technology,Male,Tier-2,1
8.57,77.9,81.7,0,1,7,1,5,5,0.2,2,Information Technology,Male,Tier-2,1
9.66,99.0,79.5,0,1,11,5,1,1,0.0,7,Computer Science,Male,Tier-3,1
7.38,80.4,81.6,0,1,6,3,1,0,0.4,4,Chemical,Male,Tier-3,0
7.62,86.7,89.5,0,0,4,5,0,5,2.1,5,Information Technology,Male,Tier-1,1
8.82,89.5,62.4,0,1,7,0,5,0,0.7,4,Computer Science,Female,Tier-2,1
6.93,74.6,70.0,1,1,5,10,8,6,1.9,1,Electronics,Male,Tier-3,0
9.75,75.4,58.3,0,1,7,0,7,4,0.1,6,Mechanical,Female,Tier-2,0
8.04,61.2,80.8,0,3,7,3,4,6,0.1,3,Chemical,Male,Tier-2,0
7.34,80.4,91.0,1,0,11,6,7,0,1.6,5,Mechanical,Male,Tier-3,0
8.58,78.7,67.9,0,0,2,10,1,0,0.7,3,Computer Science,Male,Tier-1,1
8.61,67.7,84.4,0,1,12,6,5,4,0.6,2,Information Technology,Male,Tier-2,1
8.65,91.8,65.0,0,0,4,0,1,5,0.6,6,Information Technology,Male,Tier-2,0
8.67,68.7,83.4,0,0,15,4,7,1,0.5,7,Computer Science,Male,Tier-3,1
8.62,99.0,46.0,0,0,10,5,1,1,2.2,1,Information Technology,Male,Tier-3,0
7.34,82.8,94.8,1,2,4,4,4,3,0.7,5,Civil,Female,Tier-2,0
9.57,77.7,60.8,0,2,13,6,6,1,3.6,5,Information Technology,Female,Tier-3,1
7.77,99.0,77.2,5,0,7,5,6,6,1.9,4,Civil,Female,Tier-3,0
8.21,50.6,93.3,0,0,8,4,3,0,1.3,8,Mechanical,Male,Tier-2,0
8.1,74.6,59.8,0,0,11,4,7,6,1.0,3,Mechanical,Male,Tier-2,0
9.06,72.8,97.9,0,1,1,8,6,0,1.8,7,Information Technology,Male,Tier-2,1
7.98,75.8,99.0,0,1,7,2,4,3,2.1,1,Computer Science,Male,Tier-2,1
9.3,80.7,84.0,0,0,11,8,3,4,0.1,6,Electrical,Female,Tier-1,1
9.19,75.5,75.2,0,1,6,10,1,6,0.4,4,Mechanical,Male,Tier-2,0
9.35,94.8,72.6,1,0,10,1,1,0,1.6,6,Computer Science,Male,Tier-3,1
8.17,83.2,82.5,0,3,1,9,3,1,0.3,1,Computer Science,Female,Tier-3,1
8.48,83.8,84.7,0,2,14,6,7,1,0.9,7,Mechanical,Female,Tier-2,1
7.63,83.5,48.8,1,3,14,5,5,6,1.5,1,Information Technology,Female,Tier-3,1
8.62,62.5,71.3,0,0,8,7,8,6,0.3,2,Computer Science,Male,Tier-2,1
9.56,80.4,67.4,0,1,5,8,1,6,0.5,2,Computer Science,Female,Tier-3,1
8.52,80.8,65.5,0,0,13,5,6,1,2.5,8,Information Technology,Male,Tier-2,1
9.0,64.5,65.8,0,1,7,1,0,0,0.4,4,Mechanical,Female,Tier-3,0
6.95,88.6,58.2,1,0,8,9,1,2,0.9,4,Computer Science,Female,Tier-3,1
9.52,53.6,95.1,2,1,7,3,8,0,0.6,8,Mechanical,Male,Tier-3,0
9.52,99.0,67.4,0,1,11,2,7,0,2.1,6,Computer Science,Male,Tier-2,1
8.17,77.5,73.1,0,1,15,2,8,2,0.6,4,Civil,Male,Tier-1,1
9.61,67.7,70.9,0,2,12,4,6,2,0.4,1,Electrical,Female,Tier-3,0
8.42,85.4,67.9,0,1,14,9,8,1,0.2,5,Electronics,Female,Tier-3,1
9.87,85.5,80.4,0,0,12,0,3,6,0.4,2,Mechanical,Male,Tier-3,0
8.63,99.0,70.9,0,1,10,8,2,1,1.1,6,Information Technology,Female,Tier-2,1
8.53,99.0,82.9,0,3,12,3,3,1,0.2,6,Electrical,Male,Tier-2,1
8.94,62.0,95.4,2,1,13,6,4,0,1.2,6,Information Technology,Male,Tier-1,1
8.54,74.8,60.7,0,1,1,6,3,5,0.0,7,Electronics,Female,Tier-1,1
7.5,67.1,79.2,0,3,6,6,3,4,0.5,5,Information Technology,Male,Tier-2,1
8.77,86.9,78.8,1,1,11,10,6,5,0.6,3,Computer Science,Female,Tier-1,1
8.15,95.0,59.7,0,4,15,4,3,6,0.1,2,Computer Science,Male,Tier-3,1
7.79,62.2,83.4,0,0,11,3,3,3,1.2,6,Electronics,Female,Tier-3,0
8.57,77.2,71.6,0,1,11,3,8,4,0.1,8,Computer Science,Male,Tier-2,1
9.2,70.4,95.5,3,0,12,4,8,2,0.1,3,Information Technology,Male,Tier-3,0
9.92,88.1,88.0,0,1,1,5,4,0,0.5,3,Information Technology,Female,Tier-3,1
8.96,82.9,75.0,0,0,4,9,8,5,1.3,7,Electronics,Female,Tier-3,0
7.64,92.1,72.2,0,0,4,6,1,0,3.3,4,Information Technology,Female,Tier-1,1
9.66,72.9,97.5,0,0,8,4,4,3,1.5,6,Information Technology,Male,Tier-3,0
8.91,76.6,67.5,0,0,6,8,6,6,0.6,1,Information Technology,Female,Tier-2,1
7.26,82.7,78.4,0,0,13,8,7,4,0.3,5,Electrical,Female,Tier-3,1
9.23,74.7,74.2,0,2,14,0,4,2,0.4,7,Computer Science,Male,Tier-1,1
7.89,81.6,90.5,0,0,7,4,8,3,0.3,8,Computer Science,Male,Tier-2,1
9.62,93.2,91.5,0,1,13,1,2,0,0.3,8,Electrical,Female,Tier-2,1
9.16,99.0,82.1,0,0,14,3,7,3,0.1,7,Information Technology,Male,Tier-2,1
7.2,72.1,68.1,0,0,14,10,8,1,0.2,7,Information Technology,Female,Tier-2,0
8.59,99.0,73.0,1,2,12,6,6,4,0.1,6,Information Technology,Male,Tier-2,1
8.77,72.0,59.0,1,2,14,9,4,2,0.0,3,Computer Science,Male,Tier-1,1
9.32,88.4,78.2,0,2,10,5,8,1,0.3,6,Civil,Male,Tier-1,1
7.97,72.1,64.5,0,1,7,6,7,4,0.4,4,Computer Science,Female,Tier-1,1
8.37,65.6,99.0,0,0,7,2,7,1,2.6,1,Mechanical,Female,Tier-2,0
9.19,92.7,67.9,3,0,10,4,5,3,5.0,2,Computer Science,Female,Tier-2,1
9.8,77.4,88.3,1,1,2,5,1,2,0.9,3,Mechanical,Male,Tier-3,0
9.38,93.4,94.9,0,2,6,10,3,5,2.3,6,Chemical,Male,Tier-3,0
9.38,87.0,85.8,2,2,8,5,0,3,1.0,4,Electronics,Female,Tier-3,0
9.31,82.9,68.4,1,0,8,5,4,3,0.7,8,Information Technology,Male,Tier-2,0
8.54,84.6,67.5,1,0,4,8,0,6,0.0,6,Information Technology,Male,Tier-3,0
9.21,91.1,99.0,0,0,7,5,5,4,0.0,6,Information Technology,Male,Tier-2,1
8.43,89.1,99.0,1,1,9,1,7,2,0.0,6,Computer Science,Female,Tier-3,1
9.09,73.1,78.9,1,0,8,8,0,2,0.2,6,Civil,Female,Tier-2,0
8.54,83.1,70.6,0,1,2,3,5,3,0.1,4,Information Technology,Female,Tier-3,1
9.14,96.0,63.7,3,2,13,6,3,6,0.2,4,Mechanical,Male,Tier-3,0
8.48,78.5,66.9,0,1,11,5,8,2,0.7,2,Information Technology,Male,Tier-3,1
7.88,72.1,84.2,0,0,8,8,7,0,0.7,1,Information Technology,Male,Tier-2,1
7.93,70.5,99.0,0,0,3,9,3,6,0.4,8,Electrical,Male,Tier-3,1
7.06,88.2,73.5,0,1,4,2,1,2,1.1,8,Information Technology,Male,Tier-1,1
8.16,75.1,90.6,1,1,3,7,5,3,0.5,5,Information Technology,Male,Tier-3,1
6.66,82.3,86.7,0,1,15,4,2,0,0.2,5,Information Technology,Male,Tier-2,1
8.8,74.5,71.2,0,0,8,5,0,6,1.2,3,Electrical,Male,Tier-2,0
9.51,92.1,88.0,0,2,4,2,6,0,3.9,1,Information Technology,Male,Tier-3,1
7.58,79.8,88.4,0,1,11,2,3,4,1.7,3,Electrical,Female,Tier-2,0
7.65,95.1,86.9,0,2,1,6,8,3,0.5,5,Information Technology,Male,Tier-2,1
9.43,94.7,69.6,0,0,9,5,2,2,0.5,2,Chemical,Male,Tier-3,0
9.84,76.9,84.3,0,0,9,1,0,5,0.0,6,Electronics,Female,Tier-3,0
8.96,94.0,90.5,0,0,1,9,1,0,1.1,1,Computer Science,Male,Tier-2,1
8.96,73.9,87.4,0,3,8,7,3,3,0.3,1,Information Technology,Male,Tier-2,1
8.27,81.2,89.0,0,0,2,4,6,4,1.2,3,Mechanical,Male,Tier-3,0
7.82,68.6,72.4,0,0,7,6,7,1,1.4,7,Electrical,Female,Tier-3,0
6.9,85.1,88.9,0,0,13,2,3,1,2.1,3,Computer Science,Male,Tier-3,0
9.74,81.6,91.8,0,1,1,9,2,2,0.8,8,Electronics,Male,Tier-2,1
8.94,84.2,69.1,1,2,6,4,8,1,1.8,2,Electronics,Male,Tier-1,1
8.98,61.7,57.0,0,2,10,2,7,0,1.3,1,Information Technology,Male,Tier-3,1
8.7,54.1,96.3,0,1,12,2,5,5,0.4,7,Information Technology,Female,Tier-3,1
9.42,64.4,69.0,0,4,11,0,8,0,0.1,5,Information Technology,Male,Tier-2,1
9.65,84.0,65.3,0,0,11,10,7,3,0.3,5,Information Technology,Male,Tier-3,1
8.99,86.1,77.8,0,2,10,2,6,2,1.9,4,Electronics,Female,Tier-2,1
7.27,91.6,71.5,0,1,14,6,5,5,0.8,5,Computer Science,Female,Tier-2,1
7.31,73.1,50.0,0,1,14,10,2,3,1.1,8,Electronics,Male,Tier-1,1
8.56,80.5,86.6,0,0,8,8,5,5,1.6,8,Information Technology,Male,Tier-2,1
9.79,69.6,86.3,0,0,11,0,3,3,1.1,8,Electronics,Female,Tier-2,1
9.42,94.4,61.6,1,0,6,3,4,6,1.9,6,Chemical,Female,Tier-1,0
8.89,69.5,74.7,3,0,9,9,6,2,0.1,8,Mechanical,Female,Tier-2,0
8.91,92.1,61.8,0,1,15,6,6,5,2.3,6,Electrical,Male,Tier-2,1
8.69,75.0,63.8,0,0,11,5,8,5,1.7,4,Information Technology,Male,Tier-2,1
7.85,96.9,67.2,0,0,1,3,8,3,2.3,8,Mechanical,Male,Tier-2,0
7.89,80.2,81.9,0,2,9,10,5,5,1.3,4,Electronics,Male,Tier-2,1
8.88,79.9,99.0,0,2,3,2,5,1,0.3,8,Electronics,Female,Tier-2,0
7.6,69.0,69.6,0,3,15,5,1,4,0.1,3,Electronics,Male,Tier-2,1
8.78,99.0,85.9,1,1,2,3,7,3,0.1,5,Computer Science,Male,Tier-3,1
8.23,89.9,85.4,3,1,12,4,2,5,0.7,4,Chemical,Male,Tier-3,0
8.17,84.1,47.3,0,2,8,1,0,0,0.5,7,Mechanical,Female,Tier-1,1
9.47,80.9,57.0,2,1,10,8,3,6,1.1,5,Electronics,Male,Tier-2,0
9.08,70.1,99.0,0,0,5,1,4,0,0.7,5,Electronics,Male,Tier-3,0
8.08,86.1,68.4,0,0,13,3,2,6,0.1,5,Mechanical,Female,Tier-2,1
9.44,77.2,80.9,0,0,1,7,6,1,0.0,2,Electronics,Male,Tier-3,0
9.47,78.7,79.4,0,2,1,6,4,3,0.1,4,Computer Science,Female,Tier-1,1
8.23,88.7,47.3,2,1,2,3,4,6,0.2,6,Computer Science,Male,Tier-3,1
9.26,81.4,66.1,0,1,7,7,5,3,1.3,5,Information Technology,Female,Tier-2,1
9.51,78.2,84.4,0,0,2,10,5,2,0.3,7,Electronics,Female,Tier-3,1
9.67,95.2,62.8,0,0,9,5,8,3,0.1,3,Information Technology,Male,Tier-2,1
9.05,68.2,70.1,3,1,6,7,2,3,1.4,2,Electronics,Male,Tier-3,0
8.36,58.1,59.3,3,1,4,3,7,0,2.8,4,Mechanical,Male,Tier-2,0
9.68,68.4,64.1,0,1,12,4,6,2,0.1,1,Civil,Male,Tier-1,0
7.82,79.8,68.2,0,0,13,3,8,3,3.3,4,Information Technology,Female,Tier-2,1
9.51,86.3,50.8,1,1,14,6,4,5,3.0,2,Mechanical,Female,Tier-3,0
9.79,69.1,90.2,0,3,4,3,6,1,0.7,3,Electrical,Female,Tier-3,0
7.21,99.0,56.9,3,2,3,4,7,6,0.4,7,Computer Science,Male,Tier-3,1
7.74,80.2,72.8,1,0,9,8,8,3,0.1,2,Mechanical,Female,Tier-3,0
8.33,79.8,65.3,0,1,2,7,7,2,1.7,5,Electrical,Male,Tier-1,1
8.0,62.5,89.0,0,0,9,1,1,1,0.9,6,Mechanical,Female,Tier-2,1
9.28,60.7,59.0,0,1,3,6,5,1,1.1,6,Computer Science,Male,Tier-3,1
9.59,56.6,64.8,1,1,4,1,3,1,2.0,2,Information Technology,Male,Tier-1,1
8.21,94.5,57.6,0,0,9,9,3,0,0.6,1,Computer Science,Female,Tier-3,0
8.42,92.5,43.7,2,1,3,2,8,0,0.5,1,Electrical,Male,Tier-2,0
8.9,78.0,81.6,3,1,6,0,6,1,1.4,7,Chemical,Female,Tier-3,0
9.65,63.4,75.4,0,4,12,1,5,5,0.4,8,Electronics,Female,Tier-2,1
9.92,74.7,77.8,0,0,15,2,1,0,0.4,5,Electrical,Male,Tier-3,0
8.4,95.1,85.5,0,0,5,4,0,1,0.5,5,Computer Science,Male,Tier-2,1
9.08,72.0,76.4,1,1,6,5,3,1,1.9,1,Computer Science,Male,Tier-3,1
9.79,67.2,69.2,1,1,5,6,8,4,1.5,6,Electronics,Male,Tier-3,0
8.71,73.4,78.4,3,1,13,4,3,0,0.3,8,Chemical,Female,Tier-1,1
9.5,74.5,68.4,0,3,14,4,1,4,0.2,3,Electronics,Male,Tier-3,0
8.74,86.9,89.5,0,1,11,10,7,5,0.5,7,Chemical,Male,Tier-2,0
7.99,51.5,70.3,0,1,3,7,5,5,1.0,6,Electronics,Male,Tier-2,1
9.87,80.0,73.4,0,2,2,0,0,1,1.1,7,Information Technology,Female,Tier-2,1
9.03,69.6,83.3,0,1,10,8,3,1,0.2,6,Electrical,Male,Tier-2,1
8.3,71.6,99.0,1,0,13,2,4,4,0.3,2,Computer Science,Female,Tier-3,1
8.9,87.1,61.7,0,1,9,10,0,2,2.7,1,Information Technology,Male,Tier-2,1
7.21,62.4,59.2,1,1,4,5,1,1,0.5,5,Electronics,Male,Tier-2,0
9.07,80.2,71.8,0,0,10,3,8,5,0.4,5,Computer Science,Female,Tier-3,1
8.1,83.8,65.3,0,0,12,1,0,5,1.2,8,Electronics,Female,Tier-1,1
9.44,85.0,84.1,0,0,6,5,7,0,0.6,8,Information Technology,Male,Tier-2,1
9.68,86.5,77.6,0,0,9,9,8,3,0.3,3,Electronics,Female,Tier-2,1
9.07,84.9,60.4,1,3,5,7,1,6,0.5,4,Mechanical,Female,Tier-2,0
9.61,86.6,84.7,0,0,7,3,1,5,0.2,5,Computer Science,Female,Tier-2,1
9.63,67.4,99.0,0,0,12,7,6,3,0.3,8,Chemical,Male,Tier-2,0
8.76,94.4,64.6,1,1,14,6,8,3,0.5,3,Electronics,Male,Tier-2,1
8.86,63.8,79.2,5,1,5,0,8,4,0.7,1,Civil,Female,Tier-2,0
9.56,82.4,46.5,0,1,15,4,2,1,1.4,4,Information Technology,Female,Tier-2,1
8.16,69.8,70.2,0,0,12,7,6,5,0.5,1,Information Technology,Male,Tier-3,0
6.92,57.4,79.0,0,2,9,5,5,5,0.8,3,Electrical,Female,Tier-3,0
8.74,71.2,73.2,0,1,2,8,7,2,3.0,7,Computer Science,Female,Tier-1,1
8.23,76.6,76.5,0,1,3,10,7,0,1.7,1,Computer Science,Female,Tier-3,1
9.48,94.6,64.9,1,2,5,6,7,3,0.3,2,Mechanical,Female,Tier-2,1
8.11,99.0,91.4,0,0,2,1,7,6,0.2,3,Electronics,Male,Tier-2,1
8.14,76.4,69.7,0,2,12,0,5,3,1.1,4,Mechanical,Male,Tier-2,0
8.04,61.3,59.0,0,1,14,8,8,0,0.9,7,Electronics,Female,Tier-1,1
9.03,62.3,74.5,1,2,6,4,4,3,0.8,5,Computer Science,Male,Tier-2,1
9.21,87.3,87.0,0,0,10,1,3,4,0.2,1,Mechanical,Male,Tier-3,0
8.06,86.5,82.2,0,3,3,10,6,1,0.5,3,Computer Science,Female,Tier-2,1
9.64,70.7,68.3,0,1,5,3,2,1,1.4,1,Electronics,Male,Tier-3,0
7.56,63.9,98.1,0,1,5,9,7,2,1.3,6,Electronics,Male,Tier-2,1
9.94,89.9,74.0,0,1,10,5,7,4,0.2,3,Computer Science,Male,Tier-1,1
8.25,63.3,52.7,0,3,8,8,4,2,0.6,6,Computer Science,Male,Tier-3,1
9.85,72.7,82.7,0,1,9,7,7,3,0.6,3,Information Technology,Male,Tier-2,1
9.04,83.7,73.2,0,1,4,5,2,5,0.7,6,Electrical,Male,Tier-1,1
7.27,54.0,74.0,0,1,10,3,2,6,0.6,4,Electronics,Female,Tier-2,0
9.26,89.4,86.6,3,0,1,9,3,1,0.7,1,Mechanical,Male,Tier-1,1
8.5,99.0,71.6,0,0,5,4,8,6,1.7,1,Computer Science,Male,Tier-3,1
8.21,79.4,71.2,1,1,4,10,4,2,0.5,7,Computer Science,Female,Tier-2,1
8.13,77.6,58.7,0,0,5,10,5,6,0.8,3,Electronics,Male,Tier-3,1
9.26,78.5,68.1,1,2,11,3,3,2,0.9,2,Civil,Male,Tier-3,0
9.03,80.7,78.2,0,1,14,3,8,4,2.9,5,Computer Science,Female,Tier-1,1
9.71,69.2,67.4,0,1,15,7,3,6,1.1,5,Chemical,Male,Tier-2,0
8.97,64.5,53.3,0,0,9,3,2,5,0.1,2,Electrical,Male,Tier-3,0
7.35,73.8,83.5,0,1,8,10,1,3,0.9,8,Electrical,Female,Tier-2,0
9.38,79.8,84.0,5,2,11,2,2,0,1.1,4,Computer Science,Female,Tier-2,1
7.96,66.0,84.1,0,1,11,1,0,4,0.0,8,Information Technology,Male,Tier-2,1
9.57,61.8,63.0,0,0,11,9,7,4,0.1,7,Civil,Female,Tier-2,0
8.51,72.7,74.7,0,0,8,0,0,3,0.0,6,Mechanical,Female,Tier-3,0
8.73,62.0,78.1,0,1,8,4,5,0,0.0,2,Information Technology,Female,Tier-2,1
8.57,86.1,82.7,0,1,1,3,1,4,0.1,8,Electrical,Male,Tier-1,1
7.91,40.0,83.0,0,0,12,9,2,2,3.2,6,Mechanical,Male,Tier-1,1
9.06,64.0,56.6,0,1,7,8,8,2,0.2,2,Chemical,Male,Tier-1,1
8.53,95.0,97.4,2,2,13,8,8,2,0.2,4,Information Technology,Male,Tier-1,1
7.11,75.3,59.3,0,0,4,10,5,5,1.9,3,Mechanical,Male,Tier-2,0
8.86,80.2,53.8,0,1,6,4,6,5,1.4,6,Information Technology,Female,Tier-1,1
9.01,76.5,36.9,0,2,4,4,4,6,1.1,1,Mechanical,Female,Tier-3,0
9.17,70.5,84.1,0,4,12,5,6,2,0.5,7,Information Technology,Female,Tier-2,1
8.87,91.1,93.8,1,0,5,3,5,0,0.0,6,Information Technology,Male,Tier-2,1
8.2,71.1,66.8,5,0,5,5,4,6,1.8,6,Electrical,Female,Tier-1,0
9.59,68.1,52.0,0,3,1,7,2,5,2.0,5,Information Technology,Female,Tier-1,1
7.67,85.9,86.4,1,0,6,4,1,3,0.7,6,Mechanical,Male,Tier-3,0
7.58,54.8,58.1,0,1,10,7,4,3,1.0,5,Electrical,Male,Tier-2,0
9.75,74.6,83.0,2,1,8,7,7,0,0.6,5,Electronics,Female,Tier-2,1
9.91,71.8,63.0,0,1,13,2,4,3,0.4,2,Mechanical,Male,Tier-1,1
9.38,74.4,69.3,0,0,5,5,2,2,0.8,3,Mechanical,Male,Tier-2,0
9.97,72.1,79.2,0,2,14,0,2,0,1.2,3,Electronics,Male,Tier-3,0
8.96,82.5,79.2,0,0,10,4,4,2,0.2,6,Information Technology,Male,Tier-2,1
8.61,91.2,76.4,0,1,13,6,8,3,0.8,2,Civil,Male,Tier-1,1
8.97,83.5,94.1,0,1,12,4,7,6,1.5,4,Electronics,Female,Tier-3,1
8.64,74.0,97.3,0,0,6,2,6,4,0.6,4,Computer Science,Male,Tier-2,1
9.54,85.6,98.3,0,0,5,1,4,0,0.2,8,Electrical,Male,Tier-1,1
8.13,87.0,72.7,0,3,1,1,8,1,2.0,3,Information Technology,Male,Tier-2,1
8.05,82.3,76.4,0,1,5,8,1,6,1.1,8,Electronics,Male,Tier-1,1
8.43,90.6,92.9,1,1,2,1,5,1,1.0,2,Computer Science,Male,Tier-1,1
8.58,49.8,66.5,0,1,4,6,6,5,1.1,6,Electronics,Male,Tier-2,1
9.9,78.3,69.4,0,0,2,8,6,2,0.3,5,Computer Science,Female,Tier-3,1
8.07,81.7,75.3,0,1,8,2,3,3,0.7,7,Electronics,Male,Tier-3,0
8.5,60.2,74.7,0,0,14,6,1,2,0.4,8,Electronics,Male,Tier-3,0
9.23,80.6,71.3,0,1,13,0,0,5,1.8,1,Civil,Male,Tier-1,1
9.64,89.0,62.8,0,0,13,5,0,5,0.9,3,Electronics,Male,Tier-2,1
8.83,75.3,86.1,0,2,7,10,2,1,1.3,5,Information Technology,Male,Tier-2,1
9.67,85.9,70.0,0,1,9,1,6,6,1.1,3,Electronics,Male,Tier-2,1
9.63,90.3,77.0,0,0,4,9,4,0,0.7,7,Electronics,Female,Tier-3,0
9.02,94.1,74.9,3,0,5,0,6,2,1.6,1,Civil,Female,Tier-3,0
9.08,91.9,83.8,5,0,15,4,8,3,1.0,8,Computer Science,Female,Tier-2,1
7.03,94.4,80.9,0,2,9,5,7,1,0.3,6,Electrical,Male,Tier-3,0
7.91,72.0,71.7,0,0,9,10,0,0,0.3,4,Computer Science,Male,Tier-1,1
9.58,73.3,69.6,1,1,2,1,3,2,1.8,3,Information Technology,Female,Tier-2,1
8.72,48.3,73.6,1,0,12,3,4,0,2.8,6,Information Technology,Male,Tier-1,1
8.42,65.2,60.6,1,4,11,2,6,4,0.8,2,Electronics,Female,Tier-3,0
7.85,92.6,64.5,0,1,14,0,7,1,0.5,4,Information Technology,Male,Tier-2,1
7.79,70.7,81.9,0,0,15,0,7,6,1.0,8,Computer Science,Male,Tier-1,1
9.81,82.8,78.9,0,1,1,2,3,2,0.7,4,Computer Science,Female,Tier-2,1
8.84,80.9,62.4,1,4,3,1,6,0,1.8,5,Chemical,Male,Tier-3,0
6.37,92.9,73.4,1,1,10,1,1,6,1.8,2,Civil,Male,Tier-1,0
8.41,53.8,54.7,0,1,1,9,8,2,0.6,6,Civil,Female,Tier-2,0
7.42,82.2,76.8,0,0,6,4,5,6,1.6,3,Information Technology,Female,Tier-2,1
9.82,82.0,70.6,0,0,8,4,3,3,0.2,7,Electrical,Male,Tier-2,0
8.64,67.7,99.0,1,0,4,6,5,3,0.5,3,Computer Science,Male,Tier-2,0
8.69,89.5,82.6,0,1,11,4,6,2,0.1,8,Computer Science,Female,Tier-1,1
8.19,61.2,62.6,0,1,4,2,7,1,1.6,2,Computer Science,Female,Tier-3,1
8.6,90.8,62.4,0,2,11,9,3,5,3.7,4,Mechanical,Female,Tier-2,1
7.3,52.1,83.3,0,1,15,5,8,2,0.9,8,Computer Science,Male,Tier-3,1
9.42,67.1,86.4,0,0,10,2,5,6,1.5,3,Information Technology,Female,Tier-3,1
8.66,76.3,99.0,1,1,1,7,0,2,0.5,3,Computer Science,Male,Tier-3,1
9.06,80.6,90.0,0,1,9,5,2,2,0.8,3,Civil,Female,Tier-3,0
8.92,55.6,81.2,0,1,10,6,0,2,0.4,1,Electrical,Male,Tier-2,0
9.02,90.5,93.5,0,1,8,2,5,1,1.2,2,Civil,Male,Tier-1,1
7.71,87.0,76.0,0,0,14,10,5,4,0.3,8,Computer Science,Male,Tier-3,1
9.44,99.0,75.4,0,0,14,6,6,4,0.2,1,Information Technology,Male,Tier-3,1
9.28,86.4,59.2,0,1,13,8,0,0,2.3,1,Mechanical,Male,Tier-1,1
8.82,69.2,94.6,0,0,3,7,0,1,2.0,5,Computer Science,Male,Tier-1,1
6.98,65.1,76.7,1,1,14,10,4,1,1.8,3,Mechanical,Male,Tier-1,1
9.06,73.0,73.7,0,0,14,1,4,6,1.7,1,Electrical,Female,Tier-2,1
7.82,99.0,64.7,0,2,3,9,0,1,1.3,2,Computer Science,Male,Tier-3,1
7.48,78.6,90.9,0,3,13,9,6,3,2.1,5,Electronics,Male,Tier-1,1
7.93,79.1,87.8,1,3,10,1,6,1,0.2,5,Information Technology,Female,Tier-2,1
9.82,94.6,63.3,1,2,4,6,5,6,2.0,8,Chemical,Female,Tier-2,0
9.26,64.0,81.6,0,4,4,9,6,6,2.5,6,Information Technology,Female,Tier-3,1
8.93,84.5,85.3,0,1,2,3,5,6,1.3,7,Electronics,Female,Tier-2,1
8.75,84.2,58.8,0,3,4,8,1,3,0.9,4,Computer Science,Male,Tier-3,1
8.99,89.5,83.3,0,1,2,5,4,4,0.3,4,Civil,Male,Tier-3,0
7.45,88.2,80.7,0,2,11,8,6,4,2.0,8,Computer Science,Female,Tier-3,1
8.41,77.3,83.1,0,0,15,10,1,3,0.9,5,Electronics,Female,Tier-2,1
9.12,61.4,99.0,0,1,11,2,4,6,0.9,2,Mechanical,Male,Tier-2,0
9.63,71.2,99.0,0,3,7,5,2,2,0.9,1,Information Technology,Male,Tier-3,1
7.41,88.1,91.1,1,1,5,5,8,4,2.0,4,Computer Science,Female,Tier-3,1
8.53,99.0,78.4,0,0,7,7,0,2,0.1,1,Electrical,Female,Tier-1,1
9.06,63.3,83.3,1,1,6,6,6,6,0.1,7,Information Technology,Female,Tier-2,1
8.78,62.5,80.6,0,1,2,2,3,0,0.3,2,Electronics,Female,Tier-2,1
9.19,59.1,99.0,0,1,14,0,4,3,0.7,8,Civil,Male,Tier-2,0
9.15,68.8,76.8,0,1,12,1,0,5,0.6,8,Mechanical,Male,Tier-2,1
9.84,89.4,69.6,0,0,2,10,4,6,0.7,1,Information Technology,Female,Tier-1,1
9.39,93.8,82.1,0,2,1,9,7,0,0.1,5,Electronics,Male,Tier-1,1
9.02,53.1,99.0,0,1,13,1,5,3,1.6,4,Computer Science,Male,Tier-2,1
9.6,63.5,62.4,0,0,1,0,1,0,0.4,8,Electronics,Male,Tier-2,0
9.83,61.3,66.3,1,2,13,3,1,0,2.4,2,Information Technology,Male,Tier-1,1
8.33,67.6,65.5,0,0,5,5,8,1,1.8,5,Mechanical,Male,Tier-3,1
9.31,75.3,59.4,0,0,5,3,0,6,0.1,7,Civil,Male,Tier-2,0
7.26,73.2,62.6,2,2,7,3,1,6,0.1,2,Electrical,Male,Tier-3,0
8.1,84.2,87.2,0,2,1,10,7,6,1.0,7,Civil,Female,Tier-3,0
9.7,54.9,77.9,0,0,5,8,5,5,0.1,6,Chemical,Female,Tier-2,0
9.66,71.8,58.2,0,0,2,1,2,4,0.8,4,Mechanical,Male,Tier-3,0
7.39,94.4,83.9,0,0,10,0,2,3,0.1,1,Mechanical,Male,Tier-2,0
9.12,94.9,79.5,0,2,1,6,8,4,0.7,2,Computer Science,Male,Tier-1,1
9.85,98.0,87.4,0,2,7,4,1,6,0.5,4,Electronics,Female,Tier-1,1
9.15,82.7,67.1,0,1,15,4,4,1,0.9,8,Electronics,Male,Tier-3,1
7.7,70.1,59.0,0,0,3,1,6,4,0.4,6,Mechanical,Male,Tier-2,0
8.86,80.1,83.8,0,0,11,5,5,5,0.2,6,Information Technology,Male,Tier-3,1
7.89,99.0,85.7,0,2,9,4,0,3,1.8,5,Electrical,Male,Tier-3,1
8.83,71.6,60.6,0,0,15,4,2,6,0.4,8,Computer Science,Female,Tier-1,1
8.34,99.0,78.1,0,1,5,5,4,1,0.1,4,Electronics,Female,Tier-2,1
7.6,48.8,67.0,0,1,5,1,2,2,0.7,1,Chemical,Male,Tier-2,0
7.9,84.9,87.6,0,0,5,4,2,1,2.1,8,Information Technology,Male,Tier-3,0
8.96,85.8,83.6,0,0,9,10,4,5,0.3,7,Mechanical,Male,Tier-2,0
9.29,82.5,90.8,1,0,13,0,7,3,0.6,4,Information Technology,Male,Tier-2,1
9.22,83.3,64.1,0,1,10,7,7,0,0.5,7,Electronics,Male,Tier-2,0
9.52,84.3,66.0,0,2,13,0,7,4,0.0,5,Civil,Male,Tier-2,0
9.11,84.8,70.2,2,1,1,6,5,5,2.0,5,Civil,Male,Tier-2,0
9.5,74.0,68.1,3,0,5,5,8,0,1.4,2,Civil,Female,Tier-2,0
6.81,74.7,79.8,0,1,10,7,4,6,0.1,5,Computer Science,Female,Tier-3,1
8.7,61.7,61.0,2,0,6,4,6,2,0.1,3,Civil,Male,Tier-3,0
7.89,86.8,94.8,0,0,9,10,0,0,0.0,5,Computer Science,Male,Tier-2,1
8.99,93.6,97.7,0,1,3,5,3,4,4.2,7,Information Technology,Female,Tier-1,1
7.73,98.9,89.4,0,3,1,3,0,0,0.5,1,Chemical,Male,Tier-2,0
8.72,68.1,81.5,0,2,12,9,1,1,2.7,8,Computer Science,Male,Tier-2,1
9.7,57.3,73.4,0,1,11,9,5,3,0.5,5,Information Technology,Male,Tier-1,1
7.5,82.5,77.5,0,1,11,0,0,5,0.1,2,Information Technology,Male,Tier-3,0
9.07,64.1,65.2,1,2,8,10,8,6,0.4,7,Civil,Male,Tier-2,1
8.0,84.9,77.0,0,1,9,6,5,5,0.5,5,Information Technology,Female,Tier-2,1
9.35,51.5,79.4,0,1,12,1,7,0,0.2,4,Civil,Male,Tier-3,0
9.78,91.0,64.3,0,0,11,0,7,3,0.1,6,Computer Science,Male,Tier-3,1
8.24,79.8,96.1,3,0,6,0,1,3,0.4,8,Electronics,Female,Tier-2,0
8.04,54.9,73.9,1,1,5,0,1,5,0.8,6,Chemical,Male,Tier-3,0
8.31,81.6,61.6,0,2,12,1,2,3,0.3,4,Computer Science,Male,Tier-3,1
8.51,79.1,72.3,1,1,8,0,7,1,3.2,4,Electrical,Female,Tier-2,0
8.72,84.3,67.2,1,0,12,3,7,3,0.7,3,Computer Science,Male,Tier-3,0
8.53,87.6,64.1,2,1,6,9,4,5,0.1,8,Electronics,Female,Tier-2,1
8.2,49.0,95.4,0,1,6,9,1,0,0.5,2,Computer Science,Female,Tier-2,1
9.47,72.3,75.1,0,3,9,10,3,5,1.2,4,Electronics,Female,Tier-2,1
9.71,76.9,88.4,0,0,9,6,3,3,0.7,7,Mechanical,Male,Tier-2,0
9.59,74.5,80.3,3,1,1,9,6,1,0.4,4,Civil,Male,Tier-2,0
9.14,73.8,81.2,4,1,12,2,3,5,0.1,7,Information Technology,Male,Tier-2,1
8.4,90.7,74.8,0,4,2,8,5,3,0.6,7,Electrical,Male,Tier-3,1
8.6,57.2,69.4,0,1,1,1,1,0,0.1,6,Information Technology,Male,Tier-3,1
8.92,74.5,91.9,0,2,2,1,1,1,0.5,4,Computer Science,Male,Tier-1,1
7.42,75.5,83.5,0,0,3,6,4,2,0.1,6,Information Technology,Male,Tier-1,1
9.85,76.7,72.6,0,0,13,8,0,2,1.1,7,Information Technology,Female,Tier-3,0
9.18,66.3,87.9,0,0,14,5,1,0,1.5,6,Electronics,Male,Tier-1,1
8.25,99.0,94.6,0,1,13,10,2,4,0.3,2,Computer Science,Male,Tier-3,1
7.46,89.7,79.8,5,1,2,0,8,3,0.1,7,Information Technology,Male,Tier-3,0
9.81,99.0,95.2,0,0,6,5,8,5,0.4,7,Electrical,Male,Tier-3,1
8.43,85.7,68.8,1,1,4,3,6,4,0.8,6,Mechanical,Female,Tier-2,0
9.25,87.1,63.3,0,1,15,4,4,1,1.5,4,Computer Science,Female,Tier-1,1
9.63,77.9,70.5,0,1,5,3,1,3,0.5,7,Computer Science,Male,Tier-2,1
8.89,96.8,75.5,0,0,10,2,1,5,0.5,3,Computer Science,Male,Tier-1,1
7.88,84.8,95.2,5,2,9,1,7,5,2.4,4,Information Technology,Male,Tier-3,1
8.67,75.7,70.0,0,1,2,1,2,5,0.6,1,Information Technology,Male,Tier-3,1
7.79,99.0,80.0,0,0,3,9,6,4,0.6,3,Civil,Female,Tier-3,0
9.07,62.4,89.3,0,1,14,10,5,6,0.5,1,Electronics,Male,Tier-1,1
9.32,69.2,81.1,0,0,10,3,5,0,0.5,4,Civil,Female,Tier-3,0
7.42,99.0,68.6,0,1,1,2,2,1,1.3,4,Chemical,Female,Tier-3,0
8.95,86.0,58.4,0,0,15,10,5,3,0.3,8,Information Technology,Male,Tier-1,1
9.13,46.4,90.8,0,2,2,5,3,2,0.5,8,Electronics,Male,Tier-1,1
9.89,90.2,61.3,0,4,1,9,0,5,0.3,2,Mechanical,Male,Tier-3,1
9.83,65.7,70.1,0,0,14,2,7,5,0.8,6,Electronics,Male,Tier-2,1
9.78,71.1,75.4,2,0,9,2,8,3,3.2,1,Information Technology,Male,Tier-3,0
9.38,99.0,91.4,0,0,3,3,2,5,0.5,8,Civil,Male,Tier-3,0
8.89,97.9,88.0,1,1,3,4,0,1,3.4,1,Electrical,Male,Tier-3,0
9.57,99.0,76.9,0,0,13,10,0,2,1.1,5,Information Technology,Female,Tier-2,1
7.42,70.7,90.8,0,2,7,8,0,0,1.6,8,Information Technology,Male,Tier-2,1
7.1,74.5,93.6,0,1,1,10,8,3,0.4,5,Electronics,Male,Tier-3,0
7.33,80.6,68.8,0,1,9,4,4,4,0.3,5,Civil,Female,Tier-2,0
7.66,88.4,69.9,3,1,7,0,2,4,0.9,5,Electronics,Female,Tier-2,0
9.43,73.9,84.7,3,2,15,8,8,6,4.7,1,Computer Science,Male,Tier-2,1
8.07,99.0,97.1,0,0,9,1,8,6,1.2,2,Information Technology,Female,Tier-1,1
8.01,83.9,66.0,0,1,8,3,5,0,1.1,5,Electronics,Male,Tier-3,0
7.99,95.9,51.1,0,1,5,9,4,6,0.6,8,Mechanical,Male,Tier-2,1
8.76,68.6,83.4,0,1,12,5,0,1,2.1,1,Civil,Female,Tier-2,0
9.29,73.0,92.7,0,1,3,8,5,0,1.2,8,Mechanical,Male,Tier-2,1
8.8,80.9,76.7,0,0,11,1,4,1,1.1,8,Computer Science,Female,Tier-2,1
9.68,72.5,99.0,0,1,9,8,8,2,0.3,2,Mechanical,Male,Tier-2,0
9.22,90.6,64.1,0,2,5,8,6,1,3.2,2,Information Technology,Female,Tier-1,1
7.75,90.8,65.4,0,0,9,0,2,2,0.3,5,Information Technology,Male,Tier-3,1
9.76,75.1,65.2,0,1,3,10,4,3,0.7,1,Civil,Male,Tier-2,0
7.96,85.9,76.1,0,0,6,5,5,3,0.4,3,Information Technology,Male,Tier-1,1
9.85,99.0,76.4,0,1,13,5,1,0,0.2,1,Computer Science,Male,Tier-3,1
9.67,90.5,65.0,0,1,2,8,6,0,0.2,7,Mechanical,Female,Tier-3,1
7.63,85.8,89.6,0,1,3,5,8,3,0.3,7,Computer Science,Male,Tier-2,1
8.2,93.5,78.5,0,0,2,1,8,4,1.2,2,Information Technology,Male,Tier-2,1
8.25,98.2,61.5,1,0,12,7,4,2,3.7,4,Electronics,Female,Tier-3,1
8.53,96.2,83.0,0,1,2,0,7,5,1.9,7,Computer Science,Male,Tier-1,1
8.17,77.1,69.5,0,0,5,4,8,6,0.2,5,Information Technology,Male,Tier-2,0
8.12,88.8,76.3,1,0,10,9,5,3,0.1,7,Mechanical,Male,Tier-2,0
9.87,74.4,86.5,0,1,4,2,3,5,1.2,2,Electronics,Male,Tier-3,0
9.11,77.3,88.0,1,0,11,10,3,6,0.0,7,Civil,Male,Tier-2,0
7.12,83.8,86.9,0,2,4,5,2,5,2.0,3,Computer Science,Male,Tier-1,1
8.7,60.6,75.6,0,0,13,4,8,4,1.7,3,Electrical,Male,Tier-1,1
9.31,82.4,62.3,0,1,8,9,5,5,1.6,3,Computer Science,Female,Tier-3,1
9.33,69.7,70.9,0,0,14,3,7,1,0.8,7,Mechanical,Female,Tier-2,1
8.69,63.8,75.3,0,1,6,2,1,3,3.6,7,Computer Science,Female,Tier-2,1
9.05,87.5,95.1,0,1,10,0,3,4,0.6,3,Electrical,Male,Tier-3,0
7.71,74.9,68.2,0,1,2,7,1,6,4.3,6,Computer Science,Female,Tier-3,1
7.43,80.6,77.6,0,1,13,10,2,3,2.1,1,Electronics,Male,Tier-3,0
8.61,75.2,59.0,1,0,1,4,1,5,0.1,2,Computer Science,Male,Tier-1,1
9.21,70.6,79.4,1,0,5,7,8,6,2.3,3,Mechanical,Female,Tier-2,1
8.87,79.4,74.4,0,4,15,8,8,1,0.4,7,Computer Science,Male,Tier-3,1
8.82,61.7,73.3,0,1,7,7,5,1,1.5,8,Mechanical,Male,Tier-1,1
8.7,76.8,86.0,0,1,5,5,6,2,0.0,2,Civil,Male,Tier-3,0
9.6,99.0,66.1,0,2,12,9,4,1,0.3,7,Electrical,Male,Tier-2,1
7.01,63.6,93.2,1,0,4,7,0,1,1.4,8,Information Technology,Female,Tier-1,1
8.78,95.1,65.1,0,1,5,4,3,6,3.6,2,Electronics,Female,Tier-3,1
6.96,99.0,92.8,4,0,11,8,3,2,0.2,7,Mechanical,Male,Tier-2,0
9.46,68.6,54.2,1,0,10,5,7,3,0.6,4,Civil,Female,Tier-3,0
9.34,81.9,79.0,0,0,8,1,4,6,0.9,8,Civil,Male,Tier-2,1
9.86,62.4,82.9,0,2,5,6,2,3,3.0,7,Civil,Male,Tier-2,0
8.99,60.6,70.3,0,0,9,0,0,2,0.6,1,Electrical,Male,Tier-3,0
8.45,80.0,78.6,5,0,10,9,0,3,2.7,7,Mechanical,Female,Tier-2,0
6.75,82.9,70.3,0,0,7,0,4,3,3.8,4,Computer Science,Male,Tier-3,0
8.82,71.2,80.8,0,0,11,7,7,5,2.8,5,Civil,Female,Tier-3,0
9.1,64.4,78.3,0,2,13,4,8,4,1.4,5,Electronics,Male,Tier-2,1
8.31,68.6,99.0,0,1,14,10,1,2,0.1,6,Computer Science,Male,Tier-3,1
7.98,88.7,57.1,3,2,11,9,4,2,0.9,5,Mechanical,Male,Tier-2,0
9.55,88.8,77.6,1,2,14,8,3,5,1.4,8,Mechanical,Female,Tier-3,1
7.41,85.7,69.5,0,2,2,5,2,0,3.1,4,Electronics,Female,Tier-3,0
9.17,73.4,76.6,0,0,9,0,7,4,1.5,2,Electronics,Female,Tier-3,0
8.66,65.1,73.2,1,0,2,5,1,6,0.8,8,Electronics,Male,Tier-2,0
9.82,93.8,70.5,0,1,6,0,1,6,0.2,8,Information Technology,Male,Tier-2,1
9.3,97.7,68.2,0,1,14,4,4,3,0.6,8,Information Technology,Female,Tier-3,1
8.37,71.7,84.3,0,1,8,2,0,0,1.0,6,Civil,Male,Tier-2,0
8.92,76.1,70.1,0,0,2,9,6,4,0.4,5,Computer Science,Male,Tier-3,1
9.64,60.4,74.7,0,3,6,9,8,3,0.6,6,Electronics,Male,Tier-2,1
7.98,84.4,77.4,0,0,5,8,1,6,0.0,5,Computer Science,Male,Tier-2,1
8.23,99.0,65.6,0,0,15,0,0,4,2.1,4,Computer Science,Female,Tier-3,1
8.26,89.3,82.9,0,1,7,5,8,1,0.0,7,Information Technology,Female,Tier-3,1
9.77,99.0,62.5,0,0,10,2,1,3,0.5,2,Computer Science,Male,Tier-2,1
8.0,73.3,81.4,0,0,13,8,8,4,0.7,5,Civil,Female,Tier-2,0
9.57,62.3,80.2,0,0,5,1,7,4,3.6,1,Electrical,Male,Tier-2,1
8.75,96.1,73.3,0,0,14,10,6,0,2.7,8,Computer Science,Male,Tier-2,1
8.27,80.1,60.8,0,0,14,6,0,4,1.0,5,Electrical,Female,Tier-3,0
8.72,67.3,75.1,0,0,15,8,3,1,0.9,4,Computer Science,Female,Tier-2,1
6.72,99.0,61.6,0,1,15,2,6,1,0.5,4,Computer Science,Female,Tier-2,1
9.15,70.7,73.5,0,1,3,2,5,4,0.0,8,Mechanical,Female,Tier-1,1
6.65,64.6,85.3,0,1,6,2,0,3,0.3,1,Electronics,Male,Tier-3,0
9.54,85.2,74.8,0,1,7,0,6,0,1.9,7,Electronics,Male,Tier-2,1
9.17,62.4,91.3,0,0,1,8,1,3,1.0,2,Computer Science,Male,Tier-2,1
9.03,90.3,78.8,0,0,8,8,7,4,1.7,1,Chemical,Female,Tier-3,0
9.92,64.2,85.1,0,2,8,5,1,1,1.8,6,Civil,Male,Tier-3,0
9.18,81.0,84.3,5,1,13,8,3,2,0.1,5,Chemical,Male,Tier-1,1
8.66,81.8,93.3,0,0,4,8,5,0,0.4,4,Computer Science,Male,Tier-2,1
7.56,81.2,58.0,0,3,14,0,7,6,1.1,2,Electronics,Female,Tier-2,1
8.65,62.5,68.2,0,1,14,2,2,3,1.9,8,Mechanical,Male,Tier-2,0
7.84,75.7,75.4,1,0,8,2,5,1,1.6,5,Civil,Male,Tier-1,0
7.46,94.5,85.4,1,3,3,0,5,3,0.5,1,Civil,Male,Tier-2,0
8.66,75.6,77.2,0,0,13,5,0,4,2.7,7,Electronics,Male,Tier-3,1
7.78,64.2,74.9,0,4,15,3,5,5,0.4,6,Computer Science,Male,Tier-2,1
8.81,72.7,88.4,0,0,5,7,0,3,0.5,5,Chemical,Male,Tier-3,0
9.74,62.9,70.6,0,0,3,5,8,0,0.2,1,Computer Science,Male,Tier-3,1
8.46,51.8,70.0,2,1,2,3,3,2,0.3,7,Computer Science,Female,Tier-3,1
9.9,75.9,81.8,0,0,5,4,4,2,0.0,3,Civil,Female,Tier-3,0
8.68,79.2,99.0,0,0,8,1,0,4,0.4,3,Computer Science,Female,Tier-3,0
9.36,86.4,74.7,1,1,9,9,0,0,0.4,4,Computer Science,Female,Tier-1,1
8.09,83.6,66.6,0,0,5,0,8,2,0.1,7,Computer Science,Female,Tier-2,1
7.55,85.4,67.6,0,2,3,6,5,1,0.4,7,Computer Science,Male,Tier-3,0
9.92,77.5,70.2,0,1,12,9,5,3,0.4,2,Mechanical,Male,Tier-2,1
9.32,99.0,92.2,0,2,3,2,4,4,1.6,4,Information Technology,Male,Tier-1,1
9.16,67.9,70.2,0,1,8,2,5,1,0.2,8,Computer Science,Male,Tier-3,1
7.74,74.2,79.0,0,1,3,5,7,4,1.3,5,Information Technology,Male,Tier-2,1
7.79,97.9,73.8,0,0,9,2,6,0,0.1,6,Mechanical,Male,Tier-1,1
8.39,73.3,57.9,0,1,10,6,6,4,0.7,3,Electronics,Female,Tier-2,0
9.65,76.7,70.7,0,0,15,6,8,6,1.3,4,Electronics,Male,Tier-3,1
7.59,82.9,42.8,0,0,1,4,8,2,0.9,1,Computer Science,Male,Tier-3,1
7.37,92.0,77.3,0,0,15,0,8,0,1.0,2,Electronics,Female,Tier-3,0
8.57,79.7,81.4,1,0,1,8,0,5,0.2,3,Electronics,Male,Tier-2,0
9.69,67.4,64.0,1,0,5,1,5,4,1.8,2,Electronics,Female,Tier-2,0
9.43,73.1,68.0,0,1,4,3,4,1,3.0,2,Electronics,Male,Tier-1,1
9.62,84.5,57.6,0,0,3,9,7,0,0.2,3,Computer Science,Male,Tier-2,1
7.82,74.5,46.2,0,0,1,9,7,5,2.2,1,Electrical,Male,Tier-1,1
8.84,72.4,55.4,0,2,7,1,7,5,0.5,7,Information Technology,Female,Tier-3,1
8.33,66.8,83.5,1,1,1,0,4,0,1.2,8,Mechanical,Male,Tier-3,0
9.44,92.3,70.9,1,2,6,0,0,4,0.7,7,Information Technology,Male,Tier-3,1
9.63,76.5,77.7,2,2,10,0,3,4,1.6,6,Information Technology,Female,Tier-3,1
9.4,76.6,99.0,1,0,2,6,6,6,0.0,1,Mechanical,Male,Tier-2,0
9.45,86.2,88.0,0,3,14,10,1,5,0.4,7,Information Technology,Male,Tier-2,1
9.58,61.7,82.0,0,0,4,8,6,0,0.0,8,Mechanical,Female,Tier-1,1
8.2,78.5,68.7,1,2,8,0,4,3,2.8,1,Information Technology,Female,Tier-2,1
9.15,96.1,95.3,1,1,3,9,5,3,0.2,2,Information Technology,Male,Tier-2,1
8.05,77.2,91.1,1,1,9,5,5,2,0.6,7,Computer Science,Female,Tier-2,1
8.75,80.6,86.6,0,1,5,10,4,0,1.0,1,Information Technology,Female,Tier-3,1
9.14,80.4,74.9,0,2,6,4,6,6,0.6,5,Computer Science,Female,Tier-3,1
8.59,90.7,63.0,0,1,2,2,3,3,0.8,6,Computer Science,Male,Tier-2,1
9.06,80.4,94.7,0,1,1,1,0,6,0.2,5,Civil,Female,Tier-2,0
8.18,99.0,86.3,0,0,5,1,8,1,0.1,1,Information Technology,Female,Tier-2,0
8.6,80.8,72.4,3,1,1,1,6,0,0.3,8,Electronics,Female,Tier-2,0
8.13,72.8,71.4,1,0,4,6,8,3,0.4,1,Electronics,Female,Tier-3,0
8.36,96.1,59.1,0,1,8,3,8,6,0.5,3,Mechanical,Male,Tier-1,1
7.43,75.5,84.9,0,1,14,6,6,4,0.4,8,Mechanical,Male,Tier-3,0
8.5,70.8,77.2,0,0,12,9,1,1,0.0,8,Information Technology,Female,Tier-2,1
8.9,63.7,80.2,0,1,13,0,1,2,0.1,3,Computer Science,Male,Tier-3,1
7.09,83.7,87.1,0,1,2,9,3,3,1.1,4,Computer Science,Female,Tier-2,1
9.78,72.5,84.4,0,3,6,3,8,4,0.1,2,Information Technology,Female,Tier-2,1
9.64,68.7,63.6,1,0,12,8,6,1,0.0,2,Electronics,Male,Tier-3,0
9.62,71.2,75.3,0,3,10,6,8,1,1.7,3,Mechanical,Male,Tier-2,1
9.6,73.6,80.4,0,3,13,9,3,2,0.0,5,Electrical,Male,Tier-2,1
8.18,88.0,81.3,0,2,14,5,8,5,0.1,4,Information Technology,Male,Tier-1,1
8.2,83.8,54.3,2,2,15,6,6,6,0.8,3,Computer Science,Female,Tier-2,1
7.91,76.3,61.9,1,1,5,1,7,5,0.6,8,Electronics,Male,Tier-1,1
9.14,84.7,83.5,3,0,1,0,0,4,3.3,6,Computer Science,Female,Tier-2,0
9.63,76.7,83.3,0,1,8,9,8,3,2.8,6,Computer Science,Female,Tier-2,1
7.66,80.5,95.9,0,1,5,8,7,0,1.1,7,Electronics,Male,Tier-2,0
9.25,70.0,54.8,2,3,9,1,0,1,0.1,4,Electrical,Male,Tier-2,0
9.03,70.1,86.7,0,1,2,1,7,3,0.7,2,Computer Science,Male,Tier-3,1
8.56,79.8,79.9,0,1,15,2,4,0,0.0,8,Information Technology,Male,Tier-2,1
7.95,79.8,61.3,0,1,6,2,2,5,2.4,6,Electronics,Female,Tier-3,0
8.65,90.1,52.0,1,0,7,2,7,3,1.1,2,Chemical,Female,Tier-2,0
8.37,84.0,87.2,1,0,1,3,2,3,0.9,6,Mechanical,Female,Tier-3,0
9.22,72.1,62.2,0,1,14,10,7,1,0.6,2,Information Technology,Male,Tier-2,1
9.0,62.6,57.9,0,0,10,0,4,1,0.7,5,Information Technology,Male,Tier-3,0
9.46,88.6,80.9,1,0,4,10,7,3,0.5,3,Electronics,Male,Tier-3,0
9.06,82.0,74.9,0,1,2,0,2,3,0.1,8,Information Technology,Female,Tier-1,1
6.98,89.6,82.5,0,1,7,3,5,5,1.1,6,Mechanical,Female,Tier-1,1
9.5,83.5,80.6,0,1,3,0,5,2,5.0,6,Electronics,Female,Tier-3,0
8.32,99.0,99.0,0,2,9,3,3,0,0.1,6,Computer Science,Male,Tier-2,1
9.37,75.4,84.4,0,0,8,1,4,4,5.0,7,Computer Science,Male,Tier-2,1
8.38,78.5,83.6,0,0,12,6,6,4,2.3,4,Computer Science,Male,Tier-2,1
9.51,87.5,63.5,0,1,10,5,0,2,2.2,7,Mechanical,Female,Tier-1,1
9.31,88.4,95.3,1,2,13,1,7,5,1.8,3,Chemical,Male,Tier-2,0
9.04,81.9,68.4,0,1,7,1,2,3,2.6,2,Electronics,Female,Tier-2,1
7.94,58.9,63.2,1,0,8,0,6,3,0.3,8,Computer Science,Female,Tier-3,1
8.2,56.8,72.3,0,1,1,3,8,2,0.6,2,Mechanical,Male,Tier-1,0
9.1,73.4,80.7,0,2,10,1,1,4,0.7,3,Mechanical,Female,Tier-1,1
9.15,78.3,69.0,0,0,12,4,6,1,0.1,1,Mechanical,Male,Tier-3,0
9.2,55.6,63.6,0,0,6,3,0,1,4.0,1,Mechanical,Male,Tier-3,0
8.37,77.6,63.3,0,1,7,0,4,5,1.2,3,Mechanical,Male,Tier-2,0
9.79,85.8,77.7,0,0,7,4,6,3,0.6,2,Mechanical,Male,Tier-2,1
6.82,77.3,82.3,5,1,13,4,4,0,4.9,6,Civil,Male,Tier-3,0
7.23,81.5,83.4,0,0,14,4,4,4,0.3,8,Electrical,Male,Tier-2,0
9.1,85.1,54.8,0,0,9,1,5,6,0.4,4,Computer Science,Female,Tier-2,0
9.87,58.8,64.2,0,0,7,3,5,0,0.2,1,Mechanical,Male,Tier-2,0
9.59,85.8,87.1,0,0,12,4,1,3,0.2,6,Chemical,Female,Tier-2,0
9.72,69.2,69.5,0,0,7,10,8,5,0.2,7,Mechanical,Female,Tier-3,1
9.69,75.1,77.6,0,2,13,10,2,5,0.9,6,Computer Science,Female,Tier-2,1
9.42,70.1,99.0,0,0,6,5,0,4,0.3,6,Mechanical,Female,Tier-3,0
9.04,90.9,45.7,0,1,3,6,0,1,3.0,3,Information Technology,Female,Tier-3,1
9.61,63.9,73.3,0,2,13,9,8,5,1.7,5,Computer Science,Female,Tier-2,1
7.2,94.6,84.2,0,0,6,10,5,6,0.2,3,Computer Science,Male,Tier-1,1
7.43,99.0,62.2,0,0,9,2,6,1,1.8,2,Chemical,Male,Tier-3,0
8.83,59.4,73.2,0,1,11,2,1,5,0.4,7,Mechanical,Male,Tier-3,0
8.46,71.0,59.4,0,0,10,9,0,0,0.3,8,Chemical,Female,Tier-3,0
7.84,85.3,82.5,0,1,3,1,1,4,1.5,8,Civil,Male,Tier-3,0
9.83,66.1,66.3,0,2,3,8,2,5,1.9,8,Electrical,Female,Tier-3,1
9.04,74.7,69.4,0,0,11,0,2,6,3.2,8,Electronics,Male,Tier-1,1
8.26,80.1,86.7,0,1,7,2,7,3,0.5,3,Information Technology,Female,Tier-3,1
7.83,69.4,82.2,1,3,7,2,3,2,0.8,1,Mechanical,Male,Tier-2,0
8.6,79.0,87.7,0,0,5,7,0,5,1.0,1,Computer Science,Male,Tier-3,0
7.77,89.4,97.8,0,0,8,5,1,5,1.0,8,Mechanical,Female,Tier-2,1
8.91,77.1,76.0,0,1,8,2,8,5,0.5,6,Chemical,Female,Tier-2,1
8.81,65.5,99.0,3,3,11,0,1,5,0.2,3,Civil,Female,Tier-2,0
9.24,92.0,77.5,3,0,11,2,8,2,0.1,6,Computer Science,Male,Tier-2,0
9.52,94.7,92.1,0,0,15,3,4,6,2.4,4,Computer Science,Female,Tier-2,1
7.55,82.4,74.6,0,0,2,0,3,6,0.5,3,Civil,Female,Tier-2,0
8.5,66.2,85.9,0,0,11,2,3,2,0.2,4,Computer Science,Male,Tier-2,1
8.14,67.5,69.5,0,0,6,3,2,5,4.1,7,Chemical,Male,Tier-1,1
6.55,49.6,92.4,0,0,5,6,1,3,1.6,8,Electronics,Male,Tier-2,0
8.18,70.9,90.0,0,1,4,3,7,6,4.0,1,Electrical,Female,Tier-2,0
9.0,90.8,72.2,0,3,7,0,5,2,0.3,7,Civil,Female,Tier-3,1
8.99,69.8,77.0,0,2,4,8,8,6,0.6,5,Mechanical,Male,Tier-3,0
8.82,66.5,62.7,0,2,5,5,1,0,1.7,4,Computer Science,Male,Tier-2,1
9.54,90.3,87.1,2,0,8,8,0,1,0.8,3,Computer Science,Female,Tier-3,1
9.71,91.8,85.9,0,0,5,6,7,2,0.4,2,Mechanical,Male,Tier-3,0
9.28,71.6,59.0,0,1,11,3,7,1,0.2,2,Computer Science,Female,Tier-2,1
7.44,84.1,99.0,0,1,13,0,4,5,0.8,3,Civil,Male,Tier-2,1
7.45,67.6,80.2,0,1,11,6,1,5,0.9,1,Computer Science,Male,Tier-1,1
9.59,73.9,72.0,1,0,9,8,4,0,1.3,8,Electronics,Male,Tier-1,1
9.03,56.2,90.6,0,1,10,5,7,4,1.6,1,Information Technology,Male,Tier-2,1
8.26,82.3,68.2,0,0,2,0,3,6,0.1,1,Electrical,Female,Tier-3,0
9.77,76.8,92.0,0,1,2,8,1,5,1.0,3,Electrical,Male,Tier-3,0
9.89,69.9,59.7,0,0,15,6,2,4,1.5,2,Mechanical,Male,Tier-3,0
8.31,76.9,72.1,0,2,9,0,2,3,0.5,8,Mechanical,Female,Tier-2,0
8.32,75.4,73.9,0,0,2,3,8,1,0.3,5,Mechanical,Male,Tier-2,0
6.95,68.1,67.9,0,3,3,4,2,3,0.7,2,Mechanical,Male,Tier-1,1
9.53,82.8,65.4,0,2,6,1,0,2,0.4,1,Chemical,Female,Tier-3,0
8.41,74.4,68.7,0,1,4,2,6,3,0.7,3,Mechanical,Male,Tier-1,1
9.56,76.4,68.1,0,4,8,1,0,5,0.4,3,Chemical,Male,Tier-3,0
8.21,60.5,68.9,0,0,8,3,5,0,0.5,5,Electronics,Male,Tier-2,1
7.06,76.5,93.6,0,1,2,6,3,3,2.5,2,Chemical,Male,Tier-3,0
8.64,75.8,80.6,0,2,15,4,6,5,2.5,1,Mechanical,Male,Tier-2,1
9.8,68.1,73.9,2,0,2,6,6,2,4.9,8,Electrical,Female,Tier-2,1
8.36,84.4,84.9,0,1,3,0,6,2,0.7,5,Computer Science,Male,Tier-2,1
9.38,52.7,73.8,0,0,14,2,5,0,0.2,8,Mechanical,Female,Tier-2,0
8.78,72.2,64.7,0,1,11,1,6,1,2.2,1,Chemical,Male,Tier-3,0
8.13,81.7,54.1,0,2,2,0,7,4,0.9,8,Computer Science,Male,Tier-2,1
8.51,99.0,87.9,0,1,5,4,2,0,1.4,2,Chemical,Male,Tier-1,1
7.71,61.6,46.1,0,0,1,2,4,4,0.2,5,Computer Science,Male,Tier-1,1
9.32,79.1,55.4,0,3,7,7,8,0,0.4,1,Chemical,Male,Tier-3,0
9.58,84.6,81.6,0,0,8,4,7,0,0.3,4,Information Technology,Female,Tier-2,1
9.57,78.8,74.8,0,2,12,4,5,3,0.8,3,Civil,Male,Tier-1,1
9.71,63.2,94.0,0,3,4,6,8,3,5.0,2,Computer Science,Female,Tier-1,1
8.01,72.2,66.6,1,2,7,7,4,3,0.9,3,Information Technology,Male,Tier-1,1
8.83,48.7,85.0,0,1,9,0,1,0,0.9,7,Electronics,Female,Tier-2,1
7.64,78.0,72.7,0,1,7,4,8,3,1.4,1,Computer Science,Male,Tier-1,1
9.83,61.0,82.1,0,1,2,8,4,5,0.4,5,Civil,Male,Tier-1,1
8.18,83.5,77.2,0,1,2,10,7,0,0.3,1,Mechanical,Female,Tier-3,0
9.67,70.2,81.6,0,0,10,8,7,3,1.8,7,Chemical,Male,Tier-2,1
7.05,69.0,77.8,1,0,10,6,3,4,3.2,6,Electronics,Male,Tier-2,1
8.44,80.0,78.8,0,1,10,3,3,1,0.5,4,Civil,Male,Tier-3,0
7.23,81.1,60.8,0,1,6,1,0,3,0.0,4,Computer Science,Male,Tier-3,0
9.65,88.5,76.0,0,1,8,4,4,2,0.2,8,Computer Science,Female,Tier-1,1
8.45,74.9,82.8,0,1,12,3,8,5,1.9,2,Electronics,Male,Tier-2,1
9.23,76.7,74.3,0,1,10,0,4,1,0.1,7,Chemical,Female,Tier-3,0
8.83,61.4,73.7,0,1,11,6,4,2,1.4,3,Information Technology,Female,Tier-3,1
7.47,95.4,50.5,0,0,13,2,5,1,1.0,6,Computer Science,Male,Tier-3,0
8.2,66.8,94.9,0,0,10,5,5,3,1.3,1,Information Technology,Male,Tier-2,1
8.96,86.7,57.2,0,0,14,4,7,6,0.3,6,Mechanical,Female,Tier-1,1
6.86,86.8,67.0,0,1,11,3,0,4,0.0,7,Civil,Male,Tier-3,0
8.97,82.8,64.8,0,0,12,2,4,3,0.0,8,Civil,Male,Tier-2,0
6.96,75.2,78.9,0,1,3,8,8,5,1.3,4,Computer Science,Female,Tier-1,1
9.29,73.6,79.4,0,0,1,4,2,6,1.0,8,Civil,Female,Tier-2,0
9.04,77.2,83.6,0,0,1,9,6,0,1.8,5,Computer Science,Female,Tier-3,1
9.59,55.2,84.1,0,1,11,6,6,6,0.5,1,Chemical,Male,Tier-3,0
6.95,77.7,97.4,0,0,2,3,2,6,0.8,2,Information Technology,Male,Tier-3,0
9.84,95.8,71.0,0,1,10,0,6,2,1.5,8,Mechanical,Male,Tier-2,0
6.84,75.3,64.2,0,2,6,1,2,1,0.7,5,Electronics,Male,Tier-3,0
9.14,77.6,71.9,0,1,2,9,5,4,5.0,3,Computer Science,Male,Tier-3,1
6.94,65.7,60.6,0,1,6,4,7,2,1.4,2,Mechanical,Female,Tier-3,0
8.15,80.2,70.5,0,1,11,7,7,4,1.1,3,Computer Science,Male,Tier-1,1
7.09,68.7,54.8,0,0,1,7,5,2,1.6,3,Electronics,Male,Tier-1,0
7.73,88.2,64.1,0,1,9,7,1,3,1.5,4,Computer Science,Male,Tier-2,1
8.98,91.7,53.1,0,0,12,8,0,6,0.2,7,Electronics,Female,Tier-2,1
9.22,94.3,90.7,0,0,15,1,2,5,0.2,8,Electronics,Female,Tier-3,0
8.22,60.7,76.4,0,0,14,3,2,0,0.9,6,Electrical,Female,Tier-2,0
9.56,86.7,99.0,0,1,7,10,6,2,0.6,7,Chemical,Female,Tier-1,1
7.54,85.8,89.4,0,1,1,9,3,6,2.1,8,Mechanical,Male,Tier-2,1
7.62,73.0,90.7,0,2,9,5,1,4,0.3,3,Computer Science,Female,Tier-2,1
7.3,92.3,73.2,0,1,13,5,1,3,0.4,5,Electronics,Male,Tier-2,1
8.78,83.0,81.4,1,0,9,4,6,6,0.2,5,Computer Science,Male,Tier-1,1
7.02,94.5,63.3,0,1,11,1,7,1,4.0,7,Civil,Female,Tier-1,1
8.68,62.8,68.1,2,1,14,7,4,1,0.1,5,Computer Science,Male,Tier-3,1
9.6,69.4,75.2,1,0,10,0,1,5,4.1,6,Civil,Female,Tier-3,0
8.67,79.1,52.4,1,0,11,0,2,3,1.2,1,Information Technology,Male,Tier-3,0
7.03,92.1,68.4,1,1,6,0,0,6,0.1,6,Information Technology,Male,Tier-3,1
9.22,83.5,85.3,0,1,2,8,3,5,0.2,4,Computer Science,Female,Tier-3,1
9.28,66.6,68.6,0,1,2,4,6,6,0.4,6,Mechanical,Female,Tier-2,1
8.51,99.0,65.4,0,1,12,1,8,1,0.3,4,Information Technology,Female,Tier-2,1
8.14,74.5,70.0,0,0,14,10,2,4,3.6,5,Computer Science,Male,Tier-3,1
9.36,67.0,84.7,0,0,8,0,3,5,1.0,8,Information Technology,Male,Tier-2,0
9.87,68.7,79.7,1,2,9,3,5,0,0.1,1,Electrical,Male,Tier-1,1
8.78,62.0,72.1,0,0,4,10,0,5,0.7,8,Computer Science,Female,Tier-1,1
7.86,51.0,75.2,0,0,2,1,4,6,2.3,6,Mechanical,Female,Tier-2,0
8.03,76.6,86.1,0,1,15,2,4,3,0.5,3,Electronics,Female,Tier-1,1
8.76,59.3,92.0,0,1,5,1,8,0,1.1,3,Electronics,Female,Tier-3,0
9.22,81.8,68.8,0,1,13,7,8,0,1.5,3,Information Technology,Male,Tier-2,1
7.43,89.8,73.9,0,1,7,2,0,3,0.2,4,Electronics,Male,Tier-2,0
9.08,82.5,91.2,1,3,14,1,2,2,1.9,3,Mechanical,Male,Tier-1,1
9.07,78.5,81.8,0,0,4,5,3,4,0.6,1,Electronics,Male,Tier-2,0
8.35,59.5,56.8,0,1,12,6,0,3,0.1,1,Information Technology,Male,Tier-3,1
8.8,88.2,63.4,0,1,9,8,8,4,2.1,6,Information Technology,Male,Tier-2,1
8.71,99.0,63.8,1,0,12,10,1,6,0.8,8,Electronics,Female,Tier-3,1
7.92,94.9,69.6,0,1,15,9,4,0,0.2,6,Electronics,Male,Tier-2,1
7.76,62.0,79.8,0,1,4,3,2,0,0.4,3,Information Technology,Male,Tier-2,0
8.12,77.1,99.0,2,1,8,4,3,2,0.8,4,Electrical,Male,Tier-3,0
9.67,74.6,73.9,0,2,3,10,3,0,0.5,2,Chemical,Male,Tier-2,0
7.83,73.2,83.6,0,1,12,5,1,3,0.3,5,Computer Science,Male,Tier-3,1
8.75,78.3,89.7,0,1,14,2,1,6,0.7,3,Mechanical,Female,Tier-1,1
8.84,99.0,94.3,0,2,12,2,7,4,0.2,7,Computer Science,Female,Tier-2,1
9.97,79.3,89.8,1,1,6,2,1,2,0.3,3,Electronics,Female,Tier-2,0
9.46,72.7,65.3,0,1,15,4,6,5,1.8,6,Information Technology,Female,Tier-3,1
9.1,81.6,56.1,1,1,6,10,0,3,0.3,7,Computer Science,Male,Tier-3,1
8.64,62.2,66.8,0,1,3,5,0,4,1.2,5,Information Technology,Male,Tier-3,1
8.99,69.4,77.2,0,1,2,8,2,4,0.3,7,Computer Science,Female,Tier-3,1
8.86,89.8,65.3,0,0,6,8,2,1,0.2,2,Computer Science,Male,Tier-2,1
8.42,80.3,53.9,0,2,7,4,8,1,0.3,6,Electronics,Male,Tier-2,1
8.68,99.0,59.2,0,0,7,7,1,3,0.6,3,Civil,Male,Tier-1,0
9.37,81.2,99.0,0,1,10,6,3,2,0.2,3,Mechanical,Male,Tier-2,1
7.38,63.1,72.1,0,0,11,3,2,4,0.1,2,Electronics,Male,Tier-1,0
8.14,59.0,98.4,1,1,1,0,6,4,1.4,5,Information Technology,Female,Tier-1,1
9.66,90.0,71.9,0,3,12,2,5,3,0.0,1,Electronics,Male,Tier-2,1
9.16,65.5,85.3,0,2,6,10,8,2,0.5,7,Computer Science,Female,Tier-3,1
9.03,64.4,73.1,0,1,9,9,7,5,0.5,3,Chemical,Female,Tier-3,0
8.99,71.8,75.1,0,1,13,4,1,0,2.2,3,Information Technology,Male,Tier-3,1
7.48,90.0,85.1,0,1,9,9,2,5,1.5,6,Electrical,Male,Tier-3,0
9.21,73.6,69.8,0,0,15,2,0,2,0.7,8,Mechanical,Female,Tier-2,1
8.11,67.9,59.5,2,0,12,10,7,0,0.7,4,Electronics,Male,Tier-2,0
8.97,92.6,64.5,1,1,2,3,1,6,0.8,2,Electronics,Male,Tier-2,0
8.24,90.5,64.5,0,3,4,8,3,6,0.4,3,Information Technology,Female,Tier-1,1
9.85,98.0,76.1,1,1,6,8,1,4,1.2,4,Mechanical,Male,Tier-1,1
7.4,94.2,50.4,0,1,4,10,1,1,1.2,6,Chemical,Male,Tier-1,0
8.12,90.7,79.0,1,2,12,8,2,1,0.9,6,Civil,Male,Tier-3,0
9.51,69.0,91.5,0,1,9,8,4,6,0.1,1,Information Technology,Female,Tier-2,1
8.6,85.9,68.4,0,0,15,0,7,3,0.1,2,Electronics,Male,Tier-2,1
8.6,92.6,66.5,5,0,2,8,1,6,0.0,7,Electronics,Male,Tier-2,0
9.32,99.0,99.0,0,0,10,10,4,5,1.3,1,Information Technology,Male,Tier-3,0
8.52,80.1,94.1,0,1,6,10,3,2,0.6,4,Civil,Male,Tier-3,0
8.18,72.1,80.6,0,0,1,1,2,2,3.1,6,Mechanical,Male,Tier-2,1
8.27,67.4,65.3,0,1,9,7,5,0,3.0,5,Electronics,Male,Tier-2,1
7.66,89.8,82.6,0,2,1,8,8,6,1.6,6,Electronics,Female,Tier-2,1
9.45,70.0,61.9,0,0,13,7,7,3,0.6,2,Computer Science,Male,Tier-3,1
9.45,79.3,57.8,5,0,13,8,1,2,0.4,5,Mechanical,Male,Tier-2,0
8.59,67.4,80.9,0,1,12,4,0,3,0.2,4,Computer Science,Male,Tier-2,1
8.11,76.1,68.8,0,0,14,9,7,0,0.3,2,Computer Science,Female,Tier-2,1
9.62,83.3,48.7,0,1,8,6,4,5,4.6,3,Computer Science,Female,Tier-3,1
9.01,81.2,82.6,0,1,13,10,1,4,0.8,8,Mechanical,Male,Tier-1,1
9.65,86.9,94.0,0,1,15,2,0,3,0.0,4,Information Technology,Male,Tier-2,1
8.32,61.5,83.6,1,2,9,3,7,1,0.0,6,Computer Science,Male,Tier-2,1
8.99,76.6,68.5,0,0,1,3,7,4,0.6,4,Computer Science,Female,Tier-2,1
9.4,72.4,47.2,0,0,1,9,5,2,0.6,1,Electronics,Male,Tier-2,0
9.82,66.2,76.9,0,2,10,3,4,5,0.5,5,Electrical,Male,Tier-1,1
7.48,69.0,66.5,1,0,14,10,4,0,1.7,8,Information Technology,Male,Tier-3,1
9.97,67.3,63.3,0,0,7,7,5,0,1.2,6,Mechanical,Female,Tier-1,1
9.85,82.2,49.7,0,3,10,1,4,1,0.1,7,Civil,Female,Tier-1,1
8.99,82.8,99.0,1,0,5,1,1,3,0.5,6,Electronics,Male,Tier-2,1
9.07,88.5,60.7,0,0,15,4,6,1,0.9,2,Computer Science,Female,Tier-3,0
8.17,81.9,51.3,2,1,11,5,3,3,0.5,6,Civil,Female,Tier-2,0
9.19,79.9,97.0,1,0,3,3,6,1,0.2,8,Electrical,Male,Tier-2,1
7.73,78.9,75.4,0,1,9,6,0,1,1.0,8,Computer Science,Male,Tier-3,1
8.75,86.1,73.4,0,1,2,9,5,0,0.9,2,Computer Science,Male,Tier-3,1
8.98,52.7,79.0,0,1,6,3,1,3,3.7,3,Computer Science,Male,Tier-3,1
9.46,77.3,80.7,5,0,4,7,2,1,0.8,2,Computer Science,Male,Tier-2,0
8.6,81.8,77.8,0,2,5,1,2,5,2.1,3,Electronics,Female,Tier-3,0
7.63,99.0,55.4,0,0,2,9,0,5,3.0,2,Computer Science,Male,Tier-2,1
9.87,64.7,54.4,0,1,1,3,4,2,0.6,7,Computer Science,Male,Tier-2,1
9.13,64.2,65.5,0,3,9,10,7,5,0.1,6,Information Technology,Male,Tier-3,1
8.59,50.7,68.4,0,1,3,6,7,6,0.2,1,Mechanical,Female,Tier-3,0
9.08,61.3,70.3,0,0,6,4,6,5,0.7,8,Electrical,Male,Tier-3,0
9.68,76.2,78.0,0,0,15,9,6,5,2.2,6,Civil,Male,Tier-3,1
8.9,69.3,71.4,0,3,14,10,7,0,1.1,4,Computer Science,Female,Tier-2,1
8.37,69.1,66.2,0,1,9,1,7,0,0.2,2,Chemical,Female,Tier-3,0
9.15,78.3,80.1,0,2,15,2,4,0,1.2,4,Information Technology,Female,Tier-3,1
9.0,85.0,84.3,0,1,1,3,6,0,2.2,5,Information Technology,Female,Tier-2,1
8.82,78.2,64.5,0,0,12,4,1,1,0.0,4,Computer Science,Male,Tier-2,1
9.73,78.3,57.2,0,0,5,6,3,6,0.3,5,Electrical,Female,Tier-2,0
9.35,82.8,77.3,0,2,4,2,5,5,0.2,8,Electronics,Male,Tier-3,1
8.55,56.0,69.5,0,1,15,8,2,1,1.5,2,Electronics,Male,Tier-2,1
7.73,79.5,85.9,0,0,3,9,1,5,2.2,7,Computer Science,Female,Tier-3,1
8.49,77.1,62.2,3,1,2,2,0,0,0.8,8,Computer Science,Female,Tier-1,1
9.52,77.9,59.3,0,0,14,4,3,1,1.9,1,Mechanical,Female,Tier-3,0
8.36,71.0,66.8,1,0,3,4,1,1,1.1,1,Electronics,Male,Tier-3,0
8.33,75.5,81.8,0,1,14,6,2,3,1.1,4,Electronics,Female,Tier-3,1
9.39,82.8,70.4,0,0,1,5,5,2,0.9,1,Mechanical,Male,Tier-3,0
9.66,97.3,73.8,0,0,13,10,2,3,0.1,5,Computer Science,Male,Tier-1,1
6.87,57.7,68.6,0,1,1,2,2,4,2.8,1,Chemical,Male,Tier-1,0
7.49,84.9,88.2,0,1,13,0,3,3,0.4,1,Computer Science,Male,Tier-2,1
9.44,92.6,81.3,0,0,13,5,2,2,1.6,8,Information Technology,Male,Tier-3,1
8.06,62.8,55.2,0,0,8,10,5,2,1.7,6,Mechanical,Female,Tier-3,0
8.92,75.8,86.7,0,3,5,5,8,3,3.4,6,Electronics,Male,Tier-2,1
8.05,81.3,82.7,0,0,2,3,7,5,0.4,1,Computer Science,Male,Tier-2,1
9.43,99.0,89.1,0,0,3,1,1,6,5.0,3,Civil,Male,Tier-1,0
9.42,99.0,68.1,0,0,15,8,2,3,0.4,8,Chemical,Female,Tier-3,1
8.85,62.8,62.8,0,0,14,5,7,6,0.6,8,Electronics,Female,Tier-2,1
9.05,74.4,73.9,0,1,14,0,2,5,1.2,3,Information Technology,Female,Tier-2,1
8.4,80.4,77.1,0,2,2,7,4,4,0.2,4,Computer Science,Female,Tier-2,1
7.89,84.7,90.4,0,1,15,9,8,5,0.3,7,Computer Science,Female,Tier-1,1
9.15,80.4,83.3,0,1,10,6,1,0,1.3,6,Information Technology,Male,Tier-3,1
8.09,66.6,76.9,0,2,2,10,8,2,3.7,2,Computer Science,Female,Tier-2,1
8.89,66.1,73.3,0,0,4,10,4,0,1.3,6,Mechanical,Male,Tier-2,0
9.61,59.5,75.2,5,1,12,5,8,5,2.0,2,Computer Science,Female,Tier-1,1
7.96,53.8,69.9,5,1,4,10,3,4,0.0,5,Information Technology,Female,Tier-2,1
8.63,59.2,83.8,0,0,7,10,7,1,0.9,5,Information Technology,Male,Tier-2,1
9.42,91.9,56.1,0,1,2,0,7,1,2.5,4,Electrical,Female,Tier-2,0
9.46,86.5,75.1,0,1,9,9,2,5,1.1,7,Information Technology,Female,Tier-1,1
9.32,84.6,88.6,0,1,7,4,4,0,1.1,3,Electronics,Male,Tier-2,1
